ISO-10303-21;
HEADER;
FILE_DESCRIPTION (( 'STEP AP203' ),
    '1' );
FILE_NAME ('USB CONNECTOR.STEP',
    '2023-07-11T02:01:05',
    ( '' ),
    ( '' ),
    'SwSTEP 2.0',
    'SolidWorks 2017',
    '' );
FILE_SCHEMA (( 'CONFIG_CONTROL_DESIGN' ));
ENDSEC;

DATA;
#1 = ORIENTED_EDGE ( 'NONE', *, *, #756, .T. ) ;
#2 = DIRECTION ( 'NONE',  ( 1.000000000000000000, 2.628368902995162800E-015, 2.673649675311313200E-016 ) ) ;
#3 = DIRECTION ( 'NONE',  ( 0.0000000000000000000, 0.0000000000000000000, -1.000000000000000000 ) ) ;
#4 = EDGE_CURVE ( 'NONE', #301, #2446, #7980, .T. ) ;
#5 = ORIENTED_EDGE ( 'NONE', *, *, #942, .T. ) ;
#6 = CARTESIAN_POINT ( 'NONE',  ( -4.441028868163967600, 2.814368043255621300, 4.045652197861753200 ) ) ;
#7 = LINE ( 'NONE', #3279, #7156 ) ;
#8 = CARTESIAN_POINT ( 'NONE',  ( 2.388929022732411100, 2.433603000734847900, 3.472414607667895700 ) ) ;
#9 = CARTESIAN_POINT ( 'NONE',  ( 4.124742925103063000, -0.8999999999999998000, -4.275000000000001200 ) ) ;
#10 = VECTOR ( 'NONE', #8216, 1000.000000000000100 ) ;
#11 = EDGE_LOOP ( 'NONE', ( #6692, #5685, #2358, #1633 ) ) ;
#12 = LINE ( 'NONE', #5377, #3282 ) ;
#13 = ORIENTED_EDGE ( 'NONE', *, *, #7346, .T. ) ;
#14 = CARTESIAN_POINT ( 'NONE',  ( 0.0000000000000000000, 0.0000000000000000000, 6.775000000000000400 ) ) ;
#15 = LINE ( 'NONE', #8918, #1652 ) ;
#16 = VERTEX_POINT ( 'NONE', #8846 ) ;
#17 = DIRECTION ( 'NONE',  ( 0.05233595624294350200, 1.681353375347964400E-015, -0.9986295347545739400 ) ) ;
#18 = CARTESIAN_POINT ( 'NONE',  ( -13.67140971646411900, -2.806906743079764100, 3.066959884049314000 ) ) ;
#19 = LINE ( 'NONE', #8214, #5345 ) ;
#20 = VERTEX_POINT ( 'NONE', #2664 ) ;
#21 = FACE_OUTER_BOUND ( 'NONE', #793, .T. ) ;
#22 = ORIENTED_EDGE ( 'NONE', *, *, #8245, .F. ) ;
#23 = EDGE_CURVE ( 'NONE', #4863, #965, #3137, .T. ) ;
#24 = ORIENTED_EDGE ( 'NONE', *, *, #5730, .F. ) ;
#25 = ADVANCED_FACE ( 'NONE', ( #289 ), #1210, .F. ) ;
#26 =( BOUNDED_CURVE ( )  B_SPLINE_CURVE ( 3, ( #6515, #8668, #1768, #3164 ),
 .UNSPECIFIED., .F., .F. ) 
 B_SPLINE_CURVE_WITH_KNOTS ( ( 4, 4 ),
 ( 1.570796326794847000, 2.203548767338459100 ),
 .UNSPECIFIED. ) 
 CURVE ( )  GEOMETRIC_REPRESENTATION_ITEM ( )  RATIONAL_B_SPLINE_CURVE ( ( 1.000000000000000000, 0.9669127352965452000, 0.9669127352965452000, 1.000000000000000000 ) ) 
 REPRESENTATION_ITEM ( '' )  );
#28 = DIRECTION ( 'NONE',  ( -4.930380657631322700E-032, 1.484869283384553200E-047, -1.000000000000000000 ) ) ;
#27 = CARTESIAN_POINT ( 'NONE',  ( -1.950000000000001300, -1.879999999999999700, -0.7050000000000005200 ) ) ;
#29 = EDGE_LOOP ( 'NONE', ( #5818, #5417, #212, #4111 ) ) ;
#30 = CARTESIAN_POINT ( 'NONE',  ( 3.314742925103062500, 0.0000000000000000000, -4.275000000000001200 ) ) ;
#31 = LINE ( 'NONE', #7347, #788 ) ;
#32 = VECTOR ( 'NONE', #1732, 1000.000000000000000 ) ;
#33 = FACE_OUTER_BOUND ( 'NONE', #8423, .T. ) ;
#34 = ORIENTED_EDGE ( 'NONE', *, *, #1175, .F. ) ;
#35 = CARTESIAN_POINT ( 'NONE',  ( 6.589999999999999000, -0.7164469686209430400, 4.174999999999999800 ) ) ;
#36 = DIRECTION ( 'NONE',  ( 1.431289996680534200E-016, 0.0000000000000000000, 1.000000000000000000 ) ) ;
#37 = DIRECTION ( 'NONE',  ( 0.0000000000000000000, 0.0000000000000000000, 1.000000000000000000 ) ) ;
#38 = AXIS2_PLACEMENT_3D ( 'NONE', #2829, #2201, #7730 ) ;
#39 = EDGE_CURVE ( 'NONE', #3809, #106, #6719, .T. ) ;
#40 = CARTESIAN_POINT ( 'NONE',  ( -6.260000000000030000, -2.549999999999999800, 2.182855688459053800 ) ) ;
#41 = EDGE_LOOP ( 'NONE', ( #1414, #7997, #6343 ) ) ;
#42 = AXIS2_PLACEMENT_3D ( 'NONE', #3851, #1140, #5899 ) ;
#43 = CARTESIAN_POINT ( 'NONE',  ( -6.362222222222221100, 0.3033637248085074300, -3.524628749786099300 ) ) ;
#44 = VECTOR ( 'NONE', #7242, 999.9999999999998900 ) ;
#45 = ORIENTED_EDGE ( 'NONE', *, *, #7732, .F. ) ;
#46 = PLANE ( 'NONE',  #8042 ) ;
#47 = FACE_OUTER_BOUND ( 'NONE', #1936, .T. ) ;
#48 = CARTESIAN_POINT ( 'NONE',  ( -6.260000000000000700, -2.549999999999999800, -6.775000000000000400 ) ) ;
#49 = CARTESIAN_POINT ( 'NONE',  ( 3.314742925103062500, 1.050000000000000300, -4.275000000000001200 ) ) ;
#50 = VECTOR ( 'NONE', #1737, 1000.000000000000000 ) ;
#51 = EDGE_LOOP ( 'NONE', ( #74, #4887, #4333, #989 ) ) ;
#52 = LINE ( 'NONE', #2089, #2774 ) ;
#53 = DIRECTION ( 'NONE',  ( -1.000000000000000000, 0.0000000000000000000, 0.0000000000000000000 ) ) ;
#54 = CARTESIAN_POINT ( 'NONE',  ( -6.590000000000000700, -2.879999999999999900, 6.775000000000000400 ) ) ;
#55 = AXIS2_PLACEMENT_3D ( 'NONE', #6698, #3288, #2571 ) ;
#56 = EDGE_CURVE ( 'NONE', #2232, #385, #2469, .T. ) ;
#57 = EDGE_LOOP ( 'NONE', ( #4687, #879, #506, #6141 ) ) ;
#58 = PLANE ( 'NONE',  #8784 ) ;
#59 = LINE ( 'NONE', #3525, #1269 ) ;
#60 = DIRECTION ( 'NONE',  ( 1.000000000000000000, -2.628368902995162400E-015, -2.673649675311314200E-016 ) ) ;
#61 = DIRECTION ( 'NONE',  ( 0.0000000000000000000, -1.000000000000000000, 0.0000000000000000000 ) ) ;
#62 = CARTESIAN_POINT ( 'NONE',  ( 2.438031234763911000, -2.711462539230618400, 4.409340627110760000 ) ) ;
#63 = ADVANCED_FACE ( 'NONE', ( #4302 ), #6142, .F. ) ;
#64 = ORIENTED_EDGE ( 'NONE', *, *, #2911, .T. ) ;
#65 = VERTEX_POINT ( 'NONE', #583 ) ;
#66 = CARTESIAN_POINT ( 'NONE',  ( -7.628237703307986500, 2.404999999999999800, -8.281148335353792700 ) ) ;
#67 = ORIENTED_EDGE ( 'NONE', *, *, #6590, .F. ) ;
#68 = CARTESIAN_POINT ( 'NONE',  ( -6.371725516837170000, 0.6275661116552394600, -6.975274240940255900 ) ) ;
#69 = EDGE_CURVE ( 'NONE', #1542, #2895, #5938, .T. ) ;
#70 = AXIS2_PLACEMENT_3D ( 'NONE', #8079, #8787, #1181 ) ;
#71 = CARTESIAN_POINT ( 'NONE',  ( -4.909999999999998400, -2.879999999999999900, -0.7050000000000007400 ) ) ;
#72 = ORIENTED_EDGE ( 'NONE', *, *, #5529, .T. ) ;
#73 = ORIENTED_EDGE ( 'NONE', *, *, #5472, .F. ) ;
#74 = ORIENTED_EDGE ( 'NONE', *, *, #4915, .T. ) ;
#75 = VECTOR ( 'NONE', #3212, 1000.000000000000000 ) ;
#76 = ORIENTED_EDGE ( 'NONE', *, *, #2120, .F. ) ;
#77 = DIRECTION ( 'NONE',  ( 3.285461128743965800E-016, 1.000000000000000000, -2.062312011738056300E-017 ) ) ;
#79 = DIRECTION ( 'NONE',  ( 1.000000000000000000, -3.011672701348624000E-016, -0.0000000000000000000 ) ) ;
#78 = CARTESIAN_POINT ( 'NONE',  ( 6.159999999999998400, -2.449999999999999700, -5.775000000000000400 ) ) ;
#80 = ORIENTED_EDGE ( 'NONE', *, *, #4506, .F. ) ;
#81 = ORIENTED_EDGE ( 'NONE', *, *, #2233, .F. ) ;
#82 = EDGE_CURVE ( 'NONE', #6808, #8453, #8874, .T. ) ;
#83 = AXIS2_PLACEMENT_3D ( 'NONE', #4149, #1465, #691 ) ;
#84 = LINE ( 'NONE', #3362, #7229 ) ;
#85 = EDGE_CURVE ( 'NONE', #8133, #6580, #8430, .T. ) ;
#86 = DIRECTION ( 'NONE',  ( -0.0000000000000000000, 1.000000000000000000, -0.0000000000000000000 ) ) ;
#87 = ORIENTED_EDGE ( 'NONE', *, *, #1994, .F. ) ;
#88 = CARTESIAN_POINT ( 'NONE',  ( -4.860813622008678600, 2.549999999999999800, -0.5250000000000006900 ) ) ;
#89 = PLANE ( 'NONE',  #8552 ) ;
#90 = VERTEX_POINT ( 'NONE', #8975 ) ;
#91 = EDGE_LOOP ( 'NONE', ( #4987, #5874, #1392, #6069 ) ) ;
#92 = ORIENTED_EDGE ( 'NONE', *, *, #2550, .T. ) ;
#93 = VECTOR ( 'NONE', #2738, 1000.000000000000000 ) ;
#94 = VERTEX_POINT ( 'NONE', #429 ) ;
#95 = CARTESIAN_POINT ( 'NONE',  ( -6.371725516837170000, 2.404999999999999800, -7.022500000000000000 ) ) ;
#96 = AXIS2_PLACEMENT_3D ( 'NONE', #623, #4144, #713 ) ;
#97 = CARTESIAN_POINT ( 'NONE',  ( 7.628237703307986500, 0.7747068546877503600, -8.281148335353792700 ) ) ;
#98 = DIRECTION ( 'NONE',  ( -1.000000000000000000, -2.124908078801903100E-016, 0.0000000000000000000 ) ) ;
#99 = EDGE_LOOP ( 'NONE', ( #8218, #5352, #1226, #5744 ) ) ;
#100 = AXIS2_PLACEMENT_3D ( 'NONE', #2668, #6053, #4767 ) ;
#101 = DIRECTION ( 'NONE',  ( -1.000000000000000000, -3.011672701348624000E-016, 0.0000000000000000000 ) ) ;
#102 = DIRECTION ( 'NONE',  ( 2.124908078801903100E-016, -1.000000000000000000, -0.0000000000000000000 ) ) ;
#103 = ORIENTED_EDGE ( 'NONE', *, *, #1635, .T. ) ;
#104 = VECTOR ( 'NONE', #3638, 1000.000000000000000 ) ;
#105 = EDGE_CURVE ( 'NONE', #8453, #1099, #6331, .T. ) ;
#106 = VERTEX_POINT ( 'NONE', #1704 ) ;
#107 = DIRECTION ( 'NONE',  ( -2.168404344971007700E-015, 1.000000000000000000, 0.0000000000000000000 ) ) ;
#108 = ADVANCED_FACE ( 'NONE', ( #7023 ), #993, .F. ) ;
#109 = CYLINDRICAL_SURFACE ( 'NONE', #8508, 1.230000000000000200 ) ;
#110 = CARTESIAN_POINT ( 'NONE',  ( 6.539999999999999100, 0.6099088255744773400, -3.830697027045894200 ) ) ;
#111 = ORIENTED_EDGE ( 'NONE', *, *, #5587, .F. ) ;
#112 = EDGE_CURVE ( 'NONE', #965, #934, #2258, .T. ) ;
#113 = VECTOR ( 'NONE', #2101, 1000.000000000000000 ) ;
#114 = ORIENTED_EDGE ( 'NONE', *, *, #6705, .T. ) ;
#115 = VECTOR ( 'NONE', #232, 1000.000000000000000 ) ;
#116 = FACE_OUTER_BOUND ( 'NONE', #2456, .T. ) ;
#117 = VERTEX_POINT ( 'NONE', #782 ) ;
#118 = EDGE_CURVE ( 'NONE', #3364, #6314, #1299, .T. ) ;
#119 = DIRECTION ( 'NONE',  ( 0.0000000000000000000, 0.0000000000000000000, -1.000000000000000000 ) ) ;
#120 = ADVANCED_FACE ( 'NONE', ( #389 ), #6122, .T. ) ;
#121 = APPLICATION_PROTOCOL_DEFINITION ( 'international standard', 'config_control_design', 1994, #149 ) ;
#122 = VECTOR ( 'NONE', #7585, 1000.000000000000000 ) ;
#123 = ORIENTED_EDGE ( 'NONE', *, *, #5114, .F. ) ;
#124 = VECTOR ( 'NONE', #7497, 1000.000000000000000 ) ;
#125 = VERTEX_POINT ( 'NONE', #4707 ) ;
#126 = CARTESIAN_POINT ( 'NONE',  ( -6.539999999999999100, 0.1500911744255224700, -3.371594611156200700 ) ) ;
#127 = ORIENTED_EDGE ( 'NONE', *, *, #2858, .T. ) ;
#128 = EDGE_CURVE ( 'NONE', #678, #1047, #1897, .T. ) ;
#129 = LINE ( 'NONE', #3150, #7287 ) ;
#130 = PLANE ( 'NONE',  #3450 ) ;
#131 = LINE ( 'NONE', #577, #5234 ) ;
#132 = CARTESIAN_POINT ( 'NONE',  ( 7.432874993747258700, 2.404999999999999800, -7.518345873256791400 ) ) ;
#133 = CIRCLE ( 'NONE', #4623, 0.1999999999999992300 ) ;
#134 = DIRECTION ( 'NONE',  ( 0.0000000000000000000, 0.0000000000000000000, 1.000000000000000000 ) ) ;
#135 = ORIENTED_EDGE ( 'NONE', *, *, #3210, .T. ) ;
#136 = VERTEX_POINT ( 'NONE', #1248 ) ;
#137 = CARTESIAN_POINT ( 'NONE',  ( -6.589999999999999000, -0.8163860513228528000, 4.171510050329749800 ) ) ;
#138 = FACE_OUTER_BOUND ( 'NONE', #1532, .T. ) ;
#139 = LINE ( 'NONE', #1390, #3091 ) ;
#140 = EDGE_CURVE ( 'NONE', #5230, #7253, #1518, .T. ) ;
#141 = AXIS2_PLACEMENT_3D ( 'NONE', #5914, #1778, #6495 ) ;
#142 = EDGE_CURVE ( 'NONE', #4218, #7713, #6589, .T. ) ;
#143 = CARTESIAN_POINT ( 'NONE',  ( 6.589999999999999000, 1.480000000000000000, 4.174999999999999800 ) ) ;
#144 = ORIENTED_EDGE ( 'NONE', *, *, #437, .T. ) ;
#145 = DIRECTION ( 'NONE',  ( 1.000000000000000000, 0.0000000000000000000, 0.0000000000000000000 ) ) ;
#146 = VECTOR ( 'NONE', #2759, 1000.000000000000000 ) ;
#147 = VECTOR ( 'NONE', #5300, 1000.000000000000000 ) ;
#148 = PLANE ( 'NONE',  #3086 ) ;
#149 = APPLICATION_CONTEXT ( 'configuration controlled 3d designs of mechanical parts and assemblies' ) ;
#150 = DIRECTION ( 'NONE',  ( 0.0000000000000000000, -1.000000000000000000, 0.0000000000000000000 ) ) ;
#151 = AXIS2_PLACEMENT_3D ( 'NONE', #3235, #8675, #2458 ) ;
#152 = VECTOR ( 'NONE', #350, 1000.000000000000000 ) ;
#153 = EDGE_CURVE ( 'NONE', #7295, #125, #4002, .T. ) ;
#154 = ORIENTED_EDGE ( 'NONE', *, *, #5463, .F. ) ;
#155 = DIRECTION ( 'NONE',  ( 0.0000000000000000000, 0.0000000000000000000, -1.000000000000000000 ) ) ;
#156 = ADVANCED_FACE ( 'NONE', ( #6168 ), #1945, .T. ) ;
#157 = VECTOR ( 'NONE', #6452, 1000.000000000000000 ) ;
#158 = EDGE_CURVE ( 'NONE', #1536, #745, #7237, .T. ) ;
#159 = LINE ( 'NONE', #7763, #7320 ) ;
#160 = CARTESIAN_POINT ( 'NONE',  ( -4.860813622008679500, -2.549999999999999800, -0.7050000000000007400 ) ) ;
#161 = ORIENTED_EDGE ( 'NONE', *, *, #5855, .T. ) ;
#162 = CARTESIAN_POINT ( 'NONE',  ( -3.575257074896936800, -0.8999999999999998000, -9.324999999999995700 ) ) ;
#163 = VECTOR ( 'NONE', #28, 1000.000000000000000 ) ;
#164 = ORIENTED_EDGE ( 'NONE', *, *, #6137, .F. ) ;
#165 = DIRECTION ( 'NONE',  ( -0.9986295347545739400, 0.0000000000000000000, 0.05233595624294350200 ) ) ;
#166 = ADVANCED_FACE ( 'NONE', ( #4765 ), #4796, .T. ) ;
#167 = DIRECTION ( 'NONE',  ( 1.000000000000000000, 2.124908078801903600E-016, -0.0000000000000000000 ) ) ;
#168 = CARTESIAN_POINT ( 'NONE',  ( 5.803248313036694300, -0.5105983995777989600, 0.9045998214170120100 ) ) ;
#169 = ORIENTED_EDGE ( 'NONE', *, *, #185, .T. ) ;
#170 = CARTESIAN_POINT ( 'NONE',  ( 4.471634747569174500, -2.076906743079788100, 3.461657229482880000 ) ) ;
#171 = AXIS2_PLACEMENT_3D ( 'NONE', #5315, #7394, #3262 ) ;
#172 = EDGE_CURVE ( 'NONE', #1609, #8453, #7463, .T. ) ;
#173 = DIRECTION ( 'NONE',  ( 0.0000000000000000000, 0.0000000000000000000, 1.000000000000000000 ) ) ;
#174 = ORIENTED_EDGE ( 'NONE', *, *, #8607, .T. ) ;
#175 = ORIENTED_EDGE ( 'NONE', *, *, #6684, .F. ) ;
#176 = ORIENTED_EDGE ( 'NONE', *, *, #6842, .F. ) ;
#177 = CARTESIAN_POINT ( 'NONE',  ( 0.3664338688640217400, 2.779999999999999800, 3.914026416602995400 ) ) ;
#178 = CARTESIAN_POINT ( 'NONE',  ( -2.309851004465816700, 2.879999999999999900, 1.963516132128329000 ) ) ;
#179 = EDGE_LOOP ( 'NONE', ( #3916, #4986, #5895, #8254 ) ) ;
#180 = ORIENTED_EDGE ( 'NONE', *, *, #6664, .F. ) ;
#181 = ORIENTED_EDGE ( 'NONE', *, *, #6140, .F. ) ;
#182 = LINE ( 'NONE', #8167, #7345 ) ;
#183 = DIRECTION ( 'NONE',  ( -1.000000000000000000, 0.0000000000000000000, 0.0000000000000000000 ) ) ;
#184 = CARTESIAN_POINT ( 'NONE',  ( -13.67140971646411700, -2.406906743079763700, 3.066959884049314000 ) ) ;
#185 = EDGE_CURVE ( 'NONE', #4803, #7753, #5188, .T. ) ;
#186 = DIRECTION ( 'NONE',  ( 0.05233595624294350200, 0.0000000000000000000, -0.9986295347545739400 ) ) ;
#187 = CARTESIAN_POINT ( 'NONE',  ( -1.075257074896937200, -0.8999999999999998000, -9.324999999999995700 ) ) ;
#188 = ORIENTED_EDGE ( 'NONE', *, *, #4494, .F. ) ;
#189 = ADVANCED_FACE ( 'NONE', ( #8220 ), #7716, .F. ) ;
#190 = B_SPLINE_CURVE_WITH_KNOTS ( 'NONE', 3,
 ( #5365, #8129, #1068, #6621, #2467, #3211, #8742, #5948, #4630, #4600 ),
 .UNSPECIFIED., .F., .F.,
 ( 4, 2, 2, 2, 4 ),
 ( 0.0000000000000000000, 0.2500000000000002200, 0.5000000000000001100, 0.7500000000000001100, 1.000000000000000000 ),
 .UNSPECIFIED. ) ;
#191 = DIRECTION ( 'NONE',  ( -1.000000000000000000, 0.0000000000000000000, -1.431289996680534200E-016 ) ) ;
#192 = ORIENTED_EDGE ( 'NONE', *, *, #8472, .F. ) ;
#193 = LINE ( 'NONE', #8888, #7998 ) ;
#194 = AXIS2_PLACEMENT_3D ( 'NONE', #5394, #8813, #8102 ) ;
#195 = EDGE_CURVE ( 'NONE', #5740, #7148, #1044, .T. ) ;
#196 = ORIENTED_EDGE ( 'NONE', *, *, #3128, .F. ) ;
#197 = ORIENTED_EDGE ( 'NONE', *, *, #1965, .T. ) ;
#198 = CARTESIAN_POINT ( 'NONE',  ( -6.889950177623761700, 1.363344256720554300, -10.32513793598749900 ) ) ;
#199 = ADVANCED_FACE ( 'NONE', ( #8206 ), #8871, .T. ) ;
#200 = ORIENTED_EDGE ( 'NONE', *, *, #5281, .F. ) ;
#201 = LINE ( 'NONE', #5034, #4549 ) ;
#202 = CARTESIAN_POINT ( 'NONE',  ( -6.405202790790658800, 1.035834230063381400, -10.59865379181251300 ) ) ;
#203 = ORIENTED_EDGE ( 'NONE', *, *, #7384, .T. ) ;
#204 = CARTESIAN_POINT ( 'NONE',  ( -5.803248313036694300, 1.274052472180233100, 1.003511519317803700 ) ) ;
#205 = FACE_OUTER_BOUND ( 'NONE', #7328, .T. ) ;
#206 = ORIENTED_EDGE ( 'NONE', *, *, #5050, .T. ) ;
#207 = CARTESIAN_POINT ( 'NONE',  ( 6.589999999999999000, 1.387935967731448200, -1.224994274580306000 ) ) ;
#208 = ORIENTED_EDGE ( 'NONE', *, *, #4784, .F. ) ;
#209 = FACE_OUTER_BOUND ( 'NONE', #3133, .T. ) ;
#210 = DIRECTION ( 'NONE',  ( 0.0000000000000000000, 0.0000000000000000000, 1.000000000000000000 ) ) ;
#211 = LINE ( 'NONE', #8248, #972 ) ;
#212 = ORIENTED_EDGE ( 'NONE', *, *, #1127, .T. ) ;
#213 = CARTESIAN_POINT ( 'NONE',  ( 3.314742925103062500, -1.149999999999999900, -5.775000000000000400 ) ) ;
#214 = LINE ( 'NONE', #2880, #3708 ) ;
#215 = EDGE_CURVE ( 'NONE', #8736, #7834, #831, .T. ) ;
#216 = ORIENTED_EDGE ( 'NONE', *, *, #8011, .F. ) ;
#217 = VECTOR ( 'NONE', #1863, 1000.000000000000000 ) ;
#218 = ORIENTED_EDGE ( 'NONE', *, *, #7088, .T. ) ;
#219 = PLANE ( 'NONE',  #6532 ) ;
#220 = DIRECTION ( 'NONE',  ( 0.04222409276774567000, -0.5908391699278822100, -0.8056836856166765800 ) ) ;
#221 = EDGE_CURVE ( 'NONE', #8555, #1998, #2455, .T. ) ;
#222 = VECTOR ( 'NONE', #376, 1000.000000000000000 ) ;
#223 = VERTEX_POINT ( 'NONE', #2938 ) ;
#224 = FACE_OUTER_BOUND ( 'NONE', #5965, .T. ) ;
#225 = ORIENTED_EDGE ( 'NONE', *, *, #5127, .T. ) ;
#226 = ORIENTED_EDGE ( 'NONE', *, *, #607, .T. ) ;
#227 = DIRECTION ( 'NONE',  ( -0.0000000000000000000, 0.0000000000000000000, -1.000000000000000000 ) ) ;
#228 = FACE_OUTER_BOUND ( 'NONE', #1310, .T. ) ;
#229 = DIRECTION ( 'NONE',  ( 0.1521599633690915400, 0.03449312277525664500, 0.9877538003109518300 ) ) ;
#230 = CARTESIAN_POINT ( 'NONE',  ( -6.426129359484503900, 1.036603049945614700, -10.60547706826731800 ) ) ;
#231 = LINE ( 'NONE', #8662, #1355 ) ;
#232 = DIRECTION ( 'NONE',  ( 0.0000000000000000000, 0.0000000000000000000, 1.000000000000000000 ) ) ;
#233 = ADVANCED_FACE ( 'NONE', ( #843 ), #4312, .F. ) ;
#234 = VECTOR ( 'NONE', #4918, 1000.000000000000000 ) ;
#235 = ORIENTED_EDGE ( 'NONE', *, *, #2244, .T. ) ;
#236 = EDGE_CURVE ( 'NONE', #733, #4923, #7673, .T. ) ;
#237 = AXIS2_PLACEMENT_3D ( 'NONE', #2677, #8153, #4620 ) ;
#238 = DIRECTION ( 'NONE',  ( 3.401418580346681300E-016, -1.000000000000000000, 0.0000000000000000000 ) ) ;
#239 = CARTESIAN_POINT ( 'NONE',  ( -6.143516044474751000, -5.263181610785591300, -0.4095298483842154700 ) ) ;
#240 = LINE ( 'NONE', #8823, #1238 ) ;
#241 = CIRCLE ( 'NONE', #4337, 0.1800000000000003500 ) ;
#242 = PLANE ( 'NONE',  #7905 ) ;
#243 = PLANE ( 'NONE',  #4750 ) ;
#244 = ADVANCED_FACE ( 'NONE', ( #3784 ), #617, .F. ) ;
#245 = VECTOR ( 'NONE', #4164, 1000.000000000000000 ) ;
#246 = ORIENTED_EDGE ( 'NONE', *, *, #5081, .F. ) ;
#247 = EDGE_CURVE ( 'NONE', #319, #5321, #5393, .T. ) ;
#248 = DIRECTION ( 'NONE',  ( 1.000000000000000000, 2.124908078801903100E-016, 0.0000000000000000000 ) ) ;
#249 = AXIS2_PLACEMENT_3D ( 'NONE', #4836, #3376, #2758 ) ;
#250 = EDGE_CURVE ( 'NONE', #2343, #7834, #4103, .T. ) ;
#251 = LINE ( 'NONE', #8234, #4381 ) ;
#252 = CARTESIAN_POINT ( 'NONE',  ( 0.0000000000000000000, 2.879999999999999900, -4.926190669741541400 ) ) ;
#253 = CARTESIAN_POINT ( 'NONE',  ( -7.317863657066530100, 2.404999999999999800, -8.169041460365205500 ) ) ;
#254 = VECTOR ( 'NONE', #7462, 1000.000000000000000 ) ;
#255 = ORIENTED_EDGE ( 'NONE', *, *, #2406, .F. ) ;
#256 =( BOUNDED_CURVE ( )  B_SPLINE_CURVE ( 3, ( #2834, #7009, #4881, #1424 ),
 .UNSPECIFIED., .F., .F. ) 
 B_SPLINE_CURVE_WITH_KNOTS ( ( 4, 4 ),
 ( 4.079636539841129000, 7.221229193430915800 ),
 .UNSPECIFIED. ) 
 CURVE ( )  GEOMETRIC_REPRESENTATION_ITEM ( )  RATIONAL_B_SPLINE_CURVE ( ( 1.000000000000000000, 0.3333333333333354800, 0.3333333333333354800, 1.000000000000000000 ) ) 
 REPRESENTATION_ITEM ( '' )  );
#257 = LINE ( 'NONE', #1240, #8843 ) ;
#258 = DIRECTION ( 'NONE',  ( -2.124908078801903100E-016, 1.000000000000000000, 0.0000000000000000000 ) ) ;
#260 = CARTESIAN_POINT ( 'NONE',  ( -5.803248313036694300, 1.270598399577802700, 0.9045998214170120100 ) ) ;
#259 = CARTESIAN_POINT ( 'NONE',  ( -6.415666075137640900, 1.036218640004529200, -10.60206543003985400 ) ) ;
#261 = AXIS2_PLACEMENT_3D ( 'NONE', #6976, #7665, #8365 ) ;
#262 = DIRECTION ( 'NONE',  ( -1.000000000000000000, 0.0000000000000000000, 0.0000000000000000000 ) ) ;
#263 = ORIENTED_EDGE ( 'NONE', *, *, #1818, .F. ) ;
#264 = FACE_OUTER_BOUND ( 'NONE', #402, .T. ) ;
#265 = CARTESIAN_POINT ( 'NONE',  ( 1.424742925103062800, -0.8999999999999998000, -9.124999999999998200 ) ) ;
#266 = EDGE_CURVE ( 'NONE', #923, #8305, #2248, .T. ) ;
#267 = CARTESIAN_POINT ( 'NONE',  ( 4.335212641700700000, 1.050000000000000300, -4.275000000000001200 ) ) ;
#268 = DIRECTION ( 'NONE',  ( -1.431289996680534200E-016, 0.0000000000000000000, 1.000000000000000000 ) ) ;
#269 = EDGE_LOOP ( 'NONE', ( #6298, #4018, #3207, #6822, #3946, #8920, #5040, #8673 ) ) ;
#270 = CARTESIAN_POINT ( 'NONE',  ( -5.360059963454983000, 0.0000000000000000000, -4.275000000000001200 ) ) ;
#271 = ORIENTED_EDGE ( 'NONE', *, *, #8717, .T. ) ;
#272 = DIRECTION ( 'NONE',  ( -1.000000000000000000, 0.0000000000000000000, 0.0000000000000000000 ) ) ;
#273 = ADVANCED_FACE ( 'NONE', ( #3354 ), #7081, .F. ) ;
#274 = CARTESIAN_POINT ( 'NONE',  ( 4.910000000000000100, -2.879999999999999900, -0.5250000000000008000 ) ) ;
#275 = CARTESIAN_POINT ( 'NONE',  ( -6.589999999999999900, 0.6049999999999998700, -6.775000000000000400 ) ) ;
#276 = EDGE_CURVE ( 'NONE', #4585, #3553, #7775, .T. ) ;
#277 = VERTEX_POINT ( 'NONE', #3854 ) ;
#278 = ORIENTED_EDGE ( 'NONE', *, *, #7096, .F. ) ;
#279 = EDGE_LOOP ( 'NONE', ( #3981, #6611, #5100, #5746 ) ) ;
#280 = LINE ( 'NONE', #8535, #2577 ) ;
#281 = EDGE_LOOP ( 'NONE', ( #4959, #6964, #1985, #5610 ) ) ;
#282 =( BOUNDED_CURVE ( )  B_SPLINE_CURVE ( 3, ( #393, #422, #7442, #6019 ),
 .UNSPECIFIED., .F., .F. ) 
 B_SPLINE_CURVE_WITH_KNOTS ( ( 4, 4 ),
 ( 0.9380438862513333900, 1.570796326794940100 ),
 .UNSPECIFIED. ) 
 CURVE ( )  GEOMETRIC_REPRESENTATION_ITEM ( )  RATIONAL_B_SPLINE_CURVE ( ( 1.000000000000000000, 0.9669127352965457600, 0.9669127352965457600, 1.000000000000000000 ) ) 
 REPRESENTATION_ITEM ( '' )  );
#283 = CARTESIAN_POINT ( 'NONE',  ( -7.010786457381247100, 0.9673206820014617100, -9.990596052762979800 ) ) ;
#285 = CARTESIAN_POINT ( 'NONE',  ( -1.769999999999999800, 2.879999999999999900, 2.533383294124545200E-016 ) ) ;
#284 = CARTESIAN_POINT ( 'NONE',  ( -7.069116602183108900, 2.057226968288125700, -9.861485656442887700 ) ) ;
#286 = ORIENTED_EDGE ( 'NONE', *, *, #4216, .T. ) ;
#287 = EDGE_LOOP ( 'NONE', ( #8810, #2085, #5369, #627, #4895, #1377, #5741, #7979, #3190, #1497, #8207, #7359, #8706 ) ) ;
#288 = CARTESIAN_POINT ( 'NONE',  ( 5.855184962834833600, -5.263181610785594000, 0.5509520546897577200 ) ) ;
#289 = FACE_OUTER_BOUND ( 'NONE', #6391, .T. ) ;
#290 = ORIENTED_EDGE ( 'NONE', *, *, #3047, .T. ) ;
#291 = APPROVAL_DATE_TIME ( #6055, #4121 ) ;
#292 = DIRECTION ( 'NONE',  ( -0.0000000000000000000, -1.000000000000000000, -0.0000000000000000000 ) ) ;
#293 = CARTESIAN_POINT ( 'NONE',  ( 0.0000000000000000000, 2.779999999999999800, -4.101714464797488800 ) ) ;
#294 = DIRECTION ( 'NONE',  ( 0.0000000000000000000, 0.0000000000000000000, 1.000000000000000000 ) ) ;
#295 = VERTEX_POINT ( 'NONE', #4979 ) ;
#296 = EDGE_CURVE ( 'NONE', #5075, #2685, #5116, .T. ) ;
#297 = AXIS2_PLACEMENT_3D ( 'NONE', #3962, #6164, #8980 ) ;
#298 = ORIENTED_EDGE ( 'NONE', *, *, #952, .T. ) ;
#299 = CARTESIAN_POINT ( 'NONE',  ( 6.133248313036694400, 1.274052472180228900, 1.003511519317804400 ) ) ;
#300 = DIRECTION ( 'NONE',  ( -1.000000000000000000, -2.124908078801903100E-016, 0.0000000000000000000 ) ) ;
#301 = VERTEX_POINT ( 'NONE', #5957 ) ;
#302 = ORIENTED_EDGE ( 'NONE', *, *, #7425, .T. ) ;
#303 = VERTEX_POINT ( 'NONE', #8779 ) ;
#304 = CARTESIAN_POINT ( 'NONE',  ( 0.3664338688640217400, 2.779999999999999800, -4.101714464797488800 ) ) ;
#305 = CARTESIAN_POINT ( 'NONE',  ( -6.589999999999999000, 0.1500911744255224400, -3.371594611156200700 ) ) ;
#306 = VERTEX_POINT ( 'NONE', #6725 ) ;
#307 = CARTESIAN_POINT ( 'NONE',  ( 6.540000000000000000, 0.1500911744255225000, -3.830697027045894200 ) ) ;
#308 = EDGE_LOOP ( 'NONE', ( #1701, #7300, #6576, #2845 ) ) ;
#309 = VECTOR ( 'NONE', #4077, 1000.000000000000000 ) ;
#310 = EDGE_CURVE ( 'NONE', #8258, #1506, #3346, .T. ) ;
#311 = ORIENTED_EDGE ( 'NONE', *, *, #4415, .F. ) ;
#312 = LINE ( 'NONE', #3658, #5542 ) ;
#313 = EDGE_LOOP ( 'NONE', ( #4232, #6598, #8682, #7419 ) ) ;
#314 = CARTESIAN_POINT ( 'NONE',  ( 3.314742925103062500, 1.050000000000000300, -4.275000000000001200 ) ) ;
#315 = VECTOR ( 'NONE', #6154, 1000.000000000000100 ) ;
#316 = DIRECTION ( 'NONE',  ( -0.05233595624294380700, 0.0000000000000000000, -0.9986295347545739400 ) ) ;
#318 = DIRECTION ( 'NONE',  ( 0.0000000000000000000, 0.0000000000000000000, -1.000000000000000000 ) ) ;
#317 = CARTESIAN_POINT ( 'NONE',  ( -13.67140971646411500, 2.076906743079764100, 3.066959884049314000 ) ) ;
#319 = VERTEX_POINT ( 'NONE', #4570 ) ;
#320 = LINE ( 'NONE', #1599, #115 ) ;
#321 = EDGE_LOOP ( 'NONE', ( #1312, #6208, #7826, #2340, #1404, #8766, #4398, #3291, #1733, #1162, #4968, #7506 ) ) ;
#322 = CARTESIAN_POINT ( 'NONE',  ( -6.089999999999998100, 1.428971137077193100, -0.04990077168823354300 ) ) ;
#323 = ADVANCED_FACE ( 'NONE', ( #6367 ), #3465, .F. ) ;
#324 = FACE_OUTER_BOUND ( 'NONE', #2228, .T. ) ;
#325 = EDGE_LOOP ( 'NONE', ( #3556, #5887, #4538, #4217 ) ) ;
#326 = PLANE ( 'NONE',  #8634 ) ;
#327 = DIRECTION ( 'NONE',  ( 0.2873578278746626300, -0.03342755118621468900, 0.9572398223960643100 ) ) ;
#328 = VECTOR ( 'NONE', #86, 1000.000000000000000 ) ;
#329 = ORIENTED_EDGE ( 'NONE', *, *, #6852, .F. ) ;
#330 = LINE ( 'NONE', #7648, #2289 ) ;
#331 = DIRECTION ( 'NONE',  ( -0.0000000000000000000, -0.0000000000000000000, 1.000000000000000000 ) ) ;
#332 = VERTEX_POINT ( 'NONE', #8693 ) ;
#333 = VERTEX_POINT ( 'NONE', #6693 ) ;
#334 = DIRECTION ( 'NONE',  ( -0.0000000000000000000, 1.000000000000000000, -0.0000000000000000000 ) ) ;
#335 = ADVANCED_FACE ( 'NONE', ( #5411 ), #8984, .F. ) ;
#336 = AXIS2_PLACEMENT_3D ( 'NONE', #2206, #2928, #7071 ) ;
#337 = EDGE_CURVE ( 'NONE', #2302, #6202, #8541, .T. ) ;
#338 = CIRCLE ( 'NONE', #171, 0.1999999999999992300 ) ;
#339 = LINE ( 'NONE', #3614, #1346 ) ;
#340 = CARTESIAN_POINT ( 'NONE',  ( -0.1000000000000000100, 2.779999999999999800, 4.638502621547047500 ) ) ;
#341 = ORIENTED_EDGE ( 'NONE', *, *, #2882, .T. ) ;
#342 = VERTEX_POINT ( 'NONE', #2535 ) ;
#343 = VECTOR ( 'NONE', #8300, 1000.000000000000000 ) ;
#344 = DIRECTION ( 'NONE',  ( 0.0000000000000000000, 0.0000000000000000000, 1.000000000000000000 ) ) ;
#345 = LINE ( 'NONE', #7778, #5683 ) ;
#346 = ORIENTED_EDGE ( 'NONE', *, *, #3641, .F. ) ;
#347 = DIRECTION ( 'NONE',  ( 0.0000000000000000000, 0.0000000000000000000, 1.000000000000000000 ) ) ;
#348 = CARTESIAN_POINT ( 'NONE',  ( 1.829665902959943100, 2.549999999999999800, -7.198961425115870200 ) ) ;
#350 = DIRECTION ( 'NONE',  ( 1.431289996680534200E-016, 0.0000000000000000000, 1.000000000000000000 ) ) ;
#349 = CARTESIAN_POINT ( 'NONE',  ( 1.624742925103062500, -0.8999999999999998000, -4.275000000000001200 ) ) ;
#351 = DIRECTION ( 'NONE',  ( 1.000000000000000000, 0.0000000000000000000, 0.0000000000000000000 ) ) ;
#352 = LINE ( 'NONE', #369, #902 ) ;
#353 = EDGE_CURVE ( 'NONE', #8406, #2691, #8561, .T. ) ;
#354 = CARTESIAN_POINT ( 'NONE',  ( 3.924742925103062800, -0.8999999999999998000, -9.324999999999995700 ) ) ;
#355 = CARTESIAN_POINT ( 'NONE',  ( -6.089999999999998100, -0.6698967979784596900, -0.02339331166546568600 ) ) ;
#356 = LINE ( 'NONE', #2384, #5256 ) ;
#357 = DIRECTION ( 'NONE',  ( -1.000000000000000000, 0.0000000000000000000, -1.431289996680534200E-016 ) ) ;
#358 = ORIENTED_EDGE ( 'NONE', *, *, #5189, .F. ) ;
#359 = CARTESIAN_POINT ( 'NONE',  ( -6.589999999999999000, 1.380000000000004100, 4.037451760663493900 ) ) ;
#360 = LINE ( 'NONE', #8356, #4497 ) ;
#361 = CARTESIAN_POINT ( 'NONE',  ( -1.075257074896937200, -0.8999999999999998000, -9.324999999999995700 ) ) ;
#362 = DIRECTION ( 'NONE',  ( 1.000000000000000000, 0.0000000000000000000, 0.0000000000000000000 ) ) ;
#363 = EDGE_CURVE ( 'NONE', #3735, #4536, #4648, .T. ) ;
#364 = ADVANCED_FACE ( 'NONE', ( #4202 ), #6579, .T. ) ;
#365 = FACE_OUTER_BOUND ( 'NONE', #5165, .T. ) ;
#366 = EDGE_CURVE ( 'NONE', #1164, #763, #939, .T. ) ;
#367 = CARTESIAN_POINT ( 'NONE',  ( -13.67140971646411700, 2.484345597614054500, 2.830413255589196100 ) ) ;
#368 = VERTEX_POINT ( 'NONE', #1173 ) ;
#369 = CARTESIAN_POINT ( 'NONE',  ( -0.6647873582993000200, -1.150000000000034800, -4.275000000000001200 ) ) ;
#370 = VECTOR ( 'NONE', #690, 1000.000000000000100 ) ;
#371 = ORIENTED_EDGE ( 'NONE', *, *, #3698, .F. ) ;
#372 = AXIS2_PLACEMENT_3D ( 'NONE', #4478, #5176, #1073 ) ;
#373 = ORIENTED_EDGE ( 'NONE', *, *, #5241, .T. ) ;
#374 = CARTESIAN_POINT ( 'NONE',  ( -2.379911530613749300, 2.307421780275552800, 3.300350607971219900 ) ) ;
#375 = ADVANCED_FACE ( 'NONE', ( #1289 ), #6662, .T. ) ;
#376 = DIRECTION ( 'NONE',  ( -0.0000000000000000000, -0.0000000000000000000, 1.000000000000000000 ) ) ;
#377 = DIRECTION ( 'NONE',  ( -1.000000000000000000, -3.011672701348624000E-016, -3.081485053625932800E-033 ) ) ;
#378 = VERTEX_POINT ( 'NONE', #8106 ) ;
#379 = FACE_OUTER_BOUND ( 'NONE', #4704, .T. ) ;
#380 = ORIENTED_EDGE ( 'NONE', *, *, #3752, .F. ) ;
#381 = EDGE_CURVE ( 'NONE', #2363, #4241, #6044, .T. ) ;
#382 = ORIENTED_EDGE ( 'NONE', *, *, #6157, .T. ) ;
#383 = CARTESIAN_POINT ( 'NONE',  ( 2.388365252430827200, -2.076906743079793400, 3.461657229482879100 ) ) ;
#384 = EDGE_CURVE ( 'NONE', #7565, #5638, #1509, .T. ) ;
#385 = VERTEX_POINT ( 'NONE', #3194 ) ;
#386 = ORIENTED_EDGE ( 'NONE', *, *, #8618, .T. ) ;
#387 = EDGE_LOOP ( 'NONE', ( #981, #758, #6813, #7514 ) ) ;
#388 = DIRECTION ( 'NONE',  ( 1.000000000000000000, 2.124908078801903600E-016, -0.0000000000000000000 ) ) ;
#389 = FACE_OUTER_BOUND ( 'NONE', #4200, .T. ) ;
#390 = DIRECTION ( 'NONE',  ( -3.011672701348624000E-016, 1.000000000000000000, 0.0000000000000000000 ) ) ;
#391 = CARTESIAN_POINT ( 'NONE',  ( -1.685257074896937500, 0.0000000000000000000, -4.275000000000001200 ) ) ;
#392 =( BOUNDED_CURVE ( )  B_SPLINE_CURVE ( 3, ( #7431, #6134, #3263, #6739 ),
 .UNSPECIFIED., .F., .F. ) 
 B_SPLINE_CURVE_WITH_KNOTS ( ( 4, 4 ),
 ( 1.570796326794893200, 1.723641311317641000 ),
 .UNSPECIFIED. ) 
 CURVE ( )  GEOMETRIC_REPRESENTATION_ITEM ( )  RATIONAL_B_SPLINE_CURVE ( ( 1.000000000000000000, 0.9980541482144369400, 0.9980541482144369400, 1.000000000000000000 ) ) 
 REPRESENTATION_ITEM ( '' )  );
#393 = CARTESIAN_POINT ( 'NONE',  ( -4.467444677206665400, -2.484345597614078000, 3.541608534801085700 ) ) ;
#394 = EDGE_CURVE ( 'NONE', #4025, #1851, #2797, .T. ) ;
#395 = CARTESIAN_POINT ( 'NONE',  ( 4.124742925103063000, -1.149999999999999700, -9.124999999999998200 ) ) ;
#396 = ORIENTED_EDGE ( 'NONE', *, *, #5600, .F. ) ;
#397 = EDGE_CURVE ( 'NONE', #6952, #8444, #8641, .T. ) ;
#398 = CARTESIAN_POINT ( 'NONE',  ( 5.090000000000000700, -2.549999999999999800, 5.534999999999999300 ) ) ;
#399 = EDGE_LOOP ( 'NONE', ( #1, #4888, #3619, #6879, #2961, #6016, #469, #4998, #4822, #8649, #1053, #6167, #8777 ) ) ;
#400 = CARTESIAN_POINT ( 'NONE',  ( 0.8147429251030625700, 1.049999999999982700, -4.275000000000001200 ) ) ;
#401 = CARTESIAN_POINT ( 'NONE',  ( 6.690057314328482700, 0.6149427895048328300, -6.863242256855396100 ) ) ;
#402 = EDGE_LOOP ( 'NONE', ( #3582, #4904, #5515, #1383 ) ) ;
#403 = ORIENTED_EDGE ( 'NONE', *, *, #1061, .F. ) ;
#404 = CARTESIAN_POINT ( 'NONE',  ( 7.371145950606280200, 0.7454536903234174600, -8.021526501620334300 ) ) ;
#405 = ORIENTED_EDGE ( 'NONE', *, *, #410, .T. ) ;
#406 = LINE ( 'NONE', #7036, #5318 ) ;
#407 = DIRECTION ( 'NONE',  ( -0.0000000000000000000, -0.0000000000000000000, -1.000000000000000000 ) ) ;
#408 = CARTESIAN_POINT ( 'NONE',  ( -6.589999999999971400, -1.879999999999999900, 1.963516132128359600 ) ) ;
#409 = ORIENTED_EDGE ( 'NONE', *, *, #7107, .F. ) ;
#410 = EDGE_CURVE ( 'NONE', #3197, #7383, #6482, .T. ) ;
#411 = CARTESIAN_POINT ( 'NONE',  ( -6.260000000000000700, 2.549999999999999800, 6.775000000000000400 ) ) ;
#412 = EDGE_CURVE ( 'NONE', #7471, #2343, #6812, .T. ) ;
#413 = ORIENTED_EDGE ( 'NONE', *, *, #3800, .T. ) ;
#414 = ADVANCED_FACE ( 'NONE', ( #6703 ), #2292, .F. ) ;
#415 = ORIENTED_EDGE ( 'NONE', *, *, #8179, .F. ) ;
#416 = CYLINDRICAL_SURFACE ( 'NONE', #1273, 0.1000000000000000500 ) ;
#417 = DIRECTION ( 'NONE',  ( 0.0000000000000000000, 0.03489949670250106600, -0.9993908270190956500 ) ) ;
#418 = CARTESIAN_POINT ( 'NONE',  ( -2.367680041067741700, 2.076906743079793800, 3.066959884049310900 ) ) ;
#419 =( BOUNDED_CURVE ( )  B_SPLINE_CURVE ( 3, ( #2483, #6007, #7967, #1866 ),
 .UNSPECIFIED., .F., .F. ) 
 B_SPLINE_CURVE_WITH_KNOTS ( ( 4, 4 ),
 ( 1.570796326794846400, 4.079636539841024100 ),
 .UNSPECIFIED. ) 
 CURVE ( )  GEOMETRIC_REPRESENTATION_ITEM ( )  RATIONAL_B_SPLINE_CURVE ( ( 1.000000000000000000, 0.5407497884481186100, 0.5407497884481186100, 1.000000000000000000 ) ) 
 REPRESENTATION_ITEM ( '' )  );
#420 = LINE ( 'NONE', #1059, #3394 ) ;
#422 = CARTESIAN_POINT ( 'NONE',  ( -4.471070977267588700, -2.433603000734843000, 3.472414607667897000 ) ) ;
#421 = CARTESIAN_POINT ( 'NONE',  ( 6.259999999999998900, 2.549999999999999800, 6.775000000000000400 ) ) ;
#423 = ORIENTED_EDGE ( 'NONE', *, *, #2765, .T. ) ;
#424 = FACE_OUTER_BOUND ( 'NONE', #281, .T. ) ;
#425 = EDGE_LOOP ( 'NONE', ( #6757, #8029, #968, #8332 ) ) ;
#426 = DIRECTION ( 'NONE',  ( -1.000000000000000000, -2.124908078801903100E-016, 0.0000000000000000000 ) ) ;
#427 = EDGE_CURVE ( 'NONE', #2660, #2595, #1616, .T. ) ;
#428 = LINE ( 'NONE', #7184, #980 ) ;
#429 = CARTESIAN_POINT ( 'NONE',  ( 0.3664338688640217400, 2.779999999999999800, 4.738502621547048000 ) ) ;
#430 = EDGE_LOOP ( 'NONE', ( #2805, #5630, #908, #3175, #3347 ) ) ;
#431 = DIRECTION ( 'NONE',  ( 1.000000000000000000, 0.0000000000000000000, 0.0000000000000000000 ) ) ;
#432 = FACE_OUTER_BOUND ( 'NONE', #4695, .T. ) ;
#433 = DIRECTION ( 'NONE',  ( 0.0000000000000000000, 0.0000000000000000000, 1.000000000000000000 ) ) ;
#434 = DIRECTION ( 'NONE',  ( -1.000000000000000000, -2.124908078801903100E-016, 0.0000000000000000000 ) ) ;
#435 = DIRECTION ( 'NONE',  ( 1.000000000000000000, -3.011672701348624000E-016, 0.0000000000000000000 ) ) ;
#436 = LINE ( 'NONE', #472, #1876 ) ;
#437 = EDGE_CURVE ( 'NONE', #7042, #2732, #5821, .T. ) ;
#438 = ORIENTED_EDGE ( 'NONE', *, *, #3581, .T. ) ;
#439 = LINE ( 'NONE', #8530, #6640 ) ;
#440 = ORIENTED_EDGE ( 'NONE', *, *, #4697, .T. ) ;
#441 = DIRECTION ( 'NONE',  ( -0.9577750814649269600, -3.087437512651632200E-016, 0.2875185095343473800 ) ) ;
#442 = ORIENTED_EDGE ( 'NONE', *, *, #1032, .F. ) ;
#443 = VECTOR ( 'NONE', #8353, 1000.000000000000000 ) ;
#444 = LINE ( 'NONE', #5276, #4366 ) ;
#445 = DIRECTION ( 'NONE',  ( 1.000000000000000000, -0.0000000000000000000, -0.0000000000000000000 ) ) ;
#446 = CARTESIAN_POINT ( 'NONE',  ( 6.540000000000000000, 0.6099088255744773400, -3.830697027045894200 ) ) ;
#447 = FACE_OUTER_BOUND ( 'NONE', #6639, .T. ) ;
#448 = ORIENTED_EDGE ( 'NONE', *, *, #7712, .T. ) ;
#449 = CARTESIAN_POINT ( 'NONE',  ( -5.855184962834835400, -0.4982487474346417000, 0.5509520546897577200 ) ) ;
#450 = EDGE_CURVE ( 'NONE', #1486, #6244, #5614, .T. ) ;
#451 = CARTESIAN_POINT ( 'NONE',  ( 2.178939694247144800, 2.549999999999999800, -0.5344204721237292300 ) ) ;
#452 = CARTESIAN_POINT ( 'NONE',  ( 4.910000000000000100, 2.549999999999999800, -0.5250000000000008000 ) ) ;
#453 = FACE_OUTER_BOUND ( 'NONE', #7186, .T. ) ;
#454 = DIRECTION ( 'NONE',  ( 0.9883419278128943200, 3.278557802084007700E-016, 0.1522505623211014300 ) ) ;
#455 = CARTESIAN_POINT ( 'NONE',  ( 0.2664338688640217100, 2.879999999999999900, -4.201714464797489300 ) ) ;
#456 = PLANE ( 'NONE',  #797 ) ;
#457 = DIRECTION ( 'NONE',  ( 2.124908078801903100E-016, -1.000000000000000000, -0.0000000000000000000 ) ) ;
#458 = DIRECTION ( 'NONE',  ( -1.000000000000000000, 2.628368902995162800E-015, -2.673649675311314200E-016 ) ) ;
#459 = LINE ( 'NONE', #1801, #3744 ) ;
#460 = ORIENTED_EDGE ( 'NONE', *, *, #8657, .T. ) ;
#461 = CYLINDRICAL_SURFACE ( 'NONE', #6257, 0.7300000000000002000 ) ;
#462 = DIRECTION ( 'NONE',  ( 0.0000000000000000000, 1.000000000000000000, 0.0000000000000000000 ) ) ;
#463 = ADVANCED_FACE ( 'NONE', ( #7130 ), #219, .F. ) ;
#464 = CARTESIAN_POINT ( 'NONE',  ( -7.033248313036693000, -5.263181610785591300, 1.003511519317807000 ) ) ;
#466 = CARTESIAN_POINT ( 'NONE',  ( 4.479841560701151700, 2.076906743079788500, 3.305061906340968300 ) ) ;
#465 = CARTESIAN_POINT ( 'NONE',  ( -0.1000000000000000100, 2.879999999999999900, -4.826190669741540900 ) ) ;
#467 = PLANE ( 'NONE',  #5354 ) ;
#468 = CARTESIAN_POINT ( 'NONE',  ( 6.732399223433017900, 0.9374137799726192100, -9.725172297256998300 ) ) ;
#469 = ORIENTED_EDGE ( 'NONE', *, *, #7285, .T. ) ;
#470 = EDGE_CURVE ( 'NONE', #1457, #7008, #2148, .T. ) ;
#471 = VECTOR ( 'NONE', #2055, 1000.000000000000000 ) ;
#472 = CARTESIAN_POINT ( 'NONE',  ( -6.590000000000000700, -2.879999999999999900, -6.775000000000000400 ) ) ;
#473 = ORIENTED_EDGE ( 'NONE', *, *, #8179, .T. ) ;
#474 = DIRECTION ( 'NONE',  ( 0.0000000000000000000, -1.000000000000000000, 0.0000000000000000000 ) ) ;
#475 = CARTESIAN_POINT ( 'NONE',  ( 6.811409716464077700, 2.806906743079782300, 3.066959884049312200 ) ) ;
#476 = CARTESIAN_POINT ( 'NONE',  ( -4.441028868163967600, 2.814368043255621300, 4.045652197861753200 ) ) ;
#477 = ORIENTED_EDGE ( 'NONE', *, *, #7401, .F. ) ;
#478 = PLANE ( 'NONE',  #7803 ) ;
#479 = VECTOR ( 'NONE', #5335, 1000.000000000000000 ) ;
#480 = CARTESIAN_POINT ( 'NONE',  ( -13.67140971646411900, 2.806906743079764100, 3.305061906340970100 ) ) ;
#481 = DIRECTION ( 'NONE',  ( -1.000000000000000000, -2.124908078801903100E-016, 0.0000000000000000000 ) ) ;
#482 = AXIS2_PLACEMENT_3D ( 'NONE', #2587, #4749, #8221 ) ;
#483 = EDGE_CURVE ( 'NONE', #333, #319, #4423, .T. ) ;
#484 = CARTESIAN_POINT ( 'NONE',  ( 2.380158439298849100, -2.406906743079792600, 3.305061906340967400 ) ) ;
#486 = DIRECTION ( 'NONE',  ( -2.124908078801903100E-016, 1.000000000000000000, 0.0000000000000000000 ) ) ;
#485 = CARTESIAN_POINT ( 'NONE',  ( 1.024742925103062600, -1.150000000000017500, -4.275000000000001200 ) ) ;
#487 = ORIENTED_EDGE ( 'NONE', *, *, #6609, .F. ) ;
#488 = ORIENTED_EDGE ( 'NONE', *, *, #8197, .T. ) ;
#489 = CARTESIAN_POINT ( 'NONE',  ( 0.0000000000000000000, 2.879999999999999900, -4.101714464797488800 ) ) ;
#490 = EDGE_LOOP ( 'NONE', ( #6090, #5539, #5324, #6372 ) ) ;
#491 = DIRECTION ( 'NONE',  ( 1.000000000000000000, -0.0000000000000000000, -0.0000000000000000000 ) ) ;
#493 = CARTESIAN_POINT ( 'NONE',  ( -6.371725516837170000, 2.404999999999999800, -7.022500000000000000 ) ) ;
#492 = DIRECTION ( 'NONE',  ( -2.124908078801903100E-016, 1.000000000000000000, 0.0000000000000000000 ) ) ;
#494 = EDGE_LOOP ( 'NONE', ( #1228, #564, #2814, #6605 ) ) ;
#495 = EDGE_LOOP ( 'NONE', ( #7015, #380, #8815, #1684 ) ) ;
#496 = ORIENTED_EDGE ( 'NONE', *, *, #6306, .F. ) ;
#497 = CARTESIAN_POINT ( 'NONE',  ( 6.771417742933400600, 1.049288578002445200, -10.71806112977189500 ) ) ;
#498 = ADVANCED_FACE ( 'NONE', ( #3995 ), #5747, .F. ) ;
#499 = VECTOR ( 'NONE', #8619, 1000.000000000000000 ) ;
#500 = ORIENTED_EDGE ( 'NONE', *, *, #3497, .T. ) ;
#501 = DIRECTION ( 'NONE',  ( -0.05233595624294380700, 1.956469775142901400E-015, -0.9986295347545739400 ) ) ;
#502 = DIRECTION ( 'NONE',  ( 1.000000000000000000, -3.011672701348624000E-016, -0.0000000000000000000 ) ) ;
#503 = EDGE_CURVE ( 'NONE', #20, #3132, #280, .T. ) ;
#504 = CARTESIAN_POINT ( 'NONE',  ( -4.435915153722492100, 2.516311570751015300, 4.143227682101551700 ) ) ;
#505 = DIRECTION ( 'NONE',  ( 0.0000000000000000000, 0.0000000000000000000, 1.000000000000000000 ) ) ;
#506 = ORIENTED_EDGE ( 'NONE', *, *, #680, .F. ) ;
#507 = EDGE_CURVE ( 'NONE', #8586, #515, #5298, .T. ) ;
#508 = DIRECTION ( 'NONE',  ( -1.000000000000000000, -2.124908078801903100E-016, 0.0000000000000000000 ) ) ;
#509 = ADVANCED_FACE ( 'NONE', ( #3127 ), #5727, .T. ) ;
#510 = ORIENTED_EDGE ( 'NONE', *, *, #5017, .F. ) ;
#511 = PERSON_AND_ORGANIZATION ( #2266, #3475 ) ;
#512 = DIRECTION ( 'NONE',  ( 0.0000000000000000000, 0.0000000000000000000, -1.000000000000000000 ) ) ;
#513 = CARTESIAN_POINT ( 'NONE',  ( -1.769999999999999800, 2.549999999999999800, -0.5249999999999994700 ) ) ;
#514 = PLANE ( 'NONE',  #8732 ) ;
#515 = VERTEX_POINT ( 'NONE', #2371 ) ;
#516 = VERTEX_POINT ( 'NONE', #3097 ) ;
#518 = DIRECTION ( 'NONE',  ( 0.0000000000000000000, 0.0000000000000000000, -1.000000000000000000 ) ) ;
#517 = DIRECTION ( 'NONE',  ( 0.0000000000000000000, -1.000000000000000000, 0.0000000000000000000 ) ) ;
#519 = DIRECTION ( 'NONE',  ( 0.0000000000000000000, -1.000000000000000000, 0.0000000000000000000 ) ) ;
#520 = ORIENTED_EDGE ( 'NONE', *, *, #8510, .F. ) ;
#521 = LINE ( 'NONE', #5193, #7588 ) ;
#522 = ORIENTED_EDGE ( 'NONE', *, *, #8976, .T. ) ;
#523 = DIRECTION ( 'NONE',  ( -1.000000000000000000, 3.285461128743948600E-016, 0.0000000000000000000 ) ) ;
#524 = ORIENTED_EDGE ( 'NONE', *, *, #310, .T. ) ;
#525 = VERTEX_POINT ( 'NONE', #6502 ) ;
#526 = EDGE_CURVE ( 'NONE', #2350, #2030, #7876, .T. ) ;
#527 = CARTESIAN_POINT ( 'NONE',  ( -4.590000000000000700, 1.050000000000001400, -5.775000000000000400 ) ) ;
#528 = DIRECTION ( 'NONE',  ( -1.000000000000000000, -3.401418580346681300E-016, 0.0000000000000000000 ) ) ;
#530 = DIRECTION ( 'NONE',  ( 2.124908078801903100E-016, -1.000000000000000000, -0.0000000000000000000 ) ) ;
#529 = DIRECTION ( 'NONE',  ( 0.0000000000000000000, 0.0000000000000000000, 1.000000000000000000 ) ) ;
#531 = CARTESIAN_POINT ( 'NONE',  ( -5.803248313036692500, -5.263181610785591300, 0.9045998214170121200 ) ) ;
#532 = VERTEX_POINT ( 'NONE', #7882 ) ;
#533 = VECTOR ( 'NONE', #3472, 1000.000000000000000 ) ;
#534 = ORIENTED_EDGE ( 'NONE', *, *, #1432, .F. ) ;
#535 =( BOUNDED_CURVE ( )  B_SPLINE_CURVE ( 3, ( #2785, #1496, #6997, #8328 ),
 .UNSPECIFIED., .F., .F. ) 
 B_SPLINE_CURVE_WITH_KNOTS ( ( 4, 4 ),
 ( 0.9380438862512305900, 1.570796326794846400 ),
 .UNSPECIFIED. ) 
 CURVE ( )  GEOMETRIC_REPRESENTATION_ITEM ( )  RATIONAL_B_SPLINE_CURVE ( ( 1.000000000000000000, 0.9669127352965447600, 0.9669127352965447600, 1.000000000000000000 ) ) 
 REPRESENTATION_ITEM ( '' )  );
#536 = LINE ( 'NONE', #2450, #2276 ) ;
#537 = EDGE_LOOP ( 'NONE', ( #2922, #8419, #1933, #4236 ) ) ;
#538 = CARTESIAN_POINT ( 'NONE',  ( -4.185257074896937500, -1.150000000000052500, -5.775000000000000400 ) ) ;
#539 = CARTESIAN_POINT ( 'NONE',  ( 5.089999999999999900, -1.879999999999999700, -0.5249999999999995800 ) ) ;
#540 = LINE ( 'NONE', #7548, #3603 ) ;
#541 = VERTEX_POINT ( 'NONE', #7219 ) ;
#542 = ORIENTED_EDGE ( 'NONE', *, *, #8762, .F. ) ;
#543 = CARTESIAN_POINT ( 'NONE',  ( -7.432874993747258700, 2.404999999999999800, -7.518345873256791400 ) ) ;
#544 = DIRECTION ( 'NONE',  ( 1.000000000000000000, 3.011672701348624000E-016, -1.537929931668901700E-033 ) ) ;
#545 = ORIENTED_EDGE ( 'NONE', *, *, #4978, .F. ) ;
#546 = EDGE_CURVE ( 'NONE', #3384, #4291, #8760, .T. ) ;
#547 = EDGE_CURVE ( 'NONE', #4892, #7866, #6048, .T. ) ;
#548 = CARTESIAN_POINT ( 'NONE',  ( 6.589999999999999900, 2.879999999999999900, 6.775000000000000400 ) ) ;
#549 = FACE_OUTER_BOUND ( 'NONE', #7986, .T. ) ;
#550 = ORIENTED_EDGE ( 'NONE', *, *, #3922, .T. ) ;
#551 = AXIS2_PLACEMENT_3D ( 'NONE', #7258, #344, #7978 ) ;
#552 = VECTOR ( 'NONE', #6063, 1000.000000000000000 ) ;
#553 = DIRECTION ( 'NONE',  ( 0.0000000000000000000, -0.5913665711502956700, -0.8064028636642743800 ) ) ;
#554 = ORIENTED_EDGE ( 'NONE', *, *, #2008, .F. ) ;
#555 = CARTESIAN_POINT ( 'NONE',  ( -1.075257074896937200, -1.149999999999999700, -9.324999999999995700 ) ) ;
#556 = LINE ( 'NONE', #5362, #5875 ) ;
#557 = CARTESIAN_POINT ( 'NONE',  ( -1.275257074896937400, -0.8999999999999998000, -9.324999999999995700 ) ) ;
#558 = ORIENTED_EDGE ( 'NONE', *, *, #6615, .T. ) ;
#559 = ORIENTED_EDGE ( 'NONE', *, *, #5038, .T. ) ;
#560 = CARTESIAN_POINT ( 'NONE',  ( 6.811409716464079400, -2.686402863664274500, 2.554882703278610600 ) ) ;
#561 = VECTOR ( 'NONE', #2496, 1000.000000000000100 ) ;
#562 = PLANE ( 'NONE',  #1016 ) ;
#563 = FACE_OUTER_BOUND ( 'NONE', #2359, .T. ) ;
#564 = ORIENTED_EDGE ( 'NONE', *, *, #7992, .T. ) ;
#565 = AXIS2_PLACEMENT_3D ( 'NONE', #3087, #8577, #238 ) ;
#566 = CARTESIAN_POINT ( 'NONE',  ( -2.429102880155388900, 2.814368043255626200, 4.238977472429030300 ) ) ;
#567 = ADVANCED_FACE ( 'NONE', ( #8422 ), #5297, .T. ) ;
#569 = DIRECTION ( 'NONE',  ( -1.000000000000000000, 1.181048118175931000E-016, -0.0000000000000000000 ) ) ;
#568 = DIRECTION ( 'NONE',  ( 1.000000000000000000, 0.0000000000000000000, -0.0000000000000000000 ) ) ;
#570 = VERTEX_POINT ( 'NONE', #4631 ) ;
#571 = CARTESIAN_POINT ( 'NONE',  ( 6.811409716464077700, 2.806906743079782300, 3.305061906340968300 ) ) ;
#572 = FACE_OUTER_BOUND ( 'NONE', #5985, .T. ) ;
#573 = EDGE_CURVE ( 'NONE', #7858, #2353, #7670, .T. ) ;
#574 = CARTESIAN_POINT ( 'NONE',  ( 6.742602780364793900, 2.072120788156497400, -9.729303005111084700 ) ) ;
#575 = VECTOR ( 'NONE', #820, 1000.000000000000000 ) ;
#576 =( BOUNDED_CURVE ( )  B_SPLINE_CURVE ( 3, ( #6092, #2603, #3953, #1282 ),
 .UNSPECIFIED., .F., .F. ) 
 B_SPLINE_CURVE_WITH_KNOTS ( ( 4, 4 ),
 ( 4.559543995861943700, 4.712388980384691500 ),
 .UNSPECIFIED. ) 
 CURVE ( )  GEOMETRIC_REPRESENTATION_ITEM ( )  RATIONAL_B_SPLINE_CURVE ( ( 1.000000000000000000, 0.9980541482144369400, 0.9980541482144369400, 1.000000000000000000 ) ) 
 REPRESENTATION_ITEM ( '' )  );
#577 = CARTESIAN_POINT ( 'NONE',  ( 6.143740578005088400, -5.263181610785594000, 1.140537025406802100 ) ) ;
#578 = VERTEX_POINT ( 'NONE', #1838 ) ;
#579 = CARTESIAN_POINT ( 'NONE',  ( -0.8752570748969376000, -0.8999999999999998000, -9.124999999999998200 ) ) ;
#580 = EDGE_CURVE ( 'NONE', #7077, #7044, #6918, .T. ) ;
#581 = VECTOR ( 'NONE', #4736, 1000.000000000000000 ) ;
#582 = LINE ( 'NONE', #5868, #147 ) ;
#583 = CARTESIAN_POINT ( 'NONE',  ( 0.2664338688640217600, 2.879999999999999900, 4.014026416602996000 ) ) ;
#584 = CARTESIAN_POINT ( 'NONE',  ( -6.752806337296631200, 0.9383446437143888600, -9.733433712965204900 ) ) ;
#585 = EDGE_CURVE ( 'NONE', #953, #8459, #1225, .T. ) ;
#586 = DIRECTION ( 'NONE',  ( 0.0000000000000000000, 0.0000000000000000000, 1.000000000000000000 ) ) ;
#587 = CARTESIAN_POINT ( 'NONE',  ( 1.624742925103062500, -0.8999999999999998000, -9.124999999999998200 ) ) ;
#588 = VECTOR ( 'NONE', #5941, 1000.000000000000000 ) ;
#589 = DIRECTION ( 'NONE',  ( 1.000000000000000000, 2.628368902995162400E-015, -2.673649675311314200E-016 ) ) ;
#590 = ORIENTED_EDGE ( 'NONE', *, *, #6172, .F. ) ;
#591 = LINE ( 'NONE', #867, #2766 ) ;
#592 = EDGE_CURVE ( 'NONE', #6540, #8562, #2546, .T. ) ;
#593 = AXIS2_PLACEMENT_3D ( 'NONE', #1681, #932, #7147 ) ;
#594 = DIRECTION ( 'NONE',  ( -2.992558513228112800E-016, -1.000000000000000000, 0.0000000000000000000 ) ) ;
#595 = CARTESIAN_POINT ( 'NONE',  ( -1.950000000000000000, -2.549999999999999800, -0.5250000000000005800 ) ) ;
#596 = VECTOR ( 'NONE', #1692, 1000.000000000000000 ) ;
#597 = ORIENTED_EDGE ( 'NONE', *, *, #1274, .F. ) ;
#598 = DIRECTION ( 'NONE',  ( 0.7479257170867564800, -0.07432208249995146700, 0.6596084821870709100 ) ) ;
#599 = LINE ( 'NONE', #1845, #1489 ) ;
#601 = CARTESIAN_POINT ( 'NONE',  ( 6.709128150655201000, 1.379999999999999900, 4.019100492326974600 ) ) ;
#600 = CARTESIAN_POINT ( 'NONE',  ( 3.924742925103062800, -1.149999999999999700, -9.324999999999995700 ) ) ;
#602 = EDGE_LOOP ( 'NONE', ( #5388, #626, #3500, #8525 ) ) ;
#603 = CARTESIAN_POINT ( 'NONE',  ( 7.432874993747258700, 0.6887572814937224000, -7.518345873256791400 ) ) ;
#604 = CARTESIAN_POINT ( 'NONE',  ( 6.781881027280313400, 1.049672987943586200, -10.72147276799931600 ) ) ;
#605 = EDGE_CURVE ( 'NONE', #8557, #5109, #8598, .T. ) ;
#606 = AXIS2_PLACEMENT_3D ( 'NONE', #4343, #5713, #134 ) ;
#607 = EDGE_CURVE ( 'NONE', #6256, #4229, #3509, .T. ) ;
#608 = CARTESIAN_POINT ( 'NONE',  ( -7.332232615238415200, 2.281666181600678000, -7.869587638293979600 ) ) ;
#609 = ORIENTED_EDGE ( 'NONE', *, *, #2911, .F. ) ;
#610 = CARTESIAN_POINT ( 'NONE',  ( 0.0000000000000000000, 2.779999999999999800, -6.775000000000000400 ) ) ;
#611 = DIRECTION ( 'NONE',  ( 0.0000000000000000000, 0.0000000000000000000, 1.000000000000000000 ) ) ;
#612 = DIRECTION ( 'NONE',  ( -5.256737805990317700E-015, -1.000000000000000000, 0.0000000000000000000 ) ) ;
#613 = DIRECTION ( 'NONE',  ( -0.0000000000000000000, 1.000000000000000000, -0.0000000000000000000 ) ) ;
#614 = DIRECTION ( 'NONE',  ( -0.0000000000000000000, 1.000000000000000000, -0.0000000000000000000 ) ) ;
#615 = ADVANCED_FACE ( 'NONE', ( #2053 ), #3906, .T. ) ;
#616 = VERTEX_POINT ( 'NONE', #2468 ) ;
#617 = CYLINDRICAL_SURFACE ( 'NONE', #944, 0.4000000000000001900 ) ;
#618 = ORIENTED_EDGE ( 'NONE', *, *, #4496, .F. ) ;
#619 = DIRECTION ( 'NONE',  ( -1.431289996680534200E-016, -0.0000000000000000000, -1.000000000000000000 ) ) ;
#620 = AXIS2_PLACEMENT_3D ( 'NONE', #1294, #8926, #7432 ) ;
#621 = EDGE_CURVE ( 'NONE', #1675, #7507, #182, .T. ) ;
#622 = ORIENTED_EDGE ( 'NONE', *, *, #4947, .F. ) ;
#623 = CARTESIAN_POINT ( 'NONE',  ( -13.67140971646411900, -2.806906743079764100, 3.066959884049314000 ) ) ;
#624 = CARTESIAN_POINT ( 'NONE',  ( 7.317863657066530100, 2.247924905874342500, -8.169041460365205500 ) ) ;
#625 = EDGE_LOOP ( 'NONE', ( #2190, #2798, #5242, #4116 ) ) ;
#626 = ORIENTED_EDGE ( 'NONE', *, *, #128, .T. ) ;
#627 = ORIENTED_EDGE ( 'NONE', *, *, #5003, .F. ) ;
#628 = EDGE_CURVE ( 'NONE', #2732, #4047, #5087, .T. ) ;
#629 = VECTOR ( 'NONE', #5435, 1000.000000000000000 ) ;
#630 = CARTESIAN_POINT ( 'NONE',  ( -2.432255117136162600, 2.630637675488561600, 4.299125737131286800 ) ) ;
#631 = PLANE ( 'NONE',  #2883 ) ;
#633 = DIRECTION ( 'NONE',  ( -2.628368902995162400E-015, 1.000000000000000000, -1.821407751266292700E-015 ) ) ;
#632 = CARTESIAN_POINT ( 'NONE',  ( -0.1000000000000000100, 2.879999999999999900, -4.201714464797489300 ) ) ;
#634 = CARTESIAN_POINT ( 'NONE',  ( 4.124742925103063000, -0.8999999999999998000, -4.275000000000001200 ) ) ;
#635 = EDGE_LOOP ( 'NONE', ( #3192, #1966, #2775, #6111 ) ) ;
#636 = DIRECTION ( 'NONE',  ( 2.124908078801903100E-016, -1.000000000000000000, 0.0000000000000000000 ) ) ;
#637 = CARTESIAN_POINT ( 'NONE',  ( -0.1000000000000000100, 2.879999999999999900, 4.638502621547047500 ) ) ;
#638 = ORIENTED_EDGE ( 'NONE', *, *, #1694, .F. ) ;
#639 = LINE ( 'NONE', #7458, #4666 ) ;
#640 = AXIS2_PLACEMENT_3D ( 'NONE', #4845, #5559, #754 ) ;
#641 = EDGE_CURVE ( 'NONE', #4213, #4803, #1828, .T. ) ;
#642 = CARTESIAN_POINT ( 'NONE',  ( 7.317863657066530100, 2.247924905874342500, -8.169041460365205500 ) ) ;
#643 = CARTESIAN_POINT ( 'NONE',  ( -2.304271744735718400, 2.788920467228270400, 1.857057514601996500 ) ) ;
#644 = ORIENTED_EDGE ( 'NONE', *, *, #5225, .T. ) ;
#645 = CARTESIAN_POINT ( 'NONE',  ( 4.977251263158624500, -2.549999999999999800, -6.186080616052311900 ) ) ;
#646 = ORIENTED_EDGE ( 'NONE', *, *, #7556, .T. ) ;
#647 = LINE ( 'NONE', #132, #104 ) ;
#648 = CARTESIAN_POINT ( 'NONE',  ( -6.089999999999998100, -1.821512425149894900E-015, -1.224994274580306000 ) ) ;
#649 = ORIENTED_EDGE ( 'NONE', *, *, #952, .F. ) ;
#650 = VECTOR ( 'NONE', #4509, 1000.000000000000000 ) ;
#651 = DIRECTION ( 'NONE',  ( -0.0000000000000000000, 1.000000000000000000, -0.0000000000000000000 ) ) ;
#652 = ORIENTED_EDGE ( 'NONE', *, *, #3985, .F. ) ;
#653 = ORIENTED_EDGE ( 'NONE', *, *, #3497, .F. ) ;
#654 = VECTOR ( 'NONE', #6922, 1000.000000000000000 ) ;
#655 =( BOUNDED_CURVE ( )  B_SPLINE_CURVE ( 3, ( #504, #1962, #8281, #6 ),
 .UNSPECIFIED., .F., .F. ) 
 B_SPLINE_CURVE_WITH_KNOTS ( ( 4, 4 ),
 ( 5.345141420928249500, 7.853981633974433100 ),
 .UNSPECIFIED. ) 
 CURVE ( )  GEOMETRIC_REPRESENTATION_ITEM ( )  RATIONAL_B_SPLINE_CURVE ( ( 1.000000000000000000, 0.5407497884481167200, 0.5407497884481167200, 1.000000000000000000 ) ) 
 REPRESENTATION_ITEM ( '' )  );
#656 = EDGE_CURVE ( 'NONE', #303, #3745, #8208, .T. ) ;
#657 = AXIS2_PLACEMENT_3D ( 'NONE', #6116, #7010, #586 ) ;
#658 = CARTESIAN_POINT ( 'NONE',  ( -6.752806337296631200, 0.9383446437143888600, -9.733433712965204900 ) ) ;
#659 = ADVANCED_FACE ( 'NONE', ( #6370 ), #6811, .F. ) ;
#660 = VECTOR ( 'NONE', #5228, 1000.000000000000000 ) ;
#661 = AXIS2_PLACEMENT_3D ( 'NONE', #834, #7108, #6359 ) ;
#662 = DIRECTION ( 'NONE',  ( 0.0000000000000000000, 0.5913665711502950100, -0.8064028636642748300 ) ) ;
#664 = DIRECTION ( 'NONE',  ( -0.0000000000000000000, -0.0000000000000000000, -1.000000000000000000 ) ) ;
#663 = DIRECTION ( 'NONE',  ( 1.000000000000000000, 2.124908078801903600E-016, -0.0000000000000000000 ) ) ;
#665 = ORIENTED_EDGE ( 'NONE', *, *, #4475, .F. ) ;
#666 = DIRECTION ( 'NONE',  ( -2.376333528735351700E-015, -1.000000000000000000, 0.0000000000000000000 ) ) ;
#667 = LINE ( 'NONE', #727, #4457 ) ;
#668 = EDGE_LOOP ( 'NONE', ( #5565, #169, #4135, #3856 ) ) ;
#669 = DIRECTION ( 'NONE',  ( 1.000000000000000000, 3.614007241618349300E-016, -0.0000000000000000000 ) ) ;
#670 = VECTOR ( 'NONE', #4305, 1000.000000000000000 ) ;
#671 = ORIENTED_EDGE ( 'NONE', *, *, #4810, .F. ) ;
#672 = CARTESIAN_POINT ( 'NONE',  ( -6.590000000000029200, 1.879999999999999900, 1.963516132128314600 ) ) ;
#673 = LINE ( 'NONE', #3750, #5982 ) ;
#674 = CARTESIAN_POINT ( 'NONE',  ( -6.260000000000000700, 2.549999999999999800, -0.7050000000000007400 ) ) ;
#675 = DIRECTION ( 'NONE',  ( -1.000000000000000000, 0.0000000000000000000, 0.0000000000000000000 ) ) ;
#676 = VECTOR ( 'NONE', #2315, 1000.000000000000000 ) ;
#677 = CARTESIAN_POINT ( 'NONE',  ( 4.471070977267589600, 2.433603000734842600, 3.472414607667896600 ) ) ;
#678 = VERTEX_POINT ( 'NONE', #7503 ) ;
#679 = AXIS2_PLACEMENT_3D ( 'NONE', #6005, #1024, #2543 ) ;
#680 = EDGE_CURVE ( 'NONE', #1942, #8339, #1046, .T. ) ;
#681 = ORIENTED_EDGE ( 'NONE', *, *, #3702, .T. ) ;
#682 = DIRECTION ( 'NONE',  ( 0.05233595624294350200, 0.0000000000000000000, -0.9986295347545739400 ) ) ;
#683 = ORIENTED_EDGE ( 'NONE', *, *, #4598, .F. ) ;
#684 = VECTOR ( 'NONE', #836, 1000.000000000000000 ) ;
#685 = DIRECTION ( 'NONE',  ( 1.000000000000000000, 0.0000000000000000000, 0.0000000000000000000 ) ) ;
#686 = VECTOR ( 'NONE', #1679, 1000.000000000000000 ) ;
#687 = CARTESIAN_POINT ( 'NONE',  ( -4.441028868163967600, -2.814368043255621300, 4.045652197861753200 ) ) ;
#688 = VECTOR ( 'NONE', #1316, 1000.000000000000000 ) ;
#689 = ORIENTED_EDGE ( 'NONE', *, *, #3326, .F. ) ;
#690 = DIRECTION ( 'NONE',  ( -0.7479257170867564800, 0.07432208249995146700, -0.6596084821870709100 ) ) ;
#691 = DIRECTION ( 'NONE',  ( -0.2875185095343473200, 0.0000000000000000000, 0.9577750814649268500 ) ) ;
#692 = LINE ( 'NONE', #2540, #2317 ) ;
#693 = VECTOR ( 'NONE', #6195, 1000.000000000000000 ) ;
#694 =( BOUNDED_SURFACE ( )  B_SPLINE_SURFACE ( 3, 3, ( 
 ( #4412, #3710, #1649, #2357, #4392, #7117, #4935, #2988 ),
 ( #755, #5607, #2819, #8601, #5105, #230, #259, #202 ),
 ( #7204, #960, #7664, #6486, #3533, #1598, #5845, #3080 ),
 ( #7893, #4446, #284, #6431, #5076, #7959, #2451, #5962 ) ),
 .UNSPECIFIED., .F., .F., .F. ) 
 B_SPLINE_SURFACE_WITH_KNOTS ( ( 4, 4 ),
 ( 4, 2, 2, 4 ),
 ( 0.0000000000000000000, 1.000000000000000000 ),
 ( -0.09999999999979582200, 1.812531649762966300E-013, 0.9999999999999521500, 1.099999999999929300 ),
 .UNSPECIFIED. ) 
 GEOMETRIC_REPRESENTATION_ITEM ( )  RATIONAL_B_SPLINE_SURFACE ( (
 ( 1.000000000000000000, 1.000000000000000000, 1.000000000000000000, 1.000000000000000000, 1.000000000000000000, 1.000000000000000000, 1.000000000000000000, 1.000000000000000000),
 ( 0.4035898668786847000, 0.4035898668786847000, 0.4035898668786859200, 0.4035898668786859200, 0.4035898668786842600, 0.4035898668786842600, 0.4035898668786864800, 0.4035898668786864800),
 ( 0.4035898668786847000, 0.4035898668786847000, 0.4035898668786859200, 0.4035898668786859200, 0.4035898668786842600, 0.4035898668786842600, 0.4035898668786864800, 0.4035898668786864800),
 ( 1.000000000000000000, 1.000000000000000000, 1.000000000000000000, 1.000000000000000000, 1.000000000000000000, 1.000000000000000000, 1.000000000000000000, 1.000000000000000000) ) ) 
 REPRESENTATION_ITEM ( '' )  SURFACE ( )  );
#696 = CARTESIAN_POINT ( 'NONE',  ( 6.539999999999999100, 0.6099088255744773400, -3.371594611156200700 ) ) ;
#695 = CARTESIAN_POINT ( 'NONE',  ( -5.809414597324542100, 1.263573089030711300, 0.7034212491993534500 ) ) ;
#697 = DIRECTION ( 'NONE',  ( 2.277634914236022700E-015, -0.8064028636642744900, -0.5913665711502956700 ) ) ;
#698 = EDGE_CURVE ( 'NONE', #5772, #8659, #2687, .T. ) ;
#699 = DIRECTION ( 'NONE',  ( 0.0000000000000000000, -1.000000000000000000, 0.0000000000000000000 ) ) ;
#700 = LINE ( 'NONE', #8215, #4172 ) ;
#701 = ORIENTED_EDGE ( 'NONE', *, *, #6815, .F. ) ;
#702 = VECTOR ( 'NONE', #5751, 1000.000000000000000 ) ;
#703 = DIRECTION ( 'NONE',  ( 0.0000000000000000000, -1.000000000000000000, 0.0000000000000000000 ) ) ;
#704 = DIRECTION ( 'NONE',  ( -0.0000000000000000000, 1.000000000000000000, -0.0000000000000000000 ) ) ;
#705 = EDGE_CURVE ( 'NONE', #5927, #5676, #8653, .T. ) ;
#706 = DIRECTION ( 'NONE',  ( -0.04222409276774567000, -0.5908391699278822100, -0.8056836856166765800 ) ) ;
#707 = FACE_OUTER_BOUND ( 'NONE', #1186, .T. ) ;
#708 = ORIENTED_EDGE ( 'NONE', *, *, #3353, .F. ) ;
#709 = ADVANCED_FACE ( 'NONE', ( #379 ), #5424, .F. ) ;
#710 = FACE_OUTER_BOUND ( 'NONE', #8329, .T. ) ;
#711 = ORIENTED_EDGE ( 'NONE', *, *, #7757, .T. ) ;
#712 = CARTESIAN_POINT ( 'NONE',  ( -6.540000000000000000, 0.6099088255744773400, -3.677662888415996500 ) ) ;
#713 = DIRECTION ( 'NONE',  ( -4.336808689942015400E-015, -1.000000000000000000, 0.0000000000000000000 ) ) ;
#714 = ORIENTED_EDGE ( 'NONE', *, *, #8098, .F. ) ;
#715 = EDGE_CURVE ( 'NONE', #5676, #2363, #84, .T. ) ;
#716 = CARTESIAN_POINT ( 'NONE',  ( 6.589999999999999000, 0.1500911744255224400, -3.371594611156200700 ) ) ;
#717 = LINE ( 'NONE', #4323, #8190 ) ;
#718 = CARTESIAN_POINT ( 'NONE',  ( -6.589999999999999000, -1.972096060217325800E-015, 4.037451760663493900 ) ) ;
#719 = CARTESIAN_POINT ( 'NONE',  ( 6.589999999999999000, 0.6099088255744773400, -3.371594611156200700 ) ) ;
#720 = ORIENTED_EDGE ( 'NONE', *, *, #7141, .T. ) ;
#721 = DIRECTION ( 'NONE',  ( -1.000000000000000000, 0.0000000000000000000, 0.0000000000000000000 ) ) ;
#722 = ORIENTED_EDGE ( 'NONE', *, *, #7085, .T. ) ;
#723 = ORIENTED_EDGE ( 'NONE', *, *, #1523, .F. ) ;
#724 = EDGE_CURVE ( 'NONE', #7911, #3628, #4519, .T. ) ;
#725 = AXIS2_PLACEMENT_3D ( 'NONE', #1857, #491, #433 ) ;
#726 = EDGE_CURVE ( 'NONE', #3683, #4409, #4618, .T. ) ;
#727 = CARTESIAN_POINT ( 'NONE',  ( -4.590000000000000700, 1.050000000000001400, -5.775000000000000400 ) ) ;
#728 = PLANE ( 'NONE',  #5431 ) ;
#729 = AXIS2_PLACEMENT_3D ( 'NONE', #3144, #1100, #4523 ) ;
#730 = DIRECTION ( 'NONE',  ( 1.000000000000000000, 0.0000000000000000000, 0.0000000000000000000 ) ) ;
#731 = ORIENTED_EDGE ( 'NONE', *, *, #2809, .F. ) ;
#732 = ORIENTED_EDGE ( 'NONE', *, *, #5781, .T. ) ;
#733 = VERTEX_POINT ( 'NONE', #587 ) ;
#734 = ORIENTED_EDGE ( 'NONE', *, *, #1896, .T. ) ;
#735 = CARTESIAN_POINT ( 'NONE',  ( 0.8147429251030625700, -1.150000000000017500, -4.275000000000001200 ) ) ;
#736 = AXIS2_PLACEMENT_3D ( 'NONE', #4117, #7568, #3437 ) ;
#737 = ORIENTED_EDGE ( 'NONE', *, *, #507, .F. ) ;
#738 = DIRECTION ( 'NONE',  ( -4.930380657631322700E-032, 1.484869283384553200E-047, -1.000000000000000000 ) ) ;
#739 = AXIS2_PLACEMENT_3D ( 'NONE', #2476, #1082, #462 ) ;
#740 = ORIENTED_EDGE ( 'NONE', *, *, #5312, .F. ) ;
#741 = LOCAL_TIME ( 5, 31, 5.000000000000000000, #2589 ) ;
#742 = CARTESIAN_POINT ( 'NONE',  ( 5.644719013166538300, -0.6199999999999998800, 0.06859395390248329600 ) ) ;
#743 = EDGE_CURVE ( 'NONE', #2553, #4920, #1260, .T. ) ;
#744 = EDGE_LOOP ( 'NONE', ( #978, #7671, #520, #1916 ) ) ;
#745 = VERTEX_POINT ( 'NONE', #2004 ) ;
#746 = ADVANCED_FACE ( 'NONE', ( #5381 ), #1914, .F. ) ;
#747 = DIRECTION ( 'NONE',  ( -0.2873578278746630200, -0.03342755118621454400, -0.9572398223960643100 ) ) ;
#748 = EDGE_CURVE ( 'NONE', #5148, #368, #257, .T. ) ;
#749 = VERTEX_POINT ( 'NONE', #513 ) ;
#750 = VECTOR ( 'NONE', #730, 1000.000000000000000 ) ;
#751 = VERTEX_POINT ( 'NONE', #8222 ) ;
#752 = ORIENTED_EDGE ( 'NONE', *, *, #4506, .T. ) ;
#753 = ORIENTED_EDGE ( 'NONE', *, *, #381, .T. ) ;
#754 = DIRECTION ( 'NONE',  ( 0.0000000000000000000, 0.0000000000000000000, 1.000000000000000000 ) ) ;
#755 = CARTESIAN_POINT ( 'NONE',  ( -6.781881027280249400, 1.049672987943580900, -10.72147276799930200 ) ) ;
#756 = EDGE_CURVE ( 'NONE', #5185, #333, #8734, .T. ) ;
#757 = CARTESIAN_POINT ( 'NONE',  ( -3.575257074896936800, -0.8999999999999998000, -9.124999999999998200 ) ) ;
#758 = ORIENTED_EDGE ( 'NONE', *, *, #3531, .F. ) ;
#759 = FACE_OUTER_BOUND ( 'NONE', #4480, .T. ) ;
#760 = DIRECTION ( 'NONE',  ( -1.000000000000000000, -3.011672701348624000E-016, -0.0000000000000000000 ) ) ;
#761 = VERTEX_POINT ( 'NONE', #2867 ) ;
#762 = VECTOR ( 'NONE', #5416, 1000.000000000000000 ) ;
#763 = VERTEX_POINT ( 'NONE', #2800 ) ;
#764 = VECTOR ( 'NONE', #6183, 1000.000000000000000 ) ;
#765 = CARTESIAN_POINT ( 'NONE',  ( -4.504716842426745400, 2.484345597614078500, 2.830413255589193400 ) ) ;
#766 = EDGE_LOOP ( 'NONE', ( #4266, #2173, #2376, #2835 ) ) ;
#767 = CARTESIAN_POINT ( 'NONE',  ( -6.540000000000000000, 0.3033637248085074300, -3.830697027045894200 ) ) ;
#768 = VERTEX_POINT ( 'NONE', #4942 ) ;
#769 = LINE ( 'NONE', #4488, #3931 ) ;
#770 = ORIENTED_EDGE ( 'NONE', *, *, #85, .T. ) ;
#771 = CARTESIAN_POINT ( 'NONE',  ( -2.413857417394556400, 2.782424515760231200, 3.948076713621953000 ) ) ;
#772 = CARTESIAN_POINT ( 'NONE',  ( 6.811409716464076800, 2.484345597614072700, 3.541608534801086600 ) ) ;
#773 = VECTOR ( 'NONE', #2654, 1000.000000000000000 ) ;
#774 = CARTESIAN_POINT ( 'NONE',  ( 0.0000000000000000000, 2.779999999999999800, -6.775000000000000400 ) ) ;
#775 = ORIENTED_EDGE ( 'NONE', *, *, #6715, .T. ) ;
#776 = DIRECTION ( 'NONE',  ( 2.124908078801903100E-016, -1.000000000000000000, -0.0000000000000000000 ) ) ;
#777 = VECTOR ( 'NONE', #8425, 1000.000000000000000 ) ;
#778 = ORIENTED_EDGE ( 'NONE', *, *, #3067, .F. ) ;
#779 = VECTOR ( 'NONE', #3482, 1000.000000000000000 ) ;
#780 = EDGE_LOOP ( 'NONE', ( #4448, #3580, #5337, #6238, #7926 ) ) ;
#781 = EDGE_CURVE ( 'NONE', #3138, #4186, #8399, .T. ) ;
#782 = CARTESIAN_POINT ( 'NONE',  ( -2.355283157573256200, -2.484345597614083800, 2.830413255589193000 ) ) ;
#783 = ORIENTED_EDGE ( 'NONE', *, *, #8703, .T. ) ;
#784 = AXIS2_PLACEMENT_3D ( 'NONE', #1915, #6762, #5272 ) ;
#786 = CARTESIAN_POINT ( 'NONE',  ( -1.685257074896937500, -1.150000000000035000, -5.775000000000000400 ) ) ;
#785 = CARTESIAN_POINT ( 'NONE',  ( 1.835212641700700000, -1.150000000000017200, -4.275000000000001200 ) ) ;
#787 = DIRECTION ( 'NONE',  ( 1.000000000000000000, -3.011672701348624000E-016, 0.0000000000000000000 ) ) ;
#788 = VECTOR ( 'NONE', #6716, 1000.000000000000000 ) ;
#789 = VECTOR ( 'NONE', #4639, 1000.000000000000000 ) ;
#790 = LINE ( 'NONE', #5545, #2312 ) ;
#791 = DIRECTION ( 'NONE',  ( -0.1521599633690915400, 0.03449312277525671400, -0.9877538003109518300 ) ) ;
#792 = ORIENTED_EDGE ( 'NONE', *, *, #2695, .T. ) ;
#793 = EDGE_LOOP ( 'NONE', ( #869, #1665, #8830, #3483, #5872 ) ) ;
#794 = CARTESIAN_POINT ( 'NONE',  ( -4.517461965990142000, -2.406906743079788600, 2.587221810773985700 ) ) ;
#795 = VECTOR ( 'NONE', #4322, 1000.000000000000000 ) ;
#796 = CARTESIAN_POINT ( 'NONE',  ( -4.590000000000000700, -2.449999999999999700, -6.775000000000000400 ) ) ;
#797 = AXIS2_PLACEMENT_3D ( 'NONE', #1843, #8868, #1881 ) ;
#798 = EDGE_CURVE ( 'NONE', #6301, #6366, #1481, .T. ) ;
#799 = VECTOR ( 'NONE', #7617, 1000.000000000000000 ) ;
#800 = CARTESIAN_POINT ( 'NONE',  ( -4.185257074896937500, 1.049999999999947900, -4.275000000000001200 ) ) ;
#801 = ADVANCED_FACE ( 'NONE', ( #8958 ), #2109, .F. ) ;
#802 = ORIENTED_EDGE ( 'NONE', *, *, #412, .F. ) ;
#803 = AXIS2_PLACEMENT_3D ( 'NONE', #6875, #481, #8839 ) ;
#804 = FACE_OUTER_BOUND ( 'NONE', #4463, .T. ) ;
#805 = VECTOR ( 'NONE', #8756, 1000.000000000000000 ) ;
#806 = DIRECTION ( 'NONE',  ( -0.04222409276774596200, -0.5908391699278813200, 0.8056836856166772500 ) ) ;
#807 = CARTESIAN_POINT ( 'NONE',  ( -6.171250739718259700, -5.263181610785591300, 0.6458331628360934900 ) ) ;
#808 = ADVANCED_FACE ( 'NONE', ( #2329 ), #8402, .F. ) ;
#809 = LINE ( 'NONE', #7361, #588 ) ;
#810 = ORIENTED_EDGE ( 'NONE', *, *, #4298, .F. ) ;
#811 = LINE ( 'NONE', #4772, #4175 ) ;
#813 = CARTESIAN_POINT ( 'NONE',  ( -1.075257074896937200, -0.8999999999999998000, -9.324999999999995700 ) ) ;
#812 = PLANE ( 'NONE',  #2391 ) ;
#814 = CARTESIAN_POINT ( 'NONE',  ( 4.681060305752856400, 2.879999999999999900, -0.5344204721237297800 ) ) ;
#815 = EDGE_CURVE ( 'NONE', #2218, #1470, #7104, .T. ) ;
#816 = LINE ( 'NONE', #4177, #4957 ) ;
#817 = ORIENTED_EDGE ( 'NONE', *, *, #82, .F. ) ;
#818 = VECTOR ( 'NONE', #4862, 1000.000000000000000 ) ;
#819 = ORIENTED_EDGE ( 'NONE', *, *, #2019, .F. ) ;
#820 = DIRECTION ( 'NONE',  ( -0.0000000000000000000, -0.0000000000000000000, -1.000000000000000000 ) ) ;
#821 = MECHANICAL_CONTEXT ( 'NONE', #149, 'mechanical' ) ;
#822 = CARTESIAN_POINT ( 'NONE',  ( 2.380158439298849100, -2.406906743079792600, 3.305061906340967400 ) ) ;
#823 = ORIENTED_EDGE ( 'NONE', *, *, #5903, .T. ) ;
#824 = CARTESIAN_POINT ( 'NONE',  ( 6.811409716464077700, -2.613887054990807500, 2.095737635784122900 ) ) ;
#825 = CARTESIAN_POINT ( 'NONE',  ( -6.589999999999971400, 1.879999999999999900, 1.963516132128359600 ) ) ;
#826 = PLANE ( 'NONE',  #2939 ) ;
#827 = EDGE_CURVE ( 'NONE', #7450, #6266, #2126, .T. ) ;
#828 = AXIS2_PLACEMENT_3D ( 'NONE', #3905, #7439, #417 ) ;
#829 = CARTESIAN_POINT ( 'NONE',  ( -4.640307561336753000, -1.879999999999999700, 0.2431882144799621700 ) ) ;
#830 = ORIENTED_EDGE ( 'NONE', *, *, #2198, .T. ) ;
#831 = LINE ( 'NONE', #4269, #4517 ) ;
#832 = ORIENTED_EDGE ( 'NONE', *, *, #6801, .T. ) ;
#833 = ORIENTED_EDGE ( 'NONE', *, *, #1987, .T. ) ;
#834 = CARTESIAN_POINT ( 'NONE',  ( 7.033248313036693000, -5.263181610785594000, 0.9045998214170085600 ) ) ;
#835 = ADVANCED_FACE ( 'NONE', ( #6895, #3324 ), #7594, .T. ) ;
#837 = CARTESIAN_POINT ( 'NONE',  ( 3.524742925103062900, -0.9000000000000000200, -9.124999999999998200 ) ) ;
#836 = DIRECTION ( 'NONE',  ( -0.0000000000000000000, -0.0000000000000000000, -1.000000000000000000 ) ) ;
#838 = CARTESIAN_POINT ( 'NONE',  ( 3.726944955304026900E-016, 1.237499995811332600, -0.04321445209976647300 ) ) ;
#839 = EDGE_LOOP ( 'NONE', ( #6965, #1608, #1899, #4271, #3395, #2914, #8545, #203, #8485, #6499, #8970, #7145 ) ) ;
#840 = VERTEX_POINT ( 'NONE', #5516 ) ;
#841 = ORIENTED_EDGE ( 'NONE', *, *, #507, .T. ) ;
#842 = EDGE_CURVE ( 'NONE', #8956, #1119, #5157, .T. ) ;
#843 = FACE_OUTER_BOUND ( 'NONE', #4288, .T. ) ;
#844 = EDGE_CURVE ( 'NONE', #6279, #7612, #256, .T. ) ;
#845 = PERSON_AND_ORGANIZATION ( #2266, #3475 ) ;
#846 = DIRECTION ( 'NONE',  ( 2.124908078801903100E-016, -1.000000000000000000, -0.0000000000000000000 ) ) ;
#847 = APPROVAL_ROLE ( '' ) ;
#848 = CARTESIAN_POINT ( 'NONE',  ( -6.459581821358177900, 1.228021301603107400, -0.3146487402378814700 ) ) ;
#849 = EDGE_LOOP ( 'NONE', ( #2465, #2484, #2364, #5517 ) ) ;
#850 = CARTESIAN_POINT ( 'NONE',  ( 2.392555322793334500, -2.484345597614083400, 3.541608534801085300 ) ) ;
#851 = VERTEX_POINT ( 'NONE', #2170 ) ;
#852 = FACE_OUTER_BOUND ( 'NONE', #7230, .T. ) ;
#853 = CARTESIAN_POINT ( 'NONE',  ( -2.392555322793331800, -2.484345597614083800, 3.541608534801085300 ) ) ;
#854 = DIRECTION ( 'NONE',  ( 1.000000000000000000, 0.0000000000000000000, 0.0000000000000000000 ) ) ;
#855 = DIRECTION ( 'NONE',  ( -1.000000000000000000, 0.0000000000000000000, 0.0000000000000000000 ) ) ;
#856 = DIRECTION ( 'NONE',  ( -1.961413506046832800E-015, 0.8064028636642748300, 0.5913665711502950100 ) ) ;
#857 = EDGE_LOOP ( 'NONE', ( #2466, #2726, #4001, #5639 ) ) ;
#858 = CARTESIAN_POINT ( 'NONE',  ( -2.321093214235650000, -2.880000000000000300, 2.178030273418619900 ) ) ;
#859 = ORIENTED_EDGE ( 'NONE', *, *, #8119, .F. ) ;
#860 = VECTOR ( 'NONE', #17, 1000.000000000000000 ) ;
#861 = EDGE_CURVE ( 'NONE', #6276, #5217, #52, .T. ) ;
#862 = ORIENTED_EDGE ( 'NONE', *, *, #1946, .T. ) ;
#863 = DIRECTION ( 'NONE',  ( 1.000000000000000000, 3.011672701348624000E-016, 0.0000000000000000000 ) ) ;
#864 = LINE ( 'NONE', #5758, #7151 ) ;
#865 = PLANE ( 'NONE',  #3467 ) ;
#866 = ORIENTED_EDGE ( 'NONE', *, *, #2584, .T. ) ;
#867 = CARTESIAN_POINT ( 'NONE',  ( 4.471623671555645000, 2.425869183073551500, 3.461868572410963000 ) ) ;
#868 = EDGE_CURVE ( 'NONE', #7148, #8725, #3217, .T. ) ;
#869 = ORIENTED_EDGE ( 'NONE', *, *, #1373, .T. ) ;
#870 = CYLINDRICAL_SURFACE ( 'NONE', #4505, 0.1800000000000003500 ) ;
#871 = VECTOR ( 'NONE', #3898, 1000.000000000000000 ) ;
#872 = ORIENTED_EDGE ( 'NONE', *, *, #7584, .F. ) ;
#873 = EDGE_CURVE ( 'NONE', #8740, #4213, #3755, .T. ) ;
#874 = PERSON_AND_ORGANIZATION_ROLE ( 'creator' ) ;
#875 = VECTOR ( 'NONE', #4308, 1000.000000000000000 ) ;
#876 = ORIENTED_EDGE ( 'NONE', *, *, #1048, .T. ) ;
#877 = LINE ( 'NONE', #7535, #1097 ) ;
#878 = ORIENTED_EDGE ( 'NONE', *, *, #6797, .F. ) ;
#879 = ORIENTED_EDGE ( 'NONE', *, *, #5600, .T. ) ;
#880 = ADVANCED_FACE ( 'NONE', ( #1381 ), #6456, .F. ) ;
#881 = EDGE_CURVE ( 'NONE', #8529, #3333, #5270, .T. ) ;
#882 = FACE_OUTER_BOUND ( 'NONE', #7912, .T. ) ;
#883 = CARTESIAN_POINT ( 'NONE',  ( 5.820683886816488500, 1.262262163366664400, 0.6658812498487637300 ) ) ;
#884 = CARTESIAN_POINT ( 'NONE',  ( 1.770000000000001600, -2.549999999999999800, -6.774999999999999500 ) ) ;
#885 = VECTOR ( 'NONE', #6853, 1000.000000000000000 ) ;
#886 = ORIENTED_EDGE ( 'NONE', *, *, #1812, .T. ) ;
#887 = DIRECTION ( 'NONE',  ( 1.000000000000000000, 0.0000000000000000000, 0.0000000000000000000 ) ) ;
#888 = VECTOR ( 'NONE', #2403, 1000.000000000000000 ) ;
#889 = DIRECTION ( 'NONE',  ( 0.0000000000000000000, -0.5913665711502950100, 0.8064028636642748300 ) ) ;
#890 = ORIENTED_EDGE ( 'NONE', *, *, #907, .T. ) ;
#891 = DIRECTION ( 'NONE',  ( 1.000000000000000000, 0.0000000000000000000, 0.0000000000000000000 ) ) ;
#892 = ORIENTED_EDGE ( 'NONE', *, *, #7556, .F. ) ;
#893 = CARTESIAN_POINT ( 'NONE',  ( 6.259999999999999800, -0.7200000000000000800, 4.174999999999999800 ) ) ;
#894 = VECTOR ( 'NONE', #2127, 1000.000000000000100 ) ;
#895 = EDGE_CURVE ( 'NONE', #1109, #6528, #2878, .T. ) ;
#896 = EDGE_CURVE ( 'NONE', #2344, #3674, #7649, .T. ) ;
#897 = VECTOR ( 'NONE', #6688, 1000.000000000000000 ) ;
#898 = DIRECTION ( 'NONE',  ( 1.000000000000000000, 0.0000000000000000000, 0.0000000000000000000 ) ) ;
#899 = ORIENTED_EDGE ( 'NONE', *, *, #698, .T. ) ;
#900 = CARTESIAN_POINT ( 'NONE',  ( -6.589999999999999000, 1.576386051322852700, 4.171510050329749800 ) ) ;
#901 = VECTOR ( 'NONE', #3833, 1000.000000000000000 ) ;
#902 = VECTOR ( 'NONE', #8655, 1000.000000000000000 ) ;
#903 = DIRECTION ( 'NONE',  ( 0.0000000000000000000, 0.0000000000000000000, 1.000000000000000000 ) ) ;
#904 = PLANE ( 'NONE',  #6831 ) ;
#905 = CARTESIAN_POINT ( 'NONE',  ( -2.355283157573256200, 2.484345597614083800, 2.830413255589193000 ) ) ;
#906 = LINE ( 'NONE', #6708, #3527 ) ;
#907 = EDGE_CURVE ( 'NONE', #8539, #8758, #6992, .T. ) ;
#908 = ORIENTED_EDGE ( 'NONE', *, *, #5241, .F. ) ;
#909 = PLANE ( 'NONE',  #6252 ) ;
#910 = LINE ( 'NONE', #3033, #4609 ) ;
#911 = CARTESIAN_POINT ( 'NONE',  ( 6.459581821358177000, -5.263181610785594000, -0.3146487402378805900 ) ) ;
#912 = EDGE_CURVE ( 'NONE', #4399, #2936, #7853, .T. ) ;
#913 = LINE ( 'NONE', #5771, #6351 ) ;
#914 = CARTESIAN_POINT ( 'NONE',  ( -7.628237703307986500, 2.235293145312248400, -8.281148335353792700 ) ) ;
#915 = ORIENTED_EDGE ( 'NONE', *, *, #503, .T. ) ;
#916 = DIRECTION ( 'NONE',  ( 0.0000000000000000000, 0.0000000000000000000, 1.000000000000000000 ) ) ;
#917 = FACE_OUTER_BOUND ( 'NONE', #3218, .T. ) ;
#918 = ORIENTED_EDGE ( 'NONE', *, *, #1655, .F. ) ;
#919 = CARTESIAN_POINT ( 'NONE',  ( 4.909999999999998400, 2.549999999999999800, -0.7050000000000007400 ) ) ;
#920 =( BOUNDED_CURVE ( )  B_SPLINE_CURVE ( 3, ( #5187, #5937, #8019, #6673 ),
 .UNSPECIFIED., .F., .F. ) 
 B_SPLINE_CURVE_WITH_KNOTS ( ( 4, 4 ),
 ( 0.9380438862512305900, 1.570796326794846400 ),
 .UNSPECIFIED. ) 
 CURVE ( )  GEOMETRIC_REPRESENTATION_ITEM ( )  RATIONAL_B_SPLINE_CURVE ( ( 1.000000000000000000, 0.9669127352965447600, 0.9669127352965447600, 1.000000000000000000 ) ) 
 REPRESENTATION_ITEM ( '' )  );
#921 = ADVANCED_FACE ( 'NONE', ( #917 ), #1546, .T. ) ;
#922 = DIRECTION ( 'NONE',  ( 0.0000000000000000000, -0.5913665711502953400, -0.8064028636642744900 ) ) ;
#923 = VERTEX_POINT ( 'NONE', #2279 ) ;
#924 = CARTESIAN_POINT ( 'NONE',  ( 4.335212641700700000, 1.050000000000000300, -4.275000000000001200 ) ) ;
#925 = LINE ( 'NONE', #1561, #4960 ) ;
#926 = EDGE_CURVE ( 'NONE', #4023, #6132, #5798, .T. ) ;
#927 =( BOUNDED_CURVE ( )  B_SPLINE_CURVE ( 3, ( #6658, #6784, #7414, #1141 ),
 .UNSPECIFIED., .F., .F. ) 
 B_SPLINE_CURVE_WITH_KNOTS ( ( 4, 4 ),
 ( 4.079636539841074800, 4.712388980384689700 ),
 .UNSPECIFIED. ) 
 CURVE ( )  GEOMETRIC_REPRESENTATION_ITEM ( )  RATIONAL_B_SPLINE_CURVE ( ( 1.000000000000000000, 0.9669127352965448700, 0.9669127352965448700, 1.000000000000000000 ) ) 
 REPRESENTATION_ITEM ( '' )  );
#928 = ORIENTED_EDGE ( 'NONE', *, *, #4828, .T. ) ;
#929 = ADVANCED_FACE ( 'NONE', ( #6676 ), #5083, .T. ) ;
#930 = CARTESIAN_POINT ( 'NONE',  ( -0.8752570748969376000, -1.149999999999999700, -4.275000000000001200 ) ) ;
#931 = VERTEX_POINT ( 'NONE', #2896 ) ;
#933 = DIRECTION ( 'NONE',  ( -6.575096806820984800E-017, 0.0000000000000000000, -1.000000000000000000 ) ) ;
#932 = DIRECTION ( 'NONE',  ( 0.0000000000000000000, 1.000000000000000000, 0.0000000000000000000 ) ) ;
#934 = VERTEX_POINT ( 'NONE', #5059 ) ;
#935 = ORIENTED_EDGE ( 'NONE', *, *, #5655, .F. ) ;
#936 = VERTEX_POINT ( 'NONE', #7848 ) ;
#937 = ORIENTED_EDGE ( 'NONE', *, *, #5447, .T. ) ;
#938 = ORIENTED_EDGE ( 'NONE', *, *, #5949, .T. ) ;
#939 = LINE ( 'NONE', #7417, #8323 ) ;
#940 = VERTEX_POINT ( 'NONE', #6350 ) ;
#941 = CARTESIAN_POINT ( 'NONE',  ( 1.624742925103062500, -1.150000000000017200, -5.775000000000000400 ) ) ;
#942 = EDGE_CURVE ( 'NONE', #6756, #8517, #3970, .T. ) ;
#943 = DIRECTION ( 'NONE',  ( -2.376333528735351700E-015, 1.000000000000000000, 0.0000000000000000000 ) ) ;
#944 = AXIS2_PLACEMENT_3D ( 'NONE', #2215, #5695, #107 ) ;
#945 = DIRECTION ( 'NONE',  ( 1.431289996680534200E-016, 0.0000000000000000000, -1.000000000000000000 ) ) ;
#946 = EDGE_LOOP ( 'NONE', ( #1439, #5478, #8622, #2503 ) ) ;
#947 = DIRECTION ( 'NONE',  ( -1.000000000000000000, 0.0000000000000000000, 0.0000000000000000000 ) ) ;
#948 = CARTESIAN_POINT ( 'NONE',  ( -0.1000000000000000100, 2.779999999999999800, -4.826190669741540900 ) ) ;
#949 = ORIENTED_EDGE ( 'NONE', *, *, #6961, .F. ) ;
#950 = CIRCLE ( 'NONE', #1848, 0.1799999999999997700 ) ;
#951 = AXIS2_PLACEMENT_3D ( 'NONE', #7094, #8546, #262 ) ;
#952 = EDGE_CURVE ( 'NONE', #7544, #851, #6786, .T. ) ;
#953 = VERTEX_POINT ( 'NONE', #2316 ) ;
#954 = ORIENTED_EDGE ( 'NONE', *, *, #105, .T. ) ;
#955 =( BOUNDED_CURVE ( )  B_SPLINE_CURVE ( 3, ( #1611, #2150, #3649, #4953 ),
 .UNSPECIFIED., .F., .F. ) 
 B_SPLINE_CURVE_WITH_KNOTS ( ( 4, 4 ),
 ( 5.345141420928249500, 7.853981633974433100 ),
 .UNSPECIFIED. ) 
 CURVE ( )  GEOMETRIC_REPRESENTATION_ITEM ( )  RATIONAL_B_SPLINE_CURVE ( ( 1.000000000000000000, 0.5407497884481167200, 0.5407497884481167200, 1.000000000000000000 ) ) 
 REPRESENTATION_ITEM ( '' )  );
#956 = CARTESIAN_POINT ( 'NONE',  ( 0.0000000000000000000, 1.879999999999999700, -0.7050000000000005200 ) ) ;
#957 = ORIENTED_EDGE ( 'NONE', *, *, #6991, .F. ) ;
#958 = FACE_OUTER_BOUND ( 'NONE', #7623, .T. ) ;
#959 = DIRECTION ( 'NONE',  ( -2.992734897828183500E-016, -0.9937118653325240900, 0.1119675341219746000 ) ) ;
#961 = CARTESIAN_POINT ( 'NONE',  ( 0.0000000000000000000, 2.779999999999999800, -6.775000000000000400 ) ) ;
#960 = CARTESIAN_POINT ( 'NONE',  ( -6.771417742933304700, 1.960711421997494800, -10.71806112977182200 ) ) ;
#962 = ORIENTED_EDGE ( 'NONE', *, *, #844, .F. ) ;
#963 = CARTESIAN_POINT ( 'NONE',  ( -7.332232615238416100, 0.7283338183993207600, -7.869587638293979600 ) ) ;
#964 = ADVANCED_FACE ( 'NONE', ( #3002 ), #6465, .F. ) ;
#965 = VERTEX_POINT ( 'NONE', #8461 ) ;
#966 = DIRECTION ( 'NONE',  ( -0.0000000000000000000, -0.0000000000000000000, -1.000000000000000000 ) ) ;
#967 = CARTESIAN_POINT ( 'NONE',  ( 6.539999999999999100, 0.6099088255744773400, -3.830697027045894200 ) ) ;
#968 = ORIENTED_EDGE ( 'NONE', *, *, #3652, .T. ) ;
#969 = VECTOR ( 'NONE', #8946, 1000.000000000000000 ) ;
#970 = DIRECTION ( 'NONE',  ( 2.124908078801903100E-016, -1.000000000000000000, -0.0000000000000000000 ) ) ;
#971 = ORIENTED_EDGE ( 'NONE', *, *, #3326, .T. ) ;
#972 = VECTOR ( 'NONE', #8282, 1000.000000000000100 ) ;
#973 = EDGE_LOOP ( 'NONE', ( #7473, #5419, #5131, #4195 ) ) ;
#974 = CARTESIAN_POINT ( 'NONE',  ( -4.185257074896937500, 1.049999999999947900, -5.775000000000000400 ) ) ;
#975 = ADVANCED_FACE ( 'NONE', ( #5500 ), #5032, .T. ) ;
#976 = VECTOR ( 'NONE', #8080, 1000.000000000000000 ) ;
#977 = EDGE_CURVE ( 'NONE', #1470, #1486, #1020, .T. ) ;
#978 = ORIENTED_EDGE ( 'NONE', *, *, #394, .T. ) ;
#979 = VERTEX_POINT ( 'NONE', #3748 ) ;
#980 = VECTOR ( 'NONE', #1708, 1000.000000000000000 ) ;
#981 = ORIENTED_EDGE ( 'NONE', *, *, #5144, .T. ) ;
#982 = CARTESIAN_POINT ( 'NONE',  ( -6.459581821358177900, -0.4680213016031000200, -0.3146487402378818100 ) ) ;
#983 = DIRECTION ( 'NONE',  ( -1.000000000000000000, 2.628368902995162800E-015, -2.673649675311311800E-016 ) ) ;
#984 = FACE_OUTER_BOUND ( 'NONE', #2044, .T. ) ;
#985 = CARTESIAN_POINT ( 'NONE',  ( 5.803248313036694300, -0.5064080463208720000, 0.7846038042067705600 ) ) ;
#986 = FACE_OUTER_BOUND ( 'NONE', #4617, .T. ) ;
#987 = ORIENTED_EDGE ( 'NONE', *, *, #1640, .T. ) ;
#988 = LINE ( 'NONE', #1301, #124 ) ;
#989 = ORIENTED_EDGE ( 'NONE', *, *, #236, .T. ) ;
#991 = ORIENTED_EDGE ( 'NONE', *, *, #6212, .F. ) ;
#990 =( BOUNDED_CURVE ( )  B_SPLINE_CURVE ( 3, ( #4004, #566, #630, #8875 ),
 .UNSPECIFIED., .F., .F. ) 
 B_SPLINE_CURVE_WITH_KNOTS ( ( 4, 4 ),
 ( 1.570796326794846400, 4.079636539841024100 ),
 .UNSPECIFIED. ) 
 CURVE ( )  GEOMETRIC_REPRESENTATION_ITEM ( )  RATIONAL_B_SPLINE_CURVE ( ( 1.000000000000000000, 0.5407497884481186100, 0.5407497884481186100, 1.000000000000000000 ) ) 
 REPRESENTATION_ITEM ( '' )  );
#992 = LINE ( 'NONE', #3247, #5468 ) ;
#993 = PLANE ( 'NONE',  #8733 ) ;
#994 = CARTESIAN_POINT ( 'NONE',  ( -4.492319958932258200, -2.406906743079788100, 3.066959884049311300 ) ) ;
#995 = CARTESIAN_POINT ( 'NONE',  ( -2.363183157159808500, 2.406906743079793500, 2.981154227533194600 ) ) ;
#996 = CIRCLE ( 'NONE', #7600, 0.1999999999999992300 ) ;
#997 = CARTESIAN_POINT ( 'NONE',  ( -1.950000000000001300, -2.549999999999999800, -0.7050000000000005200 ) ) ;
#998 = LINE ( 'NONE', #5952, #5996 ) ;
#999 = ORIENTED_EDGE ( 'NONE', *, *, #8866, .T. ) ;
#1000 = EDGE_CURVE ( 'NONE', #751, #5858, #3778, .T. ) ;
#1001 = AXIS2_PLACEMENT_3D ( 'NONE', #3878, #7292, #8036 ) ;
#1002 = VECTOR ( 'NONE', #898, 1000.000000000000000 ) ;
#1003 = DIRECTION ( 'NONE',  ( -0.0000000000000000000, -1.000000000000000000, -0.0000000000000000000 ) ) ;
#1004 = LINE ( 'NONE', #674, #693 ) ;
#1005 = CARTESIAN_POINT ( 'NONE',  ( 3.924742925103062800, -0.8999999999999998000, -9.124999999999998200 ) ) ;
#1006 = ORIENTED_EDGE ( 'NONE', *, *, #195, .T. ) ;
#1007 = CARTESIAN_POINT ( 'NONE',  ( -6.590000000000000700, -2.879999999999999900, -6.775000000000000400 ) ) ;
#1008 = VECTOR ( 'NONE', #327, 999.9999999999998900 ) ;
#1009 = EDGE_CURVE ( 'NONE', #4527, #3494, #6994, .T. ) ;
#1010 = DIRECTION ( 'NONE',  ( 0.0000000000000000000, 0.0000000000000000000, 1.000000000000000000 ) ) ;
#1011 = AXIS2_PLACEMENT_3D ( 'NONE', #8666, #7354, #3885 ) ;
#1012 = EDGE_CURVE ( 'NONE', #5321, #4733, #8299, .T. ) ;
#1013 = FACE_OUTER_BOUND ( 'NONE', #2808, .T. ) ;
#1014 = DIRECTION ( 'NONE',  ( 0.2873578278746629600, 0.03342755118621450900, -0.9572398223960643100 ) ) ;
#1015 = DIRECTION ( 'NONE',  ( 0.9883419278128943200, -2.976562403592365800E-016, -0.1522505623211007900 ) ) ;
#1016 = AXIS2_PLACEMENT_3D ( 'NONE', #1375, #6847, #2009 ) ;
#1017 = PLANE ( 'NONE',  #551 ) ;
#1018 = FACE_OUTER_BOUND ( 'NONE', #7723, .T. ) ;
#1019 = ORIENTED_EDGE ( 'NONE', *, *, #912, .F. ) ;
#1020 = LINE ( 'NONE', #967, #8181 ) ;
#1021 = PLANE ( 'NONE',  #7869 ) ;
#1022 = ADVANCED_FACE ( 'NONE', ( #710 ), #7566, .F. ) ;
#1023 = DIRECTION ( 'NONE',  ( 1.187077965286349100E-017, -0.03489949670250108700, -0.9993908270190956500 ) ) ;
#1024 = DIRECTION ( 'NONE',  ( -0.0000000000000000000, 1.000000000000000000, -0.0000000000000000000 ) ) ;
#1025 = LINE ( 'NONE', #4424, #5496 ) ;
#1026 = VERTEX_POINT ( 'NONE', #5790 ) ;
#1027 = AXIS2_PLACEMENT_3D ( 'NONE', #7936, #1656, #3747 ) ;
#1028 = LINE ( 'NONE', #6362, #818 ) ;
#1029 = DIRECTION ( 'NONE',  ( -0.0000000000000000000, -0.0000000000000000000, -1.000000000000000000 ) ) ;
#1030 = ORIENTED_EDGE ( 'NONE', *, *, #2957, .T. ) ;
#1031 = CARTESIAN_POINT ( 'NONE',  ( 4.335212641700700000, 1.050000000000000300, -4.275000000000001200 ) ) ;
#1032 = EDGE_CURVE ( 'NONE', #5346, #8750, #1372, .T. ) ;
#1033 = CARTESIAN_POINT ( 'NONE',  ( 5.803248313036694300, -0.5140524721802293100, 1.003511519317803900 ) ) ;
#1034 = DIRECTION ( 'NONE',  ( 1.000000000000000000, 0.0000000000000000000, 0.0000000000000000000 ) ) ;
#1035 = ORIENTED_EDGE ( 'NONE', *, *, #977, .T. ) ;
#1036 = EDGE_CURVE ( 'NONE', #6756, #7499, #251, .T. ) ;
#1037 = DIRECTION ( 'NONE',  ( 3.401418580346681300E-016, -1.000000000000000000, 0.0000000000000000000 ) ) ;
#1038 = DIRECTION ( 'NONE',  ( 2.891205793294683100E-014, 0.0000000000000000000, -1.000000000000000000 ) ) ;
#1039 = DIRECTION ( 'NONE',  ( -1.000000000000000000, 0.0000000000000000000, -1.431289996680534200E-016 ) ) ;
#1040 = CARTESIAN_POINT ( 'NONE',  ( -6.301548932916465300, 1.228021301603107400, -0.3620892943110485300 ) ) ;
#1041 = EDGE_CURVE ( 'NONE', #4607, #6276, #6667, .T. ) ;
#1042 = CARTESIAN_POINT ( 'NONE',  ( 0.0000000000000000000, 2.879999999999999900, -4.926190669741541400 ) ) ;
#1043 = EDGE_LOOP ( 'NONE', ( #3491, #6887, #2746, #8792 ) ) ;
#1044 = LINE ( 'NONE', #6152, #2155 ) ;
#1045 = ORIENTED_EDGE ( 'NONE', *, *, #4263, .T. ) ;
#1046 = LINE ( 'NONE', #4063, #4755 ) ;
#1047 = VERTEX_POINT ( 'NONE', #3341 ) ;
#1048 = EDGE_CURVE ( 'NONE', #8538, #6244, #5905, .T. ) ;
#1049 = CARTESIAN_POINT ( 'NONE',  ( 6.238397152621086400, -0.4536707201576268800, -0.7255956252676419900 ) ) ;
#1050 = CARTESIAN_POINT ( 'NONE',  ( -6.143516044474752700, 1.224707980296407600, -0.4095298483842159100 ) ) ;
#1051 = CARTESIAN_POINT ( 'NONE',  ( 0.3664338688640216800, 2.779999999999999800, -4.926190669741541400 ) ) ;
#1052 = ORIENTED_EDGE ( 'NONE', *, *, #3891, .T. ) ;
#1053 = ORIENTED_EDGE ( 'NONE', *, *, #6806, .T. ) ;
#1054 = ORIENTED_EDGE ( 'NONE', *, *, #8027, .T. ) ;
#1055 = DIRECTION ( 'NONE',  ( -0.0000000000000000000, 0.0000000000000000000, -1.000000000000000000 ) ) ;
#1056 = ADVANCED_FACE ( 'NONE', ( #47 ), #7481, .F. ) ;
#1057 = COORDINATED_UNIVERSAL_TIME_OFFSET ( 3, 30, .AHEAD. ) ;
#1058 = DIRECTION ( 'NONE',  ( -0.9986295347545739400, 0.0000000000000000000, 0.05233595624294350200 ) ) ;
#1059 = CARTESIAN_POINT ( 'NONE',  ( 1.769999999999998900, 1.879999999999999700, 5.534999999999999300 ) ) ;
#1060 = ORIENTED_EDGE ( 'NONE', *, *, #5498, .F. ) ;
#1061 = EDGE_CURVE ( 'NONE', #7544, #8969, #811, .T. ) ;
#1062 = EDGE_LOOP ( 'NONE', ( #8931, #8780, #4763, #8715 ) ) ;
#1063 = EDGE_CURVE ( 'NONE', #8659, #3075, #7095, .T. ) ;
#1064 = CARTESIAN_POINT ( 'NONE',  ( -3.575257074896936800, -0.8999999999999998000, -9.124999999999998200 ) ) ;
#1065 = ADVANCED_FACE ( 'NONE', ( #2538 ), #3446, .F. ) ;
#1066 = ORIENTED_EDGE ( 'NONE', *, *, #526, .T. ) ;
#1067 = LINE ( 'NONE', #3429, #6602 ) ;
#1068 = CARTESIAN_POINT ( 'NONE',  ( 6.662437167845409300, 1.994288257000609100, -9.983625726442632200 ) ) ;
#1069 = CARTESIAN_POINT ( 'NONE',  ( 5.328437190809231600, -1.430930462220299600, 17.55885521993058900 ) ) ;
#1070 = ORIENTED_EDGE ( 'NONE', *, *, #2872, .F. ) ;
#1071 = CARTESIAN_POINT ( 'NONE',  ( 6.906155522402777100, 1.770751057460827600, -10.28027254811263800 ) ) ;
#1072 =( BOUNDED_CURVE ( )  B_SPLINE_CURVE ( 3, ( #822, #3596, #5590, #3537 ),
 .UNSPECIFIED., .F., .F. ) 
 B_SPLINE_CURVE_WITH_KNOTS ( ( 4, 4 ),
 ( 4.712388980384741200, 5.345141420928353400 ),
 .UNSPECIFIED. ) 
 CURVE ( )  GEOMETRIC_REPRESENTATION_ITEM ( )  RATIONAL_B_SPLINE_CURVE ( ( 1.000000000000000000, 0.9669127352965452000, 0.9669127352965452000, 1.000000000000000000 ) ) 
 REPRESENTATION_ITEM ( '' )  );
#1073 = DIRECTION ( 'NONE',  ( -1.000000000000000000, -2.628368902995162400E-015, 0.0000000000000000000 ) ) ;
#1074 = ORIENTED_EDGE ( 'NONE', *, *, #6974, .T. ) ;
#1075 = VECTOR ( 'NONE', #3545, 1000.000000000000000 ) ;
#1076 = AXIS2_PLACEMENT_3D ( 'NONE', #6743, #2581, #1157 ) ;
#1077 = DIRECTION ( 'NONE',  ( -2.124908078801903100E-016, 1.000000000000000000, 0.0000000000000000000 ) ) ;
#1078 = EDGE_CURVE ( 'NONE', #1630, #2660, #5372, .T. ) ;
#1079 = ORIENTED_EDGE ( 'NONE', *, *, #4646, .F. ) ;
#1080 = VECTOR ( 'NONE', #6547, 1000.000000000000000 ) ;
#1081 = ORIENTED_EDGE ( 'NONE', *, *, #6923, .T. ) ;
#1082 = DIRECTION ( 'NONE',  ( 1.000000000000000000, -3.011672701348624000E-016, 0.0000000000000000000 ) ) ;
#1083 = VECTOR ( 'NONE', #2569, 1000.000000000000000 ) ;
#1084 = CARTESIAN_POINT ( 'NONE',  ( -3.975257074896937100, -0.8999999999999999100, -4.275000000000001200 ) ) ;
#1086 = PLANE ( 'NONE',  #55 ) ;
#1085 = CARTESIAN_POINT ( 'NONE',  ( 6.589999999999999000, -0.6698967979784598000, -0.02339331166546568600 ) ) ;
#1087 = ORIENTED_EDGE ( 'NONE', *, *, #1669, .T. ) ;
#1088 = VECTOR ( 'NONE', #3969, 1000.000000000000000 ) ;
#1089 = EDGE_CURVE ( 'NONE', #5866, #1156, #8726, .T. ) ;
#1090 = DIRECTION ( 'NONE',  ( -0.0000000000000000000, 1.000000000000000000, -0.0000000000000000000 ) ) ;
#1091 = FACE_OUTER_BOUND ( 'NONE', #2369, .T. ) ;
#1092 = ORIENTED_EDGE ( 'NONE', *, *, #1570, .F. ) ;
#1093 = CARTESIAN_POINT ( 'NONE',  ( -6.263847163821742100, -5.263181610785591300, 4.087694446229456900 ) ) ;
#1094 = CIRCLE ( 'NONE', #2852, 0.1799999999999997200 ) ;
#1095 = ORIENTED_EDGE ( 'NONE', *, *, #5699, .F. ) ;
#1096 = DIRECTION ( 'NONE',  ( -1.000000000000000000, 0.0000000000000000000, 0.0000000000000000000 ) ) ;
#1097 = VECTOR ( 'NONE', #1365, 1000.000000000000000 ) ;
#1098 = ORIENTED_EDGE ( 'NONE', *, *, #3816, .T. ) ;
#1099 = VERTEX_POINT ( 'NONE', #603 ) ;
#1100 = DIRECTION ( 'NONE',  ( 0.0000000000000000000, 0.0000000000000000000, 1.000000000000000000 ) ) ;
#1101 = LINE ( 'NONE', #8719, #4576 ) ;
#1102 = EDGE_CURVE ( 'NONE', #532, #8133, #2229, .T. ) ;
#1103 = VECTOR ( 'NONE', #3688, 1000.000000000000000 ) ;
#1104 = ORIENTED_EDGE ( 'NONE', *, *, #2778, .T. ) ;
#1105 = DIRECTION ( 'NONE',  ( 0.0000000000000000000, 0.0000000000000000000, -1.000000000000000000 ) ) ;
#1106 = ADVANCED_FACE ( 'NONE', ( #7198 ), #4804, .F. ) ;
#1107 = LINE ( 'NONE', #1007, #6424 ) ;
#1108 = PLANE ( 'NONE',  #7516 ) ;
#1109 = VERTEX_POINT ( 'NONE', #6885 ) ;
#1110 = DIRECTION ( 'NONE',  ( -0.0000000000000000000, 0.0000000000000000000, -1.000000000000000000 ) ) ;
#1111 =( BOUNDED_CURVE ( )  B_SPLINE_CURVE ( 3, ( #7027, #4328, #8417, #7002 ),
 .UNSPECIFIED., .F., .F. ) 
 B_SPLINE_CURVE_WITH_KNOTS ( ( 4, 4 ),
 ( 0.9380438862512320300, 1.570796326794846400 ),
 .UNSPECIFIED. ) 
 CURVE ( )  GEOMETRIC_REPRESENTATION_ITEM ( )  RATIONAL_B_SPLINE_CURVE ( ( 1.000000000000000000, 0.9669127352965448700, 0.9669127352965448700, 1.000000000000000000 ) ) 
 REPRESENTATION_ITEM ( '' )  );
#1112 = DIRECTION ( 'NONE',  ( 0.0000000000000000000, -1.000000000000000000, 0.0000000000000000000 ) ) ;
#1113 = ORIENTED_EDGE ( 'NONE', *, *, #3355, .T. ) ;
#1114 = LINE ( 'NONE', #8593, #7827 ) ;
#1115 = DIRECTION ( 'NONE',  ( -0.0000000000000000000, -1.000000000000000000, -0.0000000000000000000 ) ) ;
#1116 = DIRECTION ( 'NONE',  ( -0.0000000000000000000, -1.000000000000000000, -0.0000000000000000000 ) ) ;
#1117 = VECTOR ( 'NONE', #7517, 1000.000000000000000 ) ;
#1118 = VECTOR ( 'NONE', #3468, 1000.000000000000000 ) ;
#1119 = VERTEX_POINT ( 'NONE', #4156 ) ;
#1120 = DIRECTION ( 'NONE',  ( 0.04222409276774593400, 0.5908391699278819900, -0.8056836856166768000 ) ) ;
#1121 = ADVANCED_FACE ( 'NONE', ( #5696 ), #461, .T. ) ;
#1122 = DIRECTION ( 'NONE',  ( -0.0000000000000000000, 0.0000000000000000000, -1.000000000000000000 ) ) ;
#1123 = CARTESIAN_POINT ( 'NONE',  ( 1.950000000000001300, 1.879999999999999700, -0.7050000000000005200 ) ) ;
#1124 = LINE ( 'NONE', #3469, #2860 ) ;
#1125 = DIRECTION ( 'NONE',  ( 0.0000000000000000000, -0.03489949670250109400, -0.9993908270190956500 ) ) ;
#1126 = CIRCLE ( 'NONE', #42, 0.1999999999999992300 ) ;
#1127 = EDGE_CURVE ( 'NONE', #1609, #3528, #2163, .T. ) ;
#1128 = AXIS2_PLACEMENT_3D ( 'NONE', #7950, #6563, #3068 ) ;
#1129 = AXIS2_PLACEMENT_3D ( 'NONE', #1816, #458, #4667 ) ;
#1130 = LINE ( 'NONE', #6160, #2322 ) ;
#1131 = DIRECTION ( 'NONE',  ( -0.0000000000000000000, 1.000000000000000000, -0.0000000000000000000 ) ) ;
#1132 = CARTESIAN_POINT ( 'NONE',  ( 6.811409716464078600, -2.880000000000018500, 2.290888604263720200 ) ) ;
#1133 = ORIENTED_EDGE ( 'NONE', *, *, #2082, .F. ) ;
#1134 = FACE_OUTER_BOUND ( 'NONE', #7781, .T. ) ;
#1135 = DIRECTION ( 'NONE',  ( 0.0000000000000000000, 0.0000000000000000000, 1.000000000000000000 ) ) ;
#1136 = VECTOR ( 'NONE', #2539, 1000.000000000000000 ) ;
#1137 = EDGE_CURVE ( 'NONE', #7564, #8736, #5262, .T. ) ;
#1138 = DIRECTION ( 'NONE',  ( -1.000000000000000000, -0.0000000000000000000, -0.0000000000000000000 ) ) ;
#1139 = VERTEX_POINT ( 'NONE', #4185 ) ;
#1140 = DIRECTION ( 'NONE',  ( -2.124908078801903100E-016, 1.000000000000000000, 0.0000000000000000000 ) ) ;
#1142 = DIRECTION ( 'NONE',  ( -1.000000000000000000, 0.0000000000000000000, 0.0000000000000000000 ) ) ;
#1141 = CARTESIAN_POINT ( 'NONE',  ( -4.550148995534184100, 2.879999999999999900, 1.963516132128321400 ) ) ;
#1143 = CYLINDRICAL_SURFACE ( 'NONE', #7807, 0.1799999999999997700 ) ;
#1144 = VERTEX_POINT ( 'NONE', #2881 ) ;
#1145 = CARTESIAN_POINT ( 'NONE',  ( 4.860813622008678600, -2.879999999999999900, -0.5250000000000006900 ) ) ;
#1146 = DIRECTION ( 'NONE',  ( -0.0000000000000000000, 1.000000000000000000, -0.0000000000000000000 ) ) ;
#1147 = ORIENTED_EDGE ( 'NONE', *, *, #8565, .T. ) ;
#1148 = DIRECTION ( 'NONE',  ( 2.124908078801903100E-016, -1.000000000000000000, -0.0000000000000000000 ) ) ;
#1149 = CARTESIAN_POINT ( 'NONE',  ( -4.467444677206665400, -2.484345597614078000, 3.541608534801085700 ) ) ;
#1150 = DIRECTION ( 'NONE',  ( -0.7479257170867564800, -0.07432208249995146700, 0.6596084821870709100 ) ) ;
#1151 = CARTESIAN_POINT ( 'NONE',  ( 7.317863657066530100, 0.7620750941256567700, -8.169041460365205500 ) ) ;
#1152 = ORIENTED_EDGE ( 'NONE', *, *, #1048, .F. ) ;
#1153 = EDGE_LOOP ( 'NONE', ( #1972, #6436, #3120, #6737 ) ) ;
#1154 = VERTEX_POINT ( 'NONE', #30 ) ;
#1155 = EDGE_CURVE ( 'NONE', #5858, #8981, #8292, .T. ) ;
#1156 = VERTEX_POINT ( 'NONE', #3587 ) ;
#1157 = DIRECTION ( 'NONE',  ( 0.0000000000000000000, -1.000000000000000000, 0.0000000000000000000 ) ) ;
#1158 = CARTESIAN_POINT ( 'NONE',  ( 6.589999999999999900, -2.879999999999999900, 6.775000000000000400 ) ) ;
#1159 = EDGE_CURVE ( 'NONE', #94, #8998, #360, .T. ) ;
#1160 = CARTESIAN_POINT ( 'NONE',  ( -5.803248313036694300, -0.5140524721802273200, 1.003511519317803900 ) ) ;
#1161 = ADVANCED_FACE ( 'NONE', ( #2994 ), #6450, .F. ) ;
#1162 = ORIENTED_EDGE ( 'NONE', *, *, #8973, .F. ) ;
#1163 = ORIENTED_EDGE ( 'NONE', *, *, #5173, .F. ) ;
#1164 = VERTEX_POINT ( 'NONE', #5604 ) ;
#1165 = DIRECTION ( 'NONE',  ( 1.000000000000000000, 2.628368902995162400E-015, -2.673649675311314200E-016 ) ) ;
#1166 = CARTESIAN_POINT ( 'NONE',  ( -6.160000000000000100, -2.449999999999999700, -5.775000000000000400 ) ) ;
#1167 = VECTOR ( 'NONE', #5174, 1000.000000000000000 ) ;
#1168 = VERTEX_POINT ( 'NONE', #6364 ) ;
#1169 = DIRECTION ( 'NONE',  ( -2.376333528735351700E-015, -1.000000000000000000, 0.0000000000000000000 ) ) ;
#1170 = CARTESIAN_POINT ( 'NONE',  ( -3.975257074896937100, -1.149999999999999900, -9.124999999999998200 ) ) ;
#1172 = CARTESIAN_POINT ( 'NONE',  ( 6.589999999999999000, -0.8164469686209431300, 4.174999999999999800 ) ) ;
#1171 = CARTESIAN_POINT ( 'NONE',  ( -5.360059963454983000, 0.0000000000000000000, -4.275000000000001200 ) ) ;
#1173 = CARTESIAN_POINT ( 'NONE',  ( -1.950000000000001300, 2.879999999999999900, -0.7050000000000005200 ) ) ;
#1174 = VERTEX_POINT ( 'NONE', #1527 ) ;
#1175 = EDGE_CURVE ( 'NONE', #3686, #936, #2662, .T. ) ;
#1176 = AXIS2_PLACEMENT_3D ( 'NONE', #3862, #1858, #4541 ) ;
#1177 = CARTESIAN_POINT ( 'NONE',  ( 6.811409716464076800, 2.484345597614072700, 2.830413255589194300 ) ) ;
#1178 = ORIENTED_EDGE ( 'NONE', *, *, #1784, .F. ) ;
#1179 = PERSON_AND_ORGANIZATION ( #2266, #3475 ) ;
#1180 = CARTESIAN_POINT ( 'NONE',  ( -6.260000000000000700, 1.476446968620943400, 4.174999999999999800 ) ) ;
#1182 = CARTESIAN_POINT ( 'NONE',  ( 1.424742925103062800, -0.8999999999999998000, -9.324999999999995700 ) ) ;
#1181 = DIRECTION ( 'NONE',  ( 0.0000000000000000000, 0.0000000000000000000, 1.000000000000000000 ) ) ;
#1183 = CARTESIAN_POINT ( 'NONE',  ( 1.999186377991320200, 2.549999999999999800, -0.7050000000000005200 ) ) ;
#1184 = CARTESIAN_POINT ( 'NONE',  ( 6.956877475932895300, 0.9476532811321137800, -9.816047870047510700 ) ) ;
#1185 = VERTEX_POINT ( 'NONE', #4984 ) ;
#1186 = EDGE_LOOP ( 'NONE', ( #665, #4440, #8887, #6666 ) ) ;
#1187 = CARTESIAN_POINT ( 'NONE',  ( -6.171250739718259700, -5.263181610785591300, 0.6458331628360932700 ) ) ;
#1188 = EDGE_LOOP ( 'NONE', ( #3151, #1860, #6174, #5719, #4572, #1351, #3350, #6097, #5526, #3280, #2414, #4626 ) ) ;
#1189 = FACE_OUTER_BOUND ( 'NONE', #8921, .T. ) ;
#1190 = DIRECTION ( 'NONE',  ( 0.0000000000000000000, 0.0000000000000000000, -1.000000000000000000 ) ) ;
#1191 = CARTESIAN_POINT ( 'NONE',  ( -4.446142582605442200, 2.782424515760226300, 3.948076713621953900 ) ) ;
#1192 = ORIENTED_EDGE ( 'NONE', *, *, #8349, .F. ) ;
#1193 = EDGE_CURVE ( 'NONE', #6900, #6035, #1905, .T. ) ;
#1194 = AXIS2_PLACEMENT_3D ( 'NONE', #3107, #1122, #7958 ) ;
#1195 = EDGE_CURVE ( 'NONE', #4820, #768, #3965, .T. ) ;
#1196 = ORIENTED_EDGE ( 'NONE', *, *, #5444, .F. ) ;
#1197 = ORIENTED_EDGE ( 'NONE', *, *, #8283, .F. ) ;
#1198 = LINE ( 'NONE', #5429, #4341 ) ;
#1199 = DIRECTION ( 'NONE',  ( 1.000000000000000000, 0.0000000000000000000, 3.316747347134613200E-015 ) ) ;
#1200 = CARTESIAN_POINT ( 'NONE',  ( 1.224742925103062800, -0.8999999999999998000, -9.124999999999998200 ) ) ;
#1201 = ORIENTED_EDGE ( 'NONE', *, *, #4401, .T. ) ;
#1202 = LINE ( 'NONE', #5384, #4137 ) ;
#1203 = CARTESIAN_POINT ( 'NONE',  ( 4.547263457433676800, 2.670473064430244100, 2.018575479041763400 ) ) ;
#1204 = ORIENTED_EDGE ( 'NONE', *, *, #2406, .T. ) ;
#1205 = CARTESIAN_POINT ( 'NONE',  ( -4.860813622008679500, 2.549999999999999800, -0.7050000000000007400 ) ) ;
#1206 = VECTOR ( 'NONE', #3416, 1000.000000000000000 ) ;
#1207 = ORIENTED_EDGE ( 'NONE', *, *, #8331, .F. ) ;
#1208 = DIRECTION ( 'NONE',  ( 0.0000000000000000000, -1.000000000000000000, 0.0000000000000000000 ) ) ;
#1209 = CYLINDRICAL_SURFACE ( 'NONE', #2656, 0.1999999999999992300 ) ;
#1210 = PLANE ( 'NONE',  #5601 ) ;
#1211 = ORIENTED_EDGE ( 'NONE', *, *, #3308, .F. ) ;
#1212 = AXIS2_PLACEMENT_3D ( 'NONE', #2601, #3317, #1947 ) ;
#1213 = DIRECTION ( 'NONE',  ( 0.0000000000000000000, 0.0000000000000000000, -1.000000000000000000 ) ) ;
#1214 = ADVANCED_FACE ( 'NONE', ( #5585 ), #1471, .F. ) ;
#1215 = LINE ( 'NONE', #1783, #7708 ) ;
#1216 = CARTESIAN_POINT ( 'NONE',  ( 1.624742925103062500, -0.8999999999999998000, -4.275000000000001200 ) ) ;
#1217 = DIRECTION ( 'NONE',  ( 0.04222409276774569800, 0.5908391699278817700, 0.8056836856166770300 ) ) ;
#1218 = DIRECTION ( 'NONE',  ( 1.000000000000000000, 0.0000000000000000000, 0.0000000000000000000 ) ) ;
#1219 = LINE ( 'NONE', #177, #777 ) ;
#1220 = EDGE_CURVE ( 'NONE', #3398, #2827, #7956, .T. ) ;
#1221 = VERTEX_POINT ( 'NONE', #814 ) ;
#1222 = CARTESIAN_POINT ( 'NONE',  ( 6.781881027280313400, 1.960327012056413600, -10.72147276799931600 ) ) ;
#1223 = VECTOR ( 'NONE', #4965, 1000.000000000000000 ) ;
#1224 = ORIENTED_EDGE ( 'NONE', *, *, #2942, .T. ) ;
#1225 =( BOUNDED_CURVE ( )  B_SPLINE_CURVE ( 3, ( #3939, #2497, #5898, #6714 ),
 .UNSPECIFIED., .F., .F. ) 
 B_SPLINE_CURVE_WITH_KNOTS ( ( 4, 4 ),
 ( 1.570796326794847000, 2.203548767338459100 ),
 .UNSPECIFIED. ) 
 CURVE ( )  GEOMETRIC_REPRESENTATION_ITEM ( )  RATIONAL_B_SPLINE_CURVE ( ( 1.000000000000000000, 0.9669127352965452000, 0.9669127352965452000, 1.000000000000000000 ) ) 
 REPRESENTATION_ITEM ( '' )  );
#1226 = ORIENTED_EDGE ( 'NONE', *, *, #4114, .F. ) ;
#1227 = CARTESIAN_POINT ( 'NONE',  ( 1.769999999999998900, -2.549999999999999800, 5.534999999999999300 ) ) ;
#1228 = ORIENTED_EDGE ( 'NONE', *, *, #1785, .F. ) ;
#1229 = EDGE_CURVE ( 'NONE', #7843, #1955, #535, .T. ) ;
#1230 = LINE ( 'NONE', #8132, #3300 ) ;
#1231 = CARTESIAN_POINT ( 'NONE',  ( -6.589999999999999000, 1.387935967731448200, -1.224994274580306000 ) ) ;
#1232 = FACE_OUTER_BOUND ( 'NONE', #1554, .T. ) ;
#1233 = CARTESIAN_POINT ( 'NONE',  ( 6.540000000000000000, 0.4566362751914923000, -3.371594611156200700 ) ) ;
#1234 = FACE_OUTER_BOUND ( 'NONE', #29, .T. ) ;
#1235 = VERTEX_POINT ( 'NONE', #4927 ) ;
#1236 = DIRECTION ( 'NONE',  ( -1.000000000000000000, 0.0000000000000000000, 0.0000000000000000000 ) ) ;
#1237 = EDGE_CURVE ( 'NONE', #7544, #1542, #3438, .T. ) ;
#1238 = VECTOR ( 'NONE', #5439, 1000.000000000000100 ) ;
#1239 = CARTESIAN_POINT ( 'NONE',  ( 4.457217248323717100, 2.218232652604868300, 3.736759503280683500 ) ) ;
#1240 = CARTESIAN_POINT ( 'NONE',  ( 0.0000000000000000000, 2.879999999999999900, -0.7050000000000005200 ) ) ;
#1241 = LINE ( 'NONE', #8543, #2646 ) ;
#1242 = DIRECTION ( 'NONE',  ( -1.000000000000000000, 1.181048118175931000E-016, -0.0000000000000000000 ) ) ;
#1244 = DIRECTION ( 'NONE',  ( 0.0000000000000000000, 0.0000000000000000000, 1.000000000000000000 ) ) ;
#1243 = CARTESIAN_POINT ( 'NONE',  ( 6.459581821358177900, 1.228021301603103000, -0.3146487402378808100 ) ) ;
#1245 = ORIENTED_EDGE ( 'NONE', *, *, #8303, .F. ) ;
#1246 = EDGE_CURVE ( 'NONE', #6244, #5011, #3857, .T. ) ;
#1247 = DIRECTION ( 'NONE',  ( -2.168404344971007700E-015, 1.000000000000000000, 0.0000000000000000000 ) ) ;
#1248 = CARTESIAN_POINT ( 'NONE',  ( -4.550148995534184100, -2.879999999999999900, 1.963516132128321400 ) ) ;
#1249 = FACE_OUTER_BOUND ( 'NONE', #2171, .T. ) ;
#1250 = VECTOR ( 'NONE', #1015, 1000.000000000000100 ) ;
#1251 = CARTESIAN_POINT ( 'NONE',  ( 6.540000000000000000, 0.1500911744255225000, -3.371594611156200700 ) ) ;
#1252 = DIRECTION ( 'NONE',  ( 0.0000000000000000000, -1.000000000000000000, 0.0000000000000000000 ) ) ;
#1253 = CARTESIAN_POINT ( 'NONE',  ( 2.358909457634179600, -2.433603000734848800, 2.899607182722382200 ) ) ;
#1254 = CARTESIAN_POINT ( 'NONE',  ( 3.314742925103062500, -1.149999999999999900, -4.275000000000001200 ) ) ;
#1255 = CARTESIAN_POINT ( 'NONE',  ( 6.415666075137599100, 1.036218640004506600, -10.60206543003988600 ) ) ;
#1256 = LINE ( 'NONE', #4447, #1369 ) ;
#1257 = VERTEX_POINT ( 'NONE', #5633 ) ;
#1258 = EDGE_CURVE ( 'NONE', #3628, #7008, #7316, .T. ) ;
#1259 =( BOUNDED_CURVE ( )  B_SPLINE_CURVE ( 3, ( #3524, #4208, #7578, #8943 ),
 .UNSPECIFIED., .F., .F. ) 
 B_SPLINE_CURVE_WITH_KNOTS ( ( 4, 4 ),
 ( 4.712388980384685200, 5.004023916276025800 ),
 .UNSPECIFIED. ) 
 CURVE ( )  GEOMETRIC_REPRESENTATION_ITEM ( )  RATIONAL_B_SPLINE_CURVE ( ( 1.000000000000000000, 0.9929249715568843100, 0.9929249715568843100, 1.000000000000000000 ) ) 
 REPRESENTATION_ITEM ( '' )  );
#1260 = LINE ( 'NONE', #7440, #5594 ) ;
#1261 = CARTESIAN_POINT ( 'NONE',  ( -7.214600510584429700, 2.404999999999999800, -7.765845873256791000 ) ) ;
#1262 = CARTESIAN_POINT ( 'NONE',  ( 0.2664338688640217600, 2.779999999999999800, 4.638502621547047500 ) ) ;
#1263 = CARTESIAN_POINT ( 'NONE',  ( -6.540000000000000000, 0.1500911744255225000, -3.371594611156200700 ) ) ;
#1264 = DIRECTION ( 'NONE',  ( 0.0000000000000000000, 0.0000000000000000000, 1.000000000000000000 ) ) ;
#1265 = LINE ( 'NONE', #3612, #8403 ) ;
#1266 = ORIENTED_EDGE ( 'NONE', *, *, #4240, .F. ) ;
#1267 = CARTESIAN_POINT ( 'NONE',  ( -5.808037441567711800, -0.5184270651810788400, 1.128783472499852400 ) ) ;
#1268 = ADVANCED_FACE ( 'NONE', ( #5494 ), #1791, .F. ) ;
#1269 = VECTOR ( 'NONE', #4235, 1000.000000000000000 ) ;
#1270 = VERTEX_POINT ( 'NONE', #2242 ) ;
#1271 = CARTESIAN_POINT ( 'NONE',  ( 6.125512200874073400, 1.266882708028274500, 0.7981963370836477900 ) ) ;
#1272 = CARTESIAN_POINT ( 'NONE',  ( 6.811409716464076800, -2.218232652604861200, 2.635262287109597000 ) ) ;
#1273 = AXIS2_PLACEMENT_3D ( 'NONE', #6018, #5990, #8170 ) ;
#1274 = EDGE_CURVE ( 'NONE', #5858, #5293, #910, .T. ) ;
#1275 = DIRECTION ( 'NONE',  ( 1.927470528863119700E-014, 0.0000000000000000000, -1.000000000000000000 ) ) ;
#1276 = CARTESIAN_POINT ( 'NONE',  ( -4.517461965990142000, 2.076906743079789000, 2.587221810773985700 ) ) ;
#1277 = ORIENTED_EDGE ( 'NONE', *, *, #8157, .F. ) ;
#1278 = AXIS2_PLACEMENT_3D ( 'NONE', #2686, #4754, #3399 ) ;
#1279 = ORIENTED_EDGE ( 'NONE', *, *, #5578, .T. ) ;
#1280 = CARTESIAN_POINT ( 'NONE',  ( -6.160000000000000100, -2.449999999999999700, -6.775000000000000400 ) ) ;
#1281 = CARTESIAN_POINT ( 'NONE',  ( 7.033248313036693000, -5.263181610785594000, 0.9045998214170085600 ) ) ;
#1283 = DIRECTION ( 'NONE',  ( -0.3378260905024653100, -0.1053848003180297300, -0.9352901028225141200 ) ) ;
#1282 = CARTESIAN_POINT ( 'NONE',  ( 6.133248313036694400, -0.5140524721802307600, 1.003511519317804600 ) ) ;
#1284 = DIRECTION ( 'NONE',  ( 0.0000000000000000000, -1.000000000000000000, 0.0000000000000000000 ) ) ;
#1285 = ORIENTED_EDGE ( 'NONE', *, *, #69, .T. ) ;
#1286 = VERTEX_POINT ( 'NONE', #3069 ) ;
#1287 = ORIENTED_EDGE ( 'NONE', *, *, #2368, .F. ) ;
#1288 = DIRECTION ( 'NONE',  ( 0.0000000000000000000, 0.0000000000000000000, -1.000000000000000000 ) ) ;
#1289 = FACE_OUTER_BOUND ( 'NONE', #3474, .T. ) ;
#1290 = ORIENTED_EDGE ( 'NONE', *, *, #7846, .T. ) ;
#1291 = DIRECTION ( 'NONE',  ( -0.7479257170867564800, -0.07432208249995191100, -0.6596084821870709100 ) ) ;
#1292 = PLANE ( 'NONE',  #1374 ) ;
#1293 = EDGE_CURVE ( 'NONE', #7877, #8847, #4844, .T. ) ;
#1294 = CARTESIAN_POINT ( 'NONE',  ( -13.67140971646411900, -2.880000000000000300, 2.290888604263722000 ) ) ;
#1295 = DIRECTION ( 'NONE',  ( -0.0000000000000000000, -1.000000000000000000, -0.0000000000000000000 ) ) ;
#1296 = ORIENTED_EDGE ( 'NONE', *, *, #5498, .T. ) ;
#1297 = ORIENTED_EDGE ( 'NONE', *, *, #1963, .T. ) ;
#1298 = ORIENTED_EDGE ( 'NONE', *, *, #3153, .T. ) ;
#1299 = LINE ( 'NONE', #1941, #5831 ) ;
#1300 = EDGE_CURVE ( 'NONE', #6279, #378, #591, .T. ) ;
#1301 = CARTESIAN_POINT ( 'NONE',  ( 0.3664338688640216800, 2.779999999999999800, -4.926190669741541400 ) ) ;
#1302 = ORIENTED_EDGE ( 'NONE', *, *, #2885, .T. ) ;
#1303 = APPROVAL_PERSON_ORGANIZATION ( #1179, #7703, #2921 ) ;
#1304 = DIRECTION ( 'NONE',  ( 1.000000000000000000, 2.124908078801903600E-016, -0.0000000000000000000 ) ) ;
#1305 = VERTEX_POINT ( 'NONE', #8595 ) ;
#1306 = VERTEX_POINT ( 'NONE', #900 ) ;
#1307 = CARTESIAN_POINT ( 'NONE',  ( 2.345055728690305800, -2.218232652604872800, 2.635262287109595600 ) ) ;
#1308 = ORIENTED_EDGE ( 'NONE', *, *, #8157, .T. ) ;
#1309 = VECTOR ( 'NONE', #5589, 1000.000000000000000 ) ;
#1310 = EDGE_LOOP ( 'NONE', ( #2784, #5813, #8841, #6490 ) ) ;
#1311 = CARTESIAN_POINT ( 'NONE',  ( -0.8752570748969376000, -0.8999999999999998000, -4.275000000000001200 ) ) ;
#1312 = ORIENTED_EDGE ( 'NONE', *, *, #142, .T. ) ;
#1313 = EDGE_CURVE ( 'NONE', #4566, #541, #2324, .T. ) ;
#1314 = CARTESIAN_POINT ( 'NONE',  ( 0.3664338688640217400, 2.879999999999999900, -4.101714464797488800 ) ) ;
#1315 = ADVANCED_FACE ( 'NONE', ( #1134 ), #7770, .T. ) ;
#1316 = DIRECTION ( 'NONE',  ( 1.000000000000000000, -2.628368902995162400E-015, -2.673649675311314200E-016 ) ) ;
#1317 = DIRECTION ( 'NONE',  ( 1.000000000000000000, 0.0000000000000000000, 0.0000000000000000000 ) ) ;
#1318 = VERTEX_POINT ( 'NONE', #948 ) ;
#1319 = VECTOR ( 'NONE', #8315, 1000.000000000000000 ) ;
#1320 = CARTESIAN_POINT ( 'NONE',  ( 6.426129359484516400, 1.036603049945617800, -10.60547706826732300 ) ) ;
#1321 = ORIENTED_EDGE ( 'NONE', *, *, #1617, .T. ) ;
#1322 = LINE ( 'NONE', #7146, #6844 ) ;
#1323 = ORIENTED_EDGE ( 'NONE', *, *, #397, .F. ) ;
#1324 = CARTESIAN_POINT ( 'NONE',  ( 4.335212641700700000, 1.050000000000000300, -5.775000000000000400 ) ) ;
#1325 = LINE ( 'NONE', #8015, #8570 ) ;
#1326 = CARTESIAN_POINT ( 'NONE',  ( 0.0000000000000000000, 2.779999999999999800, -6.775000000000000400 ) ) ;
#1327 = VERTEX_POINT ( 'NONE', #3009 ) ;
#1328 = DIRECTION ( 'NONE',  ( -0.3378260905024653100, 0.1053848003180297300, 0.9352901028225141200 ) ) ;
#1329 = LINE ( 'NONE', #288, #6518 ) ;
#1330 = CARTESIAN_POINT ( 'NONE',  ( -5.360059963454983000, 0.0000000000000000000, -4.275000000000001200 ) ) ;
#1331 = EDGE_CURVE ( 'NONE', #4634, #3380, #7845, .T. ) ;
#1332 = EDGE_CURVE ( 'NONE', #525, #4993, #2434, .T. ) ;
#1333 = FACE_OUTER_BOUND ( 'NONE', #6009, .T. ) ;
#1334 = EDGE_LOOP ( 'NONE', ( #2192, #8913, #7352, #6213 ) ) ;
#1335 = VECTOR ( 'NONE', #6133, 1000.000000000000000 ) ;
#1336 = ORIENTED_EDGE ( 'NONE', *, *, #4981, .T. ) ;
#1337 = DIRECTION ( 'NONE',  ( -1.000000000000000000, 0.0000000000000000000, 0.0000000000000000000 ) ) ;
#1338 = CIRCLE ( 'NONE', #8096, 0.1799999999999999400 ) ;
#1339 = ORIENTED_EDGE ( 'NONE', *, *, #3479, .F. ) ;
#1340 = ORIENTED_EDGE ( 'NONE', *, *, #2752, .T. ) ;
#1341 = CARTESIAN_POINT ( 'NONE',  ( 4.681060305752854600, -2.549999999999999800, -0.5344204721237294500 ) ) ;
#1342 = FACE_OUTER_BOUND ( 'NONE', #8489, .T. ) ;
#1343 = CARTESIAN_POINT ( 'NONE',  ( 1.835212641700700000, -1.150000000000017200, -4.275000000000001200 ) ) ;
#1344 = FACE_OUTER_BOUND ( 'NONE', #1961, .T. ) ;
#1345 = ORIENTED_EDGE ( 'NONE', *, *, #5430, .T. ) ;
#1346 = VECTOR ( 'NONE', #7106, 1000.000000000000000 ) ;
#1347 = EDGE_LOOP ( 'NONE', ( #1495, #488, #1507, #2072, #2950, #1758, #5085, #5541, #8320, #3073, #6564, #5258 ) ) ;
#1348 = DIRECTION ( 'NONE',  ( -0.0000000000000000000, 1.000000000000000000, -0.0000000000000000000 ) ) ;
#1350 = CARTESIAN_POINT ( 'NONE',  ( -5.090000000000000700, -1.879999999999999700, 5.534999999999999300 ) ) ;
#1349 = CARTESIAN_POINT ( 'NONE',  ( -6.589999999999999900, 0.6049999999999998700, -6.775000000000000400 ) ) ;
#1351 = ORIENTED_EDGE ( 'NONE', *, *, #7221, .F. ) ;
#1352 = DIRECTION ( 'NONE',  ( 2.124908078801903100E-016, -1.000000000000000000, 0.0000000000000000000 ) ) ;
#1353 = LINE ( 'NONE', #7746, #6222 ) ;
#1354 = EDGE_CURVE ( 'NONE', #4186, #2304, #5789, .T. ) ;
#1355 = VECTOR ( 'NONE', #347, 1000.000000000000000 ) ;
#1356 = VECTOR ( 'NONE', #2532, 1000.000000000000100 ) ;
#1357 = CARTESIAN_POINT ( 'NONE',  ( -2.178939694247144800, 2.879999999999999900, -0.5344204721237292300 ) ) ;
#1358 = ORIENTED_EDGE ( 'NONE', *, *, #5737, .F. ) ;
#1359 = DIRECTION ( 'NONE',  ( -1.000000000000000000, 3.011672701348624000E-016, 0.0000000000000000000 ) ) ;
#1360 = EDGE_CURVE ( 'NONE', #8369, #6353, #7562, .T. ) ;
#1361 = CARTESIAN_POINT ( 'NONE',  ( -6.133248313036694400, 1.279836792125856700, 1.169152770350097700 ) ) ;
#1362 = VECTOR ( 'NONE', #7812, 1000.000000000000000 ) ;
#1363 = DIRECTION ( 'NONE',  ( 0.04222409276774594100, 0.5908391699278819900, -0.8056836856166768000 ) ) ;
#1364 = LINE ( 'NONE', #6720, #7309 ) ;
#1365 = DIRECTION ( 'NONE',  ( 1.000000000000000000, 0.0000000000000000000, 3.316747347134613200E-015 ) ) ;
#1366 = ADVANCED_FACE ( 'NONE', ( #8949 ), #7884, .F. ) ;
#1367 = EDGE_CURVE ( 'NONE', #5492, #7895, #8606, .T. ) ;
#1368 = DIRECTION ( 'NONE',  ( 0.05233595624294380700, 0.0000000000000000000, -0.9986295347545739400 ) ) ;
#1369 = VECTOR ( 'NONE', #318, 1000.000000000000000 ) ;
#1370 = ORIENTED_EDGE ( 'NONE', *, *, #4384, .F. ) ;
#1371 = DIRECTION ( 'NONE',  ( 2.277634914236022700E-015, 0.8064028636642744900, -0.5913665711502956700 ) ) ;
#1372 = LINE ( 'NONE', #8178, #5058 ) ;
#1373 = EDGE_CURVE ( 'NONE', #8555, #5997, #6124, .T. ) ;
#1374 = AXIS2_PLACEMENT_3D ( 'NONE', #3298, #8793, #1867 ) ;
#1375 = CARTESIAN_POINT ( 'NONE',  ( -1.440861489946112400E-016, -0.4784256567125956300, -0.01670699207699863000 ) ) ;
#1376 = LINE ( 'NONE', #1582, #2438 ) ;
#1377 = ORIENTED_EDGE ( 'NONE', *, *, #1672, .F. ) ;
#1378 = CARTESIAN_POINT ( 'NONE',  ( -6.579669753588048800, 1.359683964437593300, -10.21277186277562700 ) ) ;
#1379 =( BOUNDED_CURVE ( )  B_SPLINE_CURVE ( 3, ( #8277, #4958, #2156, #4133 ),
 .UNSPECIFIED., .F., .F. ) 
 B_SPLINE_CURVE_WITH_KNOTS ( ( 4, 4 ),
 ( 0.9380438862513345000, 1.570796326794946700 ),
 .UNSPECIFIED. ) 
 CURVE ( )  GEOMETRIC_REPRESENTATION_ITEM ( )  RATIONAL_B_SPLINE_CURVE ( ( 1.000000000000000000, 0.9669127352965452000, 0.9669127352965452000, 1.000000000000000000 ) ) 
 REPRESENTATION_ITEM ( '' )  );
#1380 = CARTESIAN_POINT ( 'NONE',  ( 4.335212641700700000, -1.149999999999999700, -5.775000000000000400 ) ) ;
#1381 = FACE_OUTER_BOUND ( 'NONE', #1956, .T. ) ;
#1382 = CARTESIAN_POINT ( 'NONE',  ( -6.540000000000000000, 0.6099088255744773400, -3.830697027045894200 ) ) ;
#1383 = ORIENTED_EDGE ( 'NONE', *, *, #8801, .T. ) ;
#1384 = DIRECTION ( 'NONE',  ( -6.575096806820984800E-017, -0.0000000000000000000, -1.000000000000000000 ) ) ;
#1385 = DIRECTION ( 'NONE',  ( 0.0000000000000000000, -1.000000000000000000, 0.0000000000000000000 ) ) ;
#1386 = EDGE_CURVE ( 'NONE', #4775, #1851, #4276, .T. ) ;
#1387 = EDGE_CURVE ( 'NONE', #1998, #8148, #7949, .T. ) ;
#1388 = EDGE_LOOP ( 'NONE', ( #545, #92, #4058, #4934 ) ) ;
#1389 = DIRECTION ( 'NONE',  ( 0.7499999999999996700, 0.0000000000000000000, 0.6614378277661481200 ) ) ;
#1390 = CARTESIAN_POINT ( 'NONE',  ( 3.724742925103062600, -0.8999999999999998000, -9.324999999999995700 ) ) ;
#1391 = CARTESIAN_POINT ( 'NONE',  ( -6.259999999999999800, -0.8163860513228526900, 4.171510050329749800 ) ) ;
#1392 = ORIENTED_EDGE ( 'NONE', *, *, #8640, .T. ) ;
#1393 = ORIENTED_EDGE ( 'NONE', *, *, #7085, .F. ) ;
#1394 = EDGE_LOOP ( 'NONE', ( #3270, #6892, #6631, #3076 ) ) ;
#1395 = CARTESIAN_POINT ( 'NONE',  ( 0.0000000000000000000, -2.879999999999999900, -0.7050000000000007400 ) ) ;
#1396 = AXIS2_PLACEMENT_3D ( 'NONE', #5942, #5973, #6679 ) ;
#1397 = EDGE_CURVE ( 'NONE', #5772, #94, #7087, .T. ) ;
#1398 = ORIENTED_EDGE ( 'NONE', *, *, #5544, .F. ) ;
#1399 = CARTESIAN_POINT ( 'NONE',  ( 6.811409716464075900, 2.218232652604862100, 3.736759503280684400 ) ) ;
#1400 = AXIS2_PLACEMENT_3D ( 'NONE', #6768, #8200, #2013 ) ;
#1401 = CARTESIAN_POINT ( 'NONE',  ( 6.589999999999999000, -1.972096060217325800E-015, -1.224994274580306000 ) ) ;
#1402 = ORIENTED_EDGE ( 'NONE', *, *, #7298, .F. ) ;
#1403 = ORIENTED_EDGE ( 'NONE', *, *, #2260, .T. ) ;
#1404 = ORIENTED_EDGE ( 'NONE', *, *, #748, .T. ) ;
#1405 = EDGE_CURVE ( 'NONE', #8227, #6088, #2722, .T. ) ;
#1406 = VECTOR ( 'NONE', #619, 1000.000000000000000 ) ;
#1407 = ADVANCED_FACE ( 'NONE', ( #4073, #3431, #8391 ), #3821, .T. ) ;
#1409 = CARTESIAN_POINT ( 'NONE',  ( 6.539999999999999100, 0.6099088255744773400, -3.371594611156200700 ) ) ;
#1408 = CARTESIAN_POINT ( 'NONE',  ( 4.446142582605442200, -2.782424515760226800, 3.948076713621954800 ) ) ;
#1410 = DIRECTION ( 'NONE',  ( 0.0000000000000000000, 0.0000000000000000000, 1.000000000000000000 ) ) ;
#1411 = ORIENTED_EDGE ( 'NONE', *, *, #6672, .F. ) ;
#1412 = DIRECTION ( 'NONE',  ( 0.0000000000000000000, 0.0000000000000000000, 1.000000000000000000 ) ) ;
#1413 = DIRECTION ( 'NONE',  ( -3.469446951953614200E-015, 0.0000000000000000000, 1.000000000000000000 ) ) ;
#1414 = ORIENTED_EDGE ( 'NONE', *, *, #1472, .F. ) ;
#1415 = FACE_OUTER_BOUND ( 'NONE', #7725, .T. ) ;
#1416 = EDGE_CURVE ( 'NONE', #4527, #7877, #1126, .T. ) ;
#1417 = CARTESIAN_POINT ( 'NONE',  ( -6.590000000000000700, 2.879999999999999900, -6.775000000000000400 ) ) ;
#1418 = DIRECTION ( 'NONE',  ( 1.000000000000000000, 0.0000000000000000000, 0.0000000000000000000 ) ) ;
#1419 = DIRECTION ( 'NONE',  ( 0.0000000000000000000, 0.0000000000000000000, 1.000000000000000000 ) ) ;
#1420 = ORIENTED_EDGE ( 'NONE', *, *, #5066, .T. ) ;
#1421 = ORIENTED_EDGE ( 'NONE', *, *, #7264, .F. ) ;
#1422 = ORIENTED_EDGE ( 'NONE', *, *, #1850, .F. ) ;
#1423 = LINE ( 'NONE', #6148, #860 ) ;
#1424 = CARTESIAN_POINT ( 'NONE',  ( 4.435915153722492100, 2.516311570751015700, 4.143227682101552600 ) ) ;
#1425 = ORIENTED_EDGE ( 'NONE', *, *, #8930, .F. ) ;
#1426 = LINE ( 'NONE', #7448, #1136 ) ;
#1427 = ORIENTED_EDGE ( 'NONE', *, *, #7264, .T. ) ;
#1428 = CARTESIAN_POINT ( 'NONE',  ( -3.164787358299299600, 1.049999999999947900, -5.775000000000000400 ) ) ;
#1429 = CARTESIAN_POINT ( 'NONE',  ( -1.475257074896937400, -1.150000000000035000, -5.775000000000000400 ) ) ;
#1430 = VERTEX_POINT ( 'NONE', #391 ) ;
#1431 = CYLINDRICAL_SURFACE ( 'NONE', #194, 1.230000000000000200 ) ;
#1432 = EDGE_CURVE ( 'NONE', #8469, #2288, #352, .T. ) ;
#1433 = CYLINDRICAL_SURFACE ( 'NONE', #7583, 0.1999999999999992300 ) ;
#1435 = DIRECTION ( 'NONE',  ( 0.0000000000000000000, 0.0000000000000000000, 1.000000000000000000 ) ) ;
#1434 = DIRECTION ( 'NONE',  ( -3.285461128743965400E-016, 1.000000000000000000, -2.062312011738056000E-017 ) ) ;
#1436 = ORIENTED_EDGE ( 'NONE', *, *, #2745, .T. ) ;
#1437 = DIRECTION ( 'NONE',  ( 0.0000000000000000000, -0.03489949670250110100, -0.9993908270190956500 ) ) ;
#1438 = FACE_OUTER_BOUND ( 'NONE', #780, .T. ) ;
#1439 = ORIENTED_EDGE ( 'NONE', *, *, #6347, .F. ) ;
#1440 = LINE ( 'NONE', #5762, #4036 ) ;
#1441 = ORIENTED_EDGE ( 'NONE', *, *, #4894, .T. ) ;
#1442 = CARTESIAN_POINT ( 'NONE',  ( -6.590000000000000700, 2.879999999999999900, 6.775000000000000400 ) ) ;
#1443 = CARTESIAN_POINT ( 'NONE',  ( 1.769999999999999800, 1.879999999999999700, -0.5249999999999994700 ) ) ;
#1444 = LINE ( 'NONE', #8613, #2191 ) ;
#1445 = CARTESIAN_POINT ( 'NONE',  ( -1.999186377991321500, -1.879999999999999700, -0.5250000000000004700 ) ) ;
#1446 = CARTESIAN_POINT ( 'NONE',  ( 0.2664338688640217100, 2.779999999999999800, -4.201714464797489300 ) ) ;
#1447 = LINE ( 'NONE', #4490, #2510 ) ;
#1448 = CARTESIAN_POINT ( 'NONE',  ( 6.752806337296630300, 2.071655356285609700, -9.733433712965210200 ) ) ;
#1449 = ORIENTED_EDGE ( 'NONE', *, *, #8027, .F. ) ;
#1450 = EDGE_CURVE ( 'NONE', #7415, #8555, #1580, .T. ) ;
#1451 = FACE_OUTER_BOUND ( 'NONE', #7873, .T. ) ;
#1452 = EDGE_LOOP ( 'NONE', ( #2060, #2609, #7174, #3790 ) ) ;
#1453 = CARTESIAN_POINT ( 'NONE',  ( 6.239458433748312800, 1.381885710474941400, 4.091451443442147200 ) ) ;
#1454 = ORIENTED_EDGE ( 'NONE', *, *, #1832, .F. ) ;
#1455 = ADVANCED_FACE ( 'NONE', ( #2223 ), #5269, .F. ) ;
#1456 = AXIS2_PLACEMENT_3D ( 'NONE', #3379, #697, #2042 ) ;
#1457 = VERTEX_POINT ( 'NONE', #8623 ) ;
#1458 = FACE_OUTER_BOUND ( 'NONE', #6819, .T. ) ;
#1459 = DIRECTION ( 'NONE',  ( 0.0000000000000000000, 0.0000000000000000000, -1.000000000000000000 ) ) ;
#1460 = LINE ( 'NONE', #3917, #4468 ) ;
#1461 = DIRECTION ( 'NONE',  ( 0.0000000000000000000, 0.0000000000000000000, 1.000000000000000000 ) ) ;
#1462 = VECTOR ( 'NONE', #8410, 1000.000000000000100 ) ;
#1463 = ORIENTED_EDGE ( 'NONE', *, *, #5998, .F. ) ;
#1464 = DIRECTION ( 'NONE',  ( -1.000000000000000000, 0.0000000000000000000, 3.316747347134607700E-015 ) ) ;
#1465 = DIRECTION ( 'NONE',  ( -0.9577750814649269600, 3.087437512651632200E-016, -0.2875185095343473800 ) ) ;
#1466 = LINE ( 'NONE', #1736, #7836 ) ;
#1467 = LINE ( 'NONE', #3427, #6544 ) ;
#1469 = DIRECTION ( 'NONE',  ( -1.000000000000000000, 0.0000000000000000000, 0.0000000000000000000 ) ) ;
#1468 = CARTESIAN_POINT ( 'NONE',  ( 6.089999999999998100, -0.8164469686209430100, 4.174999999999999800 ) ) ;
#1470 = VERTEX_POINT ( 'NONE', #307 ) ;
#1471 = PLANE ( 'NONE',  #4068 ) ;
#1472 = EDGE_CURVE ( 'NONE', #8782, #2353, #8720, .T. ) ;
#1473 = LINE ( 'NONE', #7555, #4944 ) ;
#1474 = FACE_OUTER_BOUND ( 'NONE', #6078, .T. ) ;
#1475 = EDGE_CURVE ( 'NONE', #1430, #931, #5689, .T. ) ;
#1476 = CARTESIAN_POINT ( 'NONE',  ( -4.909999999999998400, -2.549999999999999800, -0.7050000000000007400 ) ) ;
#1477 = CARTESIAN_POINT ( 'NONE',  ( 2.392555322793334500, 2.484345597614083400, 3.541608534801085300 ) ) ;
#1478 = VECTOR ( 'NONE', #3081, 1000.000000000000200 ) ;
#1479 = ORIENTED_EDGE ( 'NONE', *, *, #6409, .T. ) ;
#1480 = CARTESIAN_POINT ( 'NONE',  ( 2.413857417394557700, -2.782424515760231200, 3.948076713621953900 ) ) ;
#1481 = LINE ( 'NONE', #8986, #6020 ) ;
#1482 = DIRECTION ( 'NONE',  ( 0.0000000000000000000, 1.000000000000000000, 0.0000000000000000000 ) ) ;
#1483 = CARTESIAN_POINT ( 'NONE',  ( -6.540000000000000000, 0.6099088255744773400, -3.524628749786098400 ) ) ;
#1484 = CARTESIAN_POINT ( 'NONE',  ( 3.524742925103062900, -0.8999999999999999100, -4.275000000000001200 ) ) ;
#1485 = CARTESIAN_POINT ( 'NONE',  ( -6.424999999999999800, 1.478223484310471800, 4.274984218714779500 ) ) ;
#1486 = VERTEX_POINT ( 'NONE', #3152 ) ;
#1487 = EDGE_CURVE ( 'NONE', #5346, #6276, #582, .T. ) ;
#1488 = PLANE ( 'NONE',  #3656 ) ;
#1489 = VECTOR ( 'NONE', #2534, 1000.000000000000000 ) ;
#1490 = ORIENTED_EDGE ( 'NONE', *, *, #1432, .T. ) ;
#1491 = DIRECTION ( 'NONE',  ( 0.05233595624294350200, 0.0000000000000000000, 0.9986295347545739400 ) ) ;
#1492 = ADVANCED_FACE ( 'NONE', ( #1474 ), #2012, .T. ) ;
#1494 = DIRECTION ( 'NONE',  ( -0.0000000000000000000, 1.000000000000000000, -0.0000000000000000000 ) ) ;
#1493 = CARTESIAN_POINT ( 'NONE',  ( -0.1000000000000000100, 2.779999999999999800, -4.826190669741540900 ) ) ;
#1495 = ORIENTED_EDGE ( 'NONE', *, *, #5673, .T. ) ;
#1496 = CARTESIAN_POINT ( 'NONE',  ( -2.415353266169689000, -2.803355836972916100, 3.976619208564393700 ) ) ;
#1497 = ORIENTED_EDGE ( 'NONE', *, *, #5803, .F. ) ;
#1498 = EDGE_CURVE ( 'NONE', #4739, #3241, #1685, .T. ) ;
#1499 = AXIS2_PLACEMENT_3D ( 'NONE', #3579, #2175, #8319 ) ;
#1500 = EDGE_CURVE ( 'NONE', #6808, #2185, #2345, .T. ) ;
#1501 = DIRECTION ( 'NONE',  ( -1.000000000000000000, 0.0000000000000000000, 0.0000000000000000000 ) ) ;
#1502 = AXIS2_PLACEMENT_3D ( 'NONE', #8172, #5396, #6722 ) ;
#1503 = DIRECTION ( 'NONE',  ( -1.000000000000000000, 2.628368902995162800E-015, -2.673649675311314200E-016 ) ) ;
#1504 = DIRECTION ( 'NONE',  ( 0.0000000000000000000, -1.000000000000000000, 0.0000000000000000000 ) ) ;
#1505 = CARTESIAN_POINT ( 'NONE',  ( 4.446142582605442200, 2.782424515760226800, 3.948076713621954800 ) ) ;
#1506 = VERTEX_POINT ( 'NONE', #7294 ) ;
#1507 = ORIENTED_EDGE ( 'NONE', *, *, #8527, .T. ) ;
#1508 = ORIENTED_EDGE ( 'NONE', *, *, #4296, .T. ) ;
#1509 = LINE ( 'NONE', #1886, #4408 ) ;
#1510 = ORIENTED_EDGE ( 'NONE', *, *, #1300, .F. ) ;
#1511 = CARTESIAN_POINT ( 'NONE',  ( 6.239458433748311900, -0.6218857104749419000, 4.091451443442147200 ) ) ;
#1512 = CARTESIAN_POINT ( 'NONE',  ( 5.090000000000000700, 1.879999999999999700, 5.534999999999999300 ) ) ;
#1513 = CARTESIAN_POINT ( 'NONE',  ( 6.589999999999999900, 0.6049999999999998700, -6.775000000000000400 ) ) ;
#1514 = CC_DESIGN_PERSON_AND_ORGANIZATION_ASSIGNMENT ( #6594, #874, ( #7232 ) ) ;
#1515 = EDGE_LOOP ( 'NONE', ( #1817, #2133, #7640, #114, #7038 ) ) ;
#1516 = ORIENTED_EDGE ( 'NONE', *, *, #6565, .T. ) ;
#1517 = ORIENTED_EDGE ( 'NONE', *, *, #1557, .F. ) ;
#1518 = LINE ( 'NONE', #3439, #3573 ) ;
#1519 = CARTESIAN_POINT ( 'NONE',  ( 2.345055728690305800, 2.218232652604872800, 2.635262287109595600 ) ) ;
#1520 = CARTESIAN_POINT ( 'NONE',  ( 6.589999999999997200, -5.263181610785594000, 4.037451760663493900 ) ) ;
#1521 = ORIENTED_EDGE ( 'NONE', *, *, #3063, .F. ) ;
#1522 = DIRECTION ( 'NONE',  ( 2.124908078801903100E-016, -1.000000000000000000, -0.0000000000000000000 ) ) ;
#1523 = EDGE_CURVE ( 'NONE', #6916, #136, #7441, .T. ) ;
#1524 = ORIENTED_EDGE ( 'NONE', *, *, #7742, .T. ) ;
#1525 = ORIENTED_EDGE ( 'NONE', *, *, #8192, .T. ) ;
#1526 = DIRECTION ( 'NONE',  ( -1.000000000000000000, 0.0000000000000000000, 0.0000000000000000000 ) ) ;
#1527 = CARTESIAN_POINT ( 'NONE',  ( -6.590000000000000700, 0.1500911744255223900, -3.830697027045894200 ) ) ;
#1528 = EDGE_CURVE ( 'NONE', #7866, #8567, #8939, .T. ) ;
#1529 = ORIENTED_EDGE ( 'NONE', *, *, #8976, .F. ) ;
#1530 = VECTOR ( 'NONE', #407, 1000.000000000000000 ) ;
#1531 = ORIENTED_EDGE ( 'NONE', *, *, #4526, .T. ) ;
#1532 = EDGE_LOOP ( 'NONE', ( #722, #524, #8882, #1092 ) ) ;
#1533 = CARTESIAN_POINT ( 'NONE',  ( 6.589999999999999000, -0.6200000000000001100, 4.174999999999999800 ) ) ;
#1534 = EDGE_CURVE ( 'NONE', #4516, #4173, #1364, .T. ) ;
#1535 = CARTESIAN_POINT ( 'NONE',  ( 6.969868514310958200, 2.404999999999999800, -8.043345873256793500 ) ) ;
#1536 = VERTEX_POINT ( 'NONE', #1170 ) ;
#1537 = DIRECTION ( 'NONE',  ( 0.0000000000000000000, 0.0000000000000000000, 1.000000000000000000 ) ) ;
#1538 = CYLINDRICAL_SURFACE ( 'NONE', #1682, 0.1999999999999992300 ) ;
#1539 = ORIENTED_EDGE ( 'NONE', *, *, #7404, .T. ) ;
#1540 = CARTESIAN_POINT ( 'NONE',  ( 2.355283157573256200, 2.484345597614083800, 2.830413255589193400 ) ) ;
#1541 = ADVANCED_FACE ( 'NONE', ( #8836 ), #8101, .T. ) ;
#1542 = VERTEX_POINT ( 'NONE', #6017 ) ;
#1543 = EDGE_CURVE ( 'NONE', #385, #5009, #5150, .T. ) ;
#1544 = AXIS2_PLACEMENT_3D ( 'NONE', #3426, #5811, #1706 ) ;
#1545 = VECTOR ( 'NONE', #6638, 1000.000000000000000 ) ;
#1546 = PLANE ( 'NONE',  #5158 ) ;
#1547 = ORIENTED_EDGE ( 'NONE', *, *, #2243, .T. ) ;
#1548 = CIRCLE ( 'NONE', #2351, 0.1799999999999997700 ) ;
#1549 = DIRECTION ( 'NONE',  ( 0.0000000000000000000, 0.0000000000000000000, -1.000000000000000000 ) ) ;
#1550 = FACE_OUTER_BOUND ( 'NONE', #3329, .T. ) ;
#1551 = EDGE_LOOP ( 'NONE', ( #876, #1840, #7872, #5069 ) ) ;
#1552 = PLANE ( 'NONE',  #2407 ) ;
#1553 = ADVANCED_FACE ( 'NONE', ( #6985 ), #8147, .T. ) ;
#1554 = EDGE_LOOP ( 'NONE', ( #3124, #6474, #4436, #208 ) ) ;
#1555 = LINE ( 'NONE', #3240, #6629 ) ;
#1556 = ORIENTED_EDGE ( 'NONE', *, *, #2707, .T. ) ;
#1557 = EDGE_CURVE ( 'NONE', #4138, #4229, #3639, .T. ) ;
#1558 = AXIS2_PLACEMENT_3D ( 'NONE', #3777, #3871, #7994 ) ;
#1559 = EDGE_LOOP ( 'NONE', ( #5295, #1762, #1421, #4582 ) ) ;
#1560 = EDGE_CURVE ( 'NONE', #5575, #8171, #2653, .T. ) ;
#1561 = CARTESIAN_POINT ( 'NONE',  ( 4.335212641700700000, 1.050000000000000300, -4.275000000000001200 ) ) ;
#1562 = LINE ( 'NONE', #8840, #5031 ) ;
#1563 = LINE ( 'NONE', #2361, #3625 ) ;
#1564 = VECTOR ( 'NONE', #6471, 1000.000000000000000 ) ;
#1565 = ORIENTED_EDGE ( 'NONE', *, *, #5770, .T. ) ;
#1566 = ORIENTED_EDGE ( 'NONE', *, *, #3404, .F. ) ;
#1567 = CARTESIAN_POINT ( 'NONE',  ( -6.662296478734100800, 1.994368797140763300, -9.984015231981375700 ) ) ;
#1568 = VECTOR ( 'NONE', #6503, 1000.000000000000000 ) ;
#1569 = CARTESIAN_POINT ( 'NONE',  ( 6.143516044474751900, 1.224707980296402300, -0.4095298483842153600 ) ) ;
#1570 = EDGE_CURVE ( 'NONE', #6156, #4865, #6442, .T. ) ;
#1571 = LINE ( 'NONE', #5929, #6763 ) ;
#1572 = LINE ( 'NONE', #2096, #7405 ) ;
#1573 = VERTEX_POINT ( 'NONE', #2509 ) ;
#1574 = AXIS2_PLACEMENT_3D ( 'NONE', #3736, #3650, #8481 ) ;
#1575 = DIRECTION ( 'NONE',  ( 2.124908078801903100E-016, -1.000000000000000000, -0.0000000000000000000 ) ) ;
#1576 = CARTESIAN_POINT ( 'NONE',  ( 0.0000000000000000000, 1.879999999999999700, 5.534999999999999300 ) ) ;
#1577 = LINE ( 'NONE', #4485, #6230 ) ;
#1578 = EDGE_CURVE ( 'NONE', #1968, #1154, #5488, .T. ) ;
#1579 = CARTESIAN_POINT ( 'NONE',  ( 7.317863657066530100, 2.404999999999999800, -8.169041460365205500 ) ) ;
#1580 = LINE ( 'NONE', #3786, #7534 ) ;
#1581 = CARTESIAN_POINT ( 'NONE',  ( 6.259999999999998900, 1.480000000000000200, 4.174999999999999800 ) ) ;
#1582 = CARTESIAN_POINT ( 'NONE',  ( 6.263847163821742100, -5.263181610785594000, 4.087694446229456900 ) ) ;
#1583 = DIRECTION ( 'NONE',  ( -0.0000000000000000000, 1.000000000000000000, -0.0000000000000000000 ) ) ;
#1584 = LINE ( 'NONE', #4579, #4842 ) ;
#1585 = ORIENTED_EDGE ( 'NONE', *, *, #6493, .F. ) ;
#1586 = CARTESIAN_POINT ( 'NONE',  ( -6.216252751033516200, -0.4562467179059058700, -0.6518287012915968700 ) ) ;
#1587 = ADVANCED_FACE ( 'NONE', ( #5051 ), #467, .F. ) ;
#1588 = VECTOR ( 'NONE', #8389, 1000.000000000000000 ) ;
#1589 = AXIS2_PLACEMENT_3D ( 'NONE', #6738, #3173, #1829 ) ;
#1590 = EDGE_CURVE ( 'NONE', #5976, #3035, #2755, .T. ) ;
#1591 = LINE ( 'NONE', #2804, #4732 ) ;
#1592 = ORIENTED_EDGE ( 'NONE', *, *, #7318, .T. ) ;
#1593 = VECTOR ( 'NONE', #5595, 1000.000000000000000 ) ;
#1594 = ORIENTED_EDGE ( 'NONE', *, *, #8223, .T. ) ;
#1595 = PLANE ( 'NONE',  #3715 ) ;
#1596 = ADVANCED_FACE ( 'NONE', ( #4945 ), #4601, .F. ) ;
#1597 = APPLICATION_PROTOCOL_DEFINITION ( 'international standard', 'config_control_design', 1994, #3681 ) ;
#1598 = CARTESIAN_POINT ( 'NONE',  ( -6.426129359484503900, 1.973396950054385100, -10.60547706826731800 ) ) ;
#1599 = CARTESIAN_POINT ( 'NONE',  ( 0.2664338688640217100, 2.779999999999999800, -4.826190669741540900 ) ) ;
#1600 = ORIENTED_EDGE ( 'NONE', *, *, #4342, .F. ) ;
#1601 = CARTESIAN_POINT ( 'NONE',  ( -6.589999999999999000, 1.379999999999999900, 4.174999999999999800 ) ) ;
#1602 = DIRECTION ( 'NONE',  ( 2.124908078801903100E-016, -1.000000000000000000, -0.0000000000000000000 ) ) ;
#1603 = EDGE_CURVE ( 'NONE', #5847, #4923, #4373, .T. ) ;
#1604 = CARTESIAN_POINT ( 'NONE',  ( -13.67140971646411900, 2.806906743079764100, 3.305061906340970100 ) ) ;
#1605 = AXIS2_PLACEMENT_3D ( 'NONE', #3356, #2028, #7560 ) ;
#1606 = CARTESIAN_POINT ( 'NONE',  ( -2.355283157573256200, 2.484345597614083800, 2.830413255589193000 ) ) ;
#1607 = ORIENTED_EDGE ( 'NONE', *, *, #3101, .F. ) ;
#1608 = ORIENTED_EDGE ( 'NONE', *, *, #1061, .T. ) ;
#1609 = VERTEX_POINT ( 'NONE', #4613 ) ;
#1610 = CARTESIAN_POINT ( 'NONE',  ( -6.466548932916464500, -0.4669267615086052400, -0.3459922676121142100 ) ) ;
#1611 = CARTESIAN_POINT ( 'NONE',  ( -4.435915153722492100, -2.516311570751015300, 4.143227682101551700 ) ) ;
#1612 = CARTESIAN_POINT ( 'NONE',  ( -6.260000000000000700, -2.549999999999999800, -6.775000000000000400 ) ) ;
#1613 = ORIENTED_EDGE ( 'NONE', *, *, #4360, .F. ) ;
#1614 = ORIENTED_EDGE ( 'NONE', *, *, #4097, .T. ) ;
#1615 = VERTEX_POINT ( 'NONE', #1183 ) ;
#1616 = LINE ( 'NONE', #4432, #5180 ) ;
#1617 = EDGE_CURVE ( 'NONE', #1099, #8517, #6232, .T. ) ;
#1618 =( BOUNDED_CURVE ( )  B_SPLINE_CURVE ( 3, ( #3897, #6581, #3842, #4592 ),
 .UNSPECIFIED., .F., .F. ) 
 B_SPLINE_CURVE_WITH_KNOTS ( ( 4, 4 ),
 ( 1.570796326794846400, 2.203548767338458600 ),
 .UNSPECIFIED. ) 
 CURVE ( )  GEOMETRIC_REPRESENTATION_ITEM ( )  RATIONAL_B_SPLINE_CURVE ( ( 1.000000000000000000, 0.9669127352965452000, 0.9669127352965452000, 1.000000000000000000 ) ) 
 REPRESENTATION_ITEM ( '' )  );
#1619 = AXIS2_PLACEMENT_3D ( 'NONE', #8526, #7125, #3661 ) ;
#1620 = CARTESIAN_POINT ( 'NONE',  ( -7.628237703307986500, 0.7747068546877504700, -8.281148335353792700 ) ) ;
#1621 = CARTESIAN_POINT ( 'NONE',  ( 4.538906785764353000, -2.880000000000000300, 2.178030273418614500 ) ) ;
#1622 = VERTEX_POINT ( 'NONE', #6671 ) ;
#1623 = CARTESIAN_POINT ( 'NONE',  ( 5.328437190809231600, 0.0000000000000000000, -4.275000000000001200 ) ) ;
#1624 = ADVANCED_FACE ( 'NONE', ( #4724 ), #6337, .T. ) ;
#1625 = ORIENTED_EDGE ( 'NONE', *, *, #3752, .T. ) ;
#1626 = DATE_AND_TIME ( #5422, #2360 ) ;
#1627 = DIRECTION ( 'NONE',  ( -0.0000000000000000000, -0.0000000000000000000, -1.000000000000000000 ) ) ;
#1628 = CARTESIAN_POINT ( 'NONE',  ( -2.314480939401523300, 3.055288562532398900, 2.051860553491853700 ) ) ;
#1629 = ORIENTED_EDGE ( 'NONE', *, *, #8973, .T. ) ;
#1630 = VERTEX_POINT ( 'NONE', #3227 ) ;
#1631 = DIRECTION ( 'NONE',  ( 0.0000000000000000000, 0.0000000000000000000, 1.000000000000000000 ) ) ;
#1632 = ADVANCED_FACE ( 'NONE', ( #1013 ), #8051, .F. ) ;
#1633 = ORIENTED_EDGE ( 'NONE', *, *, #4777, .F. ) ;
#1634 = VECTOR ( 'NONE', #7100, 1000.000000000000000 ) ;
#1635 = EDGE_CURVE ( 'NONE', #2153, #6202, #8055, .T. ) ;
#1636 = VERTEX_POINT ( 'NONE', #7388 ) ;
#1637 = LINE ( 'NONE', #348, #8781 ) ;
#1638 = DIRECTION ( 'NONE',  ( 2.124908078801903100E-016, -1.000000000000000000, -0.0000000000000000000 ) ) ;
#1639 = ORIENTED_EDGE ( 'NONE', *, *, #2967, .T. ) ;
#1640 = EDGE_CURVE ( 'NONE', #3041, #4407, #4268, .T. ) ;
#1641 = ORIENTED_EDGE ( 'NONE', *, *, #1246, .F. ) ;
#1642 = VECTOR ( 'NONE', #4841, 1000.000000000000000 ) ;
#1643 = VECTOR ( 'NONE', #5358, 999.9999999999998900 ) ;
#1644 =( BOUNDED_CURVE ( )  B_SPLINE_CURVE ( 3, ( #476, #3327, #8712, #1191 ),
 .UNSPECIFIED., .F., .F. ) 
 B_SPLINE_CURVE_WITH_KNOTS ( ( 4, 4 ),
 ( 1.570796326794846400, 2.203548767338462200 ),
 .UNSPECIFIED. ) 
 CURVE ( )  GEOMETRIC_REPRESENTATION_ITEM ( )  RATIONAL_B_SPLINE_CURVE ( ( 1.000000000000000000, 0.9669127352965447600, 0.9669127352965447600, 1.000000000000000000 ) ) 
 REPRESENTATION_ITEM ( '' )  );
#1645 = ORIENTED_EDGE ( 'NONE', *, *, #2221, .F. ) ;
#1646 = CARTESIAN_POINT ( 'NONE',  ( -6.906217752870142100, 1.771594298470330100, -10.28010025964274700 ) ) ;
#1647 = LINE ( 'NONE', #3340, #4444 ) ;
#1648 = CARTESIAN_POINT ( 'NONE',  ( 6.133248313036694400, 1.267532287438583900, 0.8167978576046398500 ) ) ;
#1650 = CARTESIAN_POINT ( 'NONE',  ( 6.259999999999999800, 1.195776918187691800, -6.727709487919628200 ) ) ;
#1649 = CARTESIAN_POINT ( 'NONE',  ( -7.069116602183118700, 0.9527730317118745500, -9.861485656442887700 ) ) ;
#1651 = VERTEX_POINT ( 'NONE', #3954 ) ;
#1652 = VECTOR ( 'NONE', #1893, 1000.000000000000200 ) ;
#1653 = ORIENTED_EDGE ( 'NONE', *, *, #8661, .T. ) ;
#1654 = DIRECTION ( 'NONE',  ( 1.000000000000000000, 0.0000000000000000000, 0.0000000000000000000 ) ) ;
#1655 = EDGE_CURVE ( 'NONE', #3588, #1944, #3957, .T. ) ;
#1656 = DIRECTION ( 'NONE',  ( -1.000000000000000000, -3.401418580346681300E-016, 0.0000000000000000000 ) ) ;
#1657 = DIRECTION ( 'NONE',  ( -0.0000000000000000000, 1.000000000000000000, -0.0000000000000000000 ) ) ;
#1658 = LINE ( 'NONE', #7241, #676 ) ;
#1659 = VERTEX_POINT ( 'NONE', #6057 ) ;
#1660 = VECTOR ( 'NONE', #3003, 1000.000000000000000 ) ;
#1661 = CARTESIAN_POINT ( 'NONE',  ( 1.769999999999999800, -1.879999999999999700, 2.533383294124545200E-016 ) ) ;
#1662 = ORIENTED_EDGE ( 'NONE', *, *, #4009, .T. ) ;
#1663 = ORIENTED_EDGE ( 'NONE', *, *, #2444, .F. ) ;
#1664 = CARTESIAN_POINT ( 'NONE',  ( 1.835212641700700000, 1.049999999999982700, -4.275000000000001200 ) ) ;
#1665 = ORIENTED_EDGE ( 'NONE', *, *, #7308, .T. ) ;
#1666 = DIRECTION ( 'NONE',  ( 0.0000000000000000000, -1.000000000000000000, 0.0000000000000000000 ) ) ;
#1667 = FACE_OUTER_BOUND ( 'NONE', #6907, .T. ) ;
#1668 = FACE_OUTER_BOUND ( 'NONE', #7686, .T. ) ;
#1669 = EDGE_CURVE ( 'NONE', #1573, #3336, #1677, .T. ) ;
#1670 = CARTESIAN_POINT ( 'NONE',  ( -5.817587741826833400, -5.263181610785591300, 1.190779710972765800 ) ) ;
#1671 = ADVANCED_FACE ( 'NONE', ( #2529 ), #2412, .T. ) ;
#1672 = EDGE_CURVE ( 'NONE', #2685, #6448, #8829, .T. ) ;
#1673 = FACE_OUTER_BOUND ( 'NONE', #4926, .T. ) ;
#1674 = CARTESIAN_POINT ( 'NONE',  ( 1.024742925103062600, -0.9000000000000000200, -4.275000000000001200 ) ) ;
#1675 = VERTEX_POINT ( 'NONE', #1326 ) ;
#1676 = CARTESIAN_POINT ( 'NONE',  ( 4.463835245934900400, -2.125627413300262600, 3.610480586262613000 ) ) ;
#1677 = LINE ( 'NONE', #5378, #7837 ) ;
#1678 = ORIENTED_EDGE ( 'NONE', *, *, #1089, .F. ) ;
#1679 = DIRECTION ( 'NONE',  ( 4.930380657631322700E-032, 1.484869283384553200E-047, -1.000000000000000000 ) ) ;
#1680 = DIRECTION ( 'NONE',  ( -1.000000000000000000, -0.0000000000000000000, -0.0000000000000000000 ) ) ;
#1681 = CARTESIAN_POINT ( 'NONE',  ( 4.910000000000000100, -2.549999999999999800, -0.5250000000000008000 ) ) ;
#1682 = AXIS2_PLACEMENT_3D ( 'NONE', #3090, #1602, #887 ) ;
#1683 = VECTOR ( 'NONE', #5450, 1000.000000000000000 ) ;
#1684 = ORIENTED_EDGE ( 'NONE', *, *, #7786, .T. ) ;
#1685 = LINE ( 'NONE', #6592, #8284 ) ;
#1686 = AXIS2_PLACEMENT_3D ( 'NONE', #6792, #7478, #2037 ) ;
#1687 = PLANE ( 'NONE',  #565 ) ;
#1688 = CARTESIAN_POINT ( 'NONE',  ( -4.457217248323716200, 2.218232652604867900, 3.736759503280683500 ) ) ;
#1689 = EDGE_CURVE ( 'NONE', #8069, #1615, #1004, .T. ) ;
#1690 = DIRECTION ( 'NONE',  ( 0.0000000000000000000, 0.0000000000000000000, 1.000000000000000000 ) ) ;
#1691 = ORIENTED_EDGE ( 'NONE', *, *, #4658, .T. ) ;
#1692 = DIRECTION ( 'NONE',  ( 0.0000000000000000000, 0.0000000000000000000, -1.000000000000000000 ) ) ;
#1693 = VECTOR ( 'NONE', #7098, 1000.000000000000200 ) ;
#1694 = EDGE_CURVE ( 'NONE', #8475, #7669, #6118, .T. ) ;
#1695 = CARTESIAN_POINT ( 'NONE',  ( -2.178939694247144800, 1.879999999999999700, -0.5344204721237292300 ) ) ;
#1696 = CARTESIAN_POINT ( 'NONE',  ( -6.466548932916464500, -0.4663646409497493900, -0.3620892943110484700 ) ) ;
#1697 = ORIENTED_EDGE ( 'NONE', *, *, #5281, .T. ) ;
#1698 = LINE ( 'NONE', #6050, #4187 ) ;
#1699 = EDGE_CURVE ( 'NONE', #8444, #5847, #5782, .T. ) ;
#1700 = CARTESIAN_POINT ( 'NONE',  ( -6.260000000000000700, -2.549999999999999800, 5.534999999999999300 ) ) ;
#1701 = ORIENTED_EDGE ( 'NONE', *, *, #3010, .T. ) ;
#1702 = EDGE_CURVE ( 'NONE', #1841, #3686, #5481, .T. ) ;
#1703 = CARTESIAN_POINT ( 'NONE',  ( 4.335212641700700000, -1.149999999999999700, -4.275000000000001200 ) ) ;
#1704 = CARTESIAN_POINT ( 'NONE',  ( 4.519156786797970500, 2.686402863664274100, 2.554882703278618500 ) ) ;
#1705 = PLANE ( 'NONE',  #3065 ) ;
#1706 = DIRECTION ( 'NONE',  ( 0.05233595624294380700, 0.0000000000000000000, 0.9986295347545739400 ) ) ;
#1707 = EDGE_LOOP ( 'NONE', ( #5030, #1797, #5452, #3093, #8116 ) ) ;
#1708 = DIRECTION ( 'NONE',  ( 1.431289996680534200E-016, 0.0000000000000000000, 1.000000000000000000 ) ) ;
#1709 = ADVANCED_FACE ( 'NONE', ( #3632 ), #4166, .T. ) ;
#1710 = CARTESIAN_POINT ( 'NONE',  ( 6.589999999999999000, -0.6200000000000004400, 4.037451760663493900 ) ) ;
#1711 = CARTESIAN_POINT ( 'NONE',  ( -2.392555322793331800, 2.484345597614083800, 3.541608534801085300 ) ) ;
#1712 = ORIENTED_EDGE ( 'NONE', *, *, #5855, .F. ) ;
#1713 = ORIENTED_EDGE ( 'NONE', *, *, #7875, .F. ) ;
#1714 = ORIENTED_EDGE ( 'NONE', *, *, #2318, .F. ) ;
#1715 = VECTOR ( 'NONE', #5067, 1000.000000000000100 ) ;
#1716 = ORIENTED_EDGE ( 'NONE', *, *, #4956, .T. ) ;
#1717 = EDGE_CURVE ( 'NONE', #6266, #1536, #2320, .T. ) ;
#1718 = AXIS2_PLACEMENT_3D ( 'NONE', #1005, #8676, #1034 ) ;
#1719 = DIRECTION ( 'NONE',  ( -1.000000000000000000, 0.0000000000000000000, 0.0000000000000000000 ) ) ;
#1720 = PLANE ( 'NONE',  #1833 ) ;
#1721 = ADVANCED_FACE ( 'NONE', ( #3309 ), #5143, .F. ) ;
#1722 = ORIENTED_EDGE ( 'NONE', *, *, #3531, .T. ) ;
#1723 = VERTEX_POINT ( 'NONE', #642 ) ;
#1724 = VECTOR ( 'NONE', #7496, 1000.000000000000000 ) ;
#1725 = CARTESIAN_POINT ( 'NONE',  ( 3.524742925103062900, -1.149999999999999900, -9.124999999999998200 ) ) ;
#1726 = EDGE_LOOP ( 'NONE', ( #5156, #3602, #5709, #1521 ) ) ;
#1727 = LINE ( 'NONE', #2986, #7466 ) ;
#1728 = DIRECTION ( 'NONE',  ( -0.0000000000000000000, -0.0000000000000000000, -1.000000000000000000 ) ) ;
#1729 = EDGE_CURVE ( 'NONE', #1047, #2999, #7412, .T. ) ;
#1730 = ORIENTED_EDGE ( 'NONE', *, *, #7248, .T. ) ;
#1731 = ORIENTED_EDGE ( 'NONE', *, *, #4792, .T. ) ;
#1732 = DIRECTION ( 'NONE',  ( -1.000000000000000000, -2.820320884892272400E-031, 3.316747347134612000E-015 ) ) ;
#1733 = ORIENTED_EDGE ( 'NONE', *, *, #8044, .F. ) ;
#1734 = LINE ( 'NONE', #1446, #8118 ) ;
#1735 = CARTESIAN_POINT ( 'NONE',  ( -6.466548932916464500, 1.217530351402829100, -0.6150702473514869700 ) ) ;
#1737 = DIRECTION ( 'NONE',  ( -0.05233595624294350200, 1.681353375347964400E-015, 0.9986295347545739400 ) ) ;
#1736 = CARTESIAN_POINT ( 'NONE',  ( 4.640307561336753000, 2.879999999999999900, 0.2431882144799621700 ) ) ;
#1738 = EDGE_LOOP ( 'NONE', ( #7461, #7662, #4301, #3254 ) ) ;
#1739 = CARTESIAN_POINT ( 'NONE',  ( -4.492319958932258200, -2.076906743079788100, 3.066959884049311300 ) ) ;
#1740 = ORIENTED_EDGE ( 'NONE', *, *, #6060, .T. ) ;
#1741 = CARTESIAN_POINT ( 'NONE',  ( -0.1000000000000000100, 2.879999999999999900, 4.014026416602996000 ) ) ;
#1742 = DIRECTION ( 'NONE',  ( -3.285461128743965400E-016, 1.000000000000000000, 0.0000000000000000000 ) ) ;
#1743 = ORIENTED_EDGE ( 'NONE', *, *, #4545, .T. ) ;
#1744 = FACE_OUTER_BOUND ( 'NONE', #5553, .T. ) ;
#1745 = EDGE_LOOP ( 'NONE', ( #778, #1556, #1824, #5724 ) ) ;
#1746 = VECTOR ( 'NONE', #5307, 1000.000000000000000 ) ;
#1747 = DIRECTION ( 'NONE',  ( 0.05233595624294350200, -1.681353375347964400E-015, -0.9986295347545739400 ) ) ;
#1748 = ORIENTED_EDGE ( 'NONE', *, *, #381, .F. ) ;
#1749 = DIRECTION ( 'NONE',  ( 2.124908078801903100E-016, -1.000000000000000000, 0.0000000000000000000 ) ) ;
#1750 = LINE ( 'NONE', #4126, #1206 ) ;
#1751 = AXIS2_PLACEMENT_3D ( 'NONE', #6972, #2856, #1412 ) ;
#1752 = EDGE_CURVE ( 'NONE', #5014, #8788, #4220, .T. ) ;
#1753 = EDGE_LOOP ( 'NONE', ( #6585, #1479, #7785, #1925 ) ) ;
#1754 = FACE_OUTER_BOUND ( 'NONE', #5191, .T. ) ;
#1755 = ADVANCED_FACE ( 'NONE', ( #453, #4718, #2417 ), #8953, .T. ) ;
#1756 = DIRECTION ( 'NONE',  ( 0.0000000000000000000, -1.000000000000000000, 0.0000000000000000000 ) ) ;
#1757 = FACE_OUTER_BOUND ( 'NONE', #2372, .T. ) ;
#1758 = ORIENTED_EDGE ( 'NONE', *, *, #4465, .T. ) ;
#1759 = LINE ( 'NONE', #1261, #1335 ) ;
#1760 = VERTEX_POINT ( 'NONE', #4780 ) ;
#1761 = ORIENTED_EDGE ( 'NONE', *, *, #573, .F. ) ;
#1762 = ORIENTED_EDGE ( 'NONE', *, *, #3550, .T. ) ;
#1763 = CARTESIAN_POINT ( 'NONE',  ( 6.554462929504513400, -0.4569840414643268100, -0.6307145171213074400 ) ) ;
#1764 = ADVANCED_FACE ( 'NONE', ( #7634 ), #6867, .T. ) ;
#1765 = VECTOR ( 'NONE', #8744, 1000.000000000000000 ) ;
#1766 = PLANE ( 'NONE',  #1011 ) ;
#1768 = CARTESIAN_POINT ( 'NONE',  ( 2.351673726301490400, -2.125627413300268800, 2.761541204127665200 ) ) ;
#1767 = CARTESIAN_POINT ( 'NONE',  ( -6.289999999999999100, -0.1563947110675814000, -0.01762193927522023500 ) ) ;
#1769 = LINE ( 'NONE', #6216, #7389 ) ;
#1770 = FACE_BOUND ( 'NONE', #839, .T. ) ;
#1771 = ORIENTED_EDGE ( 'NONE', *, *, #8952, .F. ) ;
#1772 = EDGE_CURVE ( 'NONE', #3590, #4806, #3523, .T. ) ;
#1773 = CARTESIAN_POINT ( 'NONE',  ( -5.803248313036694300, -0.5105983995777949600, 0.9045998214170120100 ) ) ;
#1774 = ORIENTED_EDGE ( 'NONE', *, *, #4179, .F. ) ;
#1775 = LINE ( 'NONE', #3620, #684 ) ;
#1776 = CARTESIAN_POINT ( 'NONE',  ( 1.024742925103062600, -1.150000000000017500, -4.275000000000001200 ) ) ;
#1777 = VECTOR ( 'NONE', #6229, 1000.000000000000100 ) ;
#1778 = DIRECTION ( 'NONE',  ( -2.124908078801903100E-016, 1.000000000000000000, 0.0000000000000000000 ) ) ;
#1779 = CARTESIAN_POINT ( 'NONE',  ( -0.1000000000000000100, 2.779999999999999800, -4.201714464797489300 ) ) ;
#1780 = VERTEX_POINT ( 'NONE', #8978 ) ;
#1781 = DIRECTION ( 'NONE',  ( 0.0000000000000000000, 1.000000000000000000, 0.0000000000000000000 ) ) ;
#1782 = FACE_OUTER_BOUND ( 'NONE', #857, .T. ) ;
#1783 = CARTESIAN_POINT ( 'NONE',  ( 0.2664338688640217600, 2.779999999999999800, 4.014026416602996000 ) ) ;
#1784 = EDGE_CURVE ( 'NONE', #2865, #3445, #139, .T. ) ;
#1785 = EDGE_CURVE ( 'NONE', #8360, #7383, #241, .T. ) ;
#1786 = VECTOR ( 'NONE', #4715, 1000.000000000000000 ) ;
#1787 = CARTESIAN_POINT ( 'NONE',  ( 7.010786457381021500, 2.042679317998467200, -9.990596052763608600 ) ) ;
#1788 = CARTESIAN_POINT ( 'NONE',  ( -7.317863657066529200, 0.7620750941256562200, -8.169041460365205500 ) ) ;
#1789 = FACE_OUTER_BOUND ( 'NONE', #495, .T. ) ;
#1790 = ORIENTED_EDGE ( 'NONE', *, *, #4481, .F. ) ;
#1791 = CYLINDRICAL_SURFACE ( 'NONE', #7927, 0.1000000000000000500 ) ;
#1792 = CARTESIAN_POINT ( 'NONE',  ( -4.590000000000000700, -2.449999999999999700, -5.775000000000000400 ) ) ;
#1794 = CARTESIAN_POINT ( 'NONE',  ( -5.360059963454983000, -1.430930462220299600, -4.275000000000001200 ) ) ;
#1793 = CARTESIAN_POINT ( 'NONE',  ( 4.504716842426743600, -2.484345597614078500, 2.830413255589193900 ) ) ;
#1795 = DIRECTION ( 'NONE',  ( -1.000000000000000000, -0.0000000000000000000, -0.0000000000000000000 ) ) ;
#1796 = FACE_OUTER_BOUND ( 'NONE', #625, .T. ) ;
#1797 = ORIENTED_EDGE ( 'NONE', *, *, #6339, .T. ) ;
#1798 = VECTOR ( 'NONE', #7467, 1000.000000000000000 ) ;
#1799 = DIRECTION ( 'NONE',  ( 1.000000000000000000, 0.0000000000000000000, 0.0000000000000000000 ) ) ;
#1800 = ORIENTED_EDGE ( 'NONE', *, *, #842, .F. ) ;
#1801 = CARTESIAN_POINT ( 'NONE',  ( 4.335212641700700000, -1.149999999999999700, -4.275000000000001200 ) ) ;
#1802 = EDGE_CURVE ( 'NONE', #7274, #3022, #5579, .T. ) ;
#1803 = CARTESIAN_POINT ( 'NONE',  ( -1.475257074896937400, -0.8999999999999999100, -4.275000000000001200 ) ) ;
#1804 = PLANE ( 'NONE',  #2181 ) ;
#1805 = ORIENTED_EDGE ( 'NONE', *, *, #4658, .F. ) ;
#1806 = EDGE_CURVE ( 'NONE', #570, #5440, #1467, .T. ) ;
#1807 = ADVANCED_FACE ( 'NONE', ( #8935 ), #7191, .T. ) ;
#1808 = PLANE ( 'NONE',  #8908 ) ;
#1809 = DIRECTION ( 'NONE',  ( -0.0000000000000000000, -1.000000000000000000, -0.0000000000000000000 ) ) ;
#1811 = CARTESIAN_POINT ( 'NONE',  ( -6.143740578005090200, -0.5188375082928508000, 1.140537025406802100 ) ) ;
#1810 = DIRECTION ( 'NONE',  ( -0.04222409276774569800, -0.5908391699278817700, 0.8056836856166770300 ) ) ;
#1812 = EDGE_CURVE ( 'NONE', #7564, #1853, #7729, .T. ) ;
#1813 = DIRECTION ( 'NONE',  ( -1.000000000000000000, 0.0000000000000000000, 0.0000000000000000000 ) ) ;
#1814 = ORIENTED_EDGE ( 'NONE', *, *, #3555, .F. ) ;
#1815 = ORIENTED_EDGE ( 'NONE', *, *, #2528, .F. ) ;
#1816 = CARTESIAN_POINT ( 'NONE',  ( 6.811409716464077700, 2.806906743079782300, 3.305061906340968300 ) ) ;
#1817 = ORIENTED_EDGE ( 'NONE', *, *, #118, .F. ) ;
#1818 = EDGE_CURVE ( 'NONE', #4520, #8487, #345, .T. ) ;
#1819 = CARTESIAN_POINT ( 'NONE',  ( 6.459581821358177900, -0.4680213016031037900, -0.3146487402378805900 ) ) ;
#1820 = DIRECTION ( 'NONE',  ( 1.187077965286348300E-017, -0.03489949670250105900, 0.9993908270190956500 ) ) ;
#1822 = PLANE ( 'NONE',  #7489 ) ;
#1821 = PLANE ( 'NONE',  #8317 ) ;
#1823 = CARTESIAN_POINT ( 'NONE',  ( -5.090000000000000700, 1.879999999999999700, 5.534999999999999300 ) ) ;
#1824 = ORIENTED_EDGE ( 'NONE', *, *, #7996, .T. ) ;
#1825 = ORIENTED_EDGE ( 'NONE', *, *, #1534, .T. ) ;
#1826 = ORIENTED_EDGE ( 'NONE', *, *, #1193, .T. ) ;
#1827 = CARTESIAN_POINT ( 'NONE',  ( -4.492319958932258200, 2.076906743079788100, 3.066959884049311300 ) ) ;
#1828 = LINE ( 'NONE', #3433, #1406 ) ;
#1829 = DIRECTION ( 'NONE',  ( 3.285461128743965800E-016, 1.000000000000000000, 0.0000000000000000000 ) ) ;
#1830 = CARTESIAN_POINT ( 'NONE',  ( 0.0000000000000000000, -2.879999999999999900, -0.7050000000000005200 ) ) ;
#1831 = ORIENTED_EDGE ( 'NONE', *, *, #4275, .F. ) ;
#1832 = EDGE_CURVE ( 'NONE', #4966, #6540, #5889, .T. ) ;
#1833 = AXIS2_PLACEMENT_3D ( 'NONE', #361, #7880, #2463 ) ;
#1834 = CARTESIAN_POINT ( 'NONE',  ( 2.380158439298849100, -2.076906743079793400, 3.305061906340967000 ) ) ;
#1835 = EDGE_CURVE ( 'NONE', #7295, #6990, #3843, .T. ) ;
#1836 = ORIENTED_EDGE ( 'NONE', *, *, #4431, .T. ) ;
#1837 = CARTESIAN_POINT ( 'NONE',  ( -4.519156786797971400, 2.686402863664273600, 2.554882703278618500 ) ) ;
#1838 = CARTESIAN_POINT ( 'NONE',  ( 6.259999999999998900, -2.549999999999999800, 6.775000000000000400 ) ) ;
#1839 = CARTESIAN_POINT ( 'NONE',  ( -6.539999999999999100, 0.6099088255744773400, -3.830697027045894200 ) ) ;
#1840 = ORIENTED_EDGE ( 'NONE', *, *, #450, .F. ) ;
#1841 = VERTEX_POINT ( 'NONE', #1476 ) ;
#1842 = DIRECTION ( 'NONE',  ( 1.961413506046831700E-015, -0.8064028636642746100, -0.5913665711502954500 ) ) ;
#1844 = DIRECTION ( 'NONE',  ( -0.0000000000000000000, -1.000000000000000000, -0.0000000000000000000 ) ) ;
#1843 = CARTESIAN_POINT ( 'NONE',  ( 4.640307561336753000, -1.879999999999999700, 0.2431882144799621700 ) ) ;
#1845 = CARTESIAN_POINT ( 'NONE',  ( 2.322945737232128900, -2.936841159734383300, 2.213378517931613200 ) ) ;
#1846 = ORIENTED_EDGE ( 'NONE', *, *, #5615, .F. ) ;
#1847 = LINE ( 'NONE', #7878, #6841 ) ;
#1848 = AXIS2_PLACEMENT_3D ( 'NONE', #7728, #7779, #1537 ) ;
#1849 = DIRECTION ( 'NONE',  ( 1.000000000000000000, 0.0000000000000000000, 0.0000000000000000000 ) ) ;
#1850 = EDGE_CURVE ( 'NONE', #5725, #4244, #8597, .T. ) ;
#1851 = VERTEX_POINT ( 'NONE', #7754 ) ;
#1852 = FACE_OUTER_BOUND ( 'NONE', #8515, .T. ) ;
#1853 = VERTEX_POINT ( 'NONE', #4299 ) ;
#1854 = AXIS2_PLACEMENT_3D ( 'NONE', #3476, #2768, #4189 ) ;
#1855 = CARTESIAN_POINT ( 'NONE',  ( 3.724742925103062600, -0.8999999999999998000, -9.124999999999998200 ) ) ;
#1856 = ADVANCED_FACE ( 'NONE', ( #5245 ), #7726, .T. ) ;
#1857 = CARTESIAN_POINT ( 'NONE',  ( -6.590000000000000700, 1.476446968620943200, 4.174999999999999800 ) ) ;
#1858 = DIRECTION ( 'NONE',  ( 0.0000000000000000000, 1.000000000000000000, 0.0000000000000000000 ) ) ;
#1859 = CARTESIAN_POINT ( 'NONE',  ( 1.624742925103062500, -1.149999999999999700, -4.275000000000001200 ) ) ;
#1860 = ORIENTED_EDGE ( 'NONE', *, *, #5414, .T. ) ;
#1861 = LINE ( 'NONE', #2699, #4676 ) ;
#1862 = EDGE_CURVE ( 'NONE', #4501, #7783, #1895, .T. ) ;
#1863 = DIRECTION ( 'NONE',  ( -0.0000000000000000000, 1.000000000000000000, -0.0000000000000000000 ) ) ;
#1864 = LINE ( 'NONE', #1391, #5020 ) ;
#1865 = VERTEX_POINT ( 'NONE', #2193 ) ;
#1866 = CARTESIAN_POINT ( 'NONE',  ( -2.424084846277508600, -2.516311570751021100, 4.143227682101551700 ) ) ;
#1867 = DIRECTION ( 'NONE',  ( 0.7499999999999996700, 0.0000000000000000000, -0.6614378277661481200 ) ) ;
#1868 = FACE_OUTER_BOUND ( 'NONE', #4393, .T. ) ;
#1869 = EDGE_LOOP ( 'NONE', ( #7751, #413, #3697, #7647, #2146, #5755, #2501, #5326, #4761, #2052, #2098, #8989 ) ) ;
#1870 = CARTESIAN_POINT ( 'NONE',  ( 2.413857417394557700, 2.782424515760231200, 3.948076713621953900 ) ) ;
#1871 = LINE ( 'NONE', #3980, #5218 ) ;
#1872 = VERTEX_POINT ( 'NONE', #7059 ) ;
#1873 = DIRECTION ( 'NONE',  ( 0.0000000000000000000, 0.0000000000000000000, -1.000000000000000000 ) ) ;
#1874 = VECTOR ( 'NONE', #1877, 1000.000000000000000 ) ;
#1875 = EDGE_CURVE ( 'NONE', #5005, #3572, #1111, .T. ) ;
#1876 = VECTOR ( 'NONE', #8735, 1000.000000000000000 ) ;
#1877 = DIRECTION ( 'NONE',  ( -0.0000000000000000000, 1.000000000000000000, -0.0000000000000000000 ) ) ;
#1878 = VERTEX_POINT ( 'NONE', #2136 ) ;
#1879 = LINE ( 'NONE', #2366, #1997 ) ;
#1880 = CLOSED_SHELL ( 'NONE', ( #2293, #2901, #364, #8985, #509, #7114, #1755, #4670, #615, #921, #3714, #7576, #2847, #6170, #4514, #7929, #7340, #6805, #5499, #8478, #1907, #4426, #3224, #1492, #2334, #156, #7236, #1587, #2894, #4575, #6434, #8385, #1709, #1407, #3493, #6894, #2568, #835, #6127, #4628, #7973, #5252, #709, #5212, #3181, #2000, #7868, #8012, #8569, #63, #8716, #3004, #1121, #8250, #5716, #335, #273, #3670, #6712, #7479, #4293, #3540, #1596, #8298, #7436, #1553, #975, #5080, #3634, #1366, #1541, #5456, #3811, #3893, #2940, #3583, #5537, #2625, #8559, #5801, #2710, #8803, #5981, #8438, #5666, #4768, #8109, #5008, #3901, #4257, #7755, #5922, #5830, #7697, #746, #4615, #8063, #964, #1624, #3358, #6931, #1065, #8941, #244, #3083, #3456, #6024, #7427, #7069, #1022, #1721, #929, #2669, #7016, #7792, #6521, #4951, #4039, #5265, #3728, #8849, #5402, #3680, #6561, #1161, #5841, #8201, #8753, #6073, #4860, #5580, #6476, #3758, #5788, #5200, #189, #233, #6979, #6255, #6570, #2477, #6217, #4484, #3644, #2252, #8892, #1894, #4348, #808, #7839, #2424, #5092, #7150, #6617, #7385, #4996, #2436, #3766, #4660, #4334, #8163, #5363, #8652, #1214, #4088, #6345, #4726, #2083, #3272, #2952, #1632, #3167, #4124, #3413, #199, #1764, #5305, #801, #323, #5170, #8054, #5708, #880, #2038, #5044, #1268, #4169, #6485, #4206, #414, #1948, #4525, #5679, #7625, #1455, #463, #4380, #2757, #5618, #3989, #6445, #6388, #5053, #4906, #8605 ) ) ;
#1882 = CARTESIAN_POINT ( 'NONE',  ( 4.479841560701152600, 2.406906743079787700, 3.305061906340967900 ) ) ;
#1881 = DIRECTION ( 'NONE',  ( -0.05233595624294350200, 0.0000000000000000000, 0.9986295347545739400 ) ) ;
#1883 = VERTEX_POINT ( 'NONE', #4991 ) ;
#1884 = CIRCLE ( 'NONE', #5940, 0.1799999999999997700 ) ;
#1885 = CARTESIAN_POINT ( 'NONE',  ( -0.1000000000000000100, 2.779999999999999800, -4.201714464797489300 ) ) ;
#1886 = CARTESIAN_POINT ( 'NONE',  ( -4.185257074896937500, -1.150000000000052500, -4.275000000000001200 ) ) ;
#1887 = LINE ( 'NONE', #7863, #4159 ) ;
#1888 = VECTOR ( 'NONE', #8103, 1000.000000000000000 ) ;
#1889 = EDGE_LOOP ( 'NONE', ( #4329, #5912, #1454, #176, #3830, #2323, #8691, #6323, #5146, #5505, #2640, #6061, #405, #7654, #2990, #723 ) ) ;
#1891 = CARTESIAN_POINT ( 'NONE',  ( 5.803248313036694300, 1.274052472180229300, 1.003511519317803500 ) ) ;
#1890 = CARTESIAN_POINT ( 'NONE',  ( -0.6647873582993000200, -1.150000000000034800, -5.775000000000000400 ) ) ;
#1892 = CARTESIAN_POINT ( 'NONE',  ( 5.090000000000000700, -1.879999999999999700, 5.534999999999999300 ) ) ;
#1893 = DIRECTION ( 'NONE',  ( 1.146609398287954700E-017, 0.03489949670250106600, -0.9993908270190956500 ) ) ;
#1894 = ADVANCED_FACE ( 'NONE', ( #3739 ), #148, .F. ) ;
#1895 = LINE ( 'NONE', #3593, #6772 ) ;
#1896 = EDGE_CURVE ( 'NONE', #2288, #7001, #4939, .T. ) ;
#1897 =( BOUNDED_CURVE ( )  B_SPLINE_CURVE ( 3, ( #5495, #2877, #4950, #2638 ),
 .UNSPECIFIED., .F., .F. ) 
 B_SPLINE_CURVE_WITH_KNOTS ( ( 4, 4 ),
 ( 4.079636539841027700, 4.712388980384639900 ),
 .UNSPECIFIED. ) 
 CURVE ( )  GEOMETRIC_REPRESENTATION_ITEM ( )  RATIONAL_B_SPLINE_CURVE ( ( 1.000000000000000000, 0.9669127352965452000, 0.9669127352965452000, 1.000000000000000000 ) ) 
 REPRESENTATION_ITEM ( '' )  );
#1898 = CARTESIAN_POINT ( 'NONE',  ( -6.589999999999999900, 2.404999999999999800, -6.775000000000000400 ) ) ;
#1899 = ORIENTED_EDGE ( 'NONE', *, *, #6651, .T. ) ;
#1900 = VECTOR ( 'NONE', #7937, 1000.000000000000000 ) ;
#1901 = DIRECTION ( 'NONE',  ( -1.000000000000000000, 2.628368902995162800E-015, -2.673649675311314200E-016 ) ) ;
#1902 = CARTESIAN_POINT ( 'NONE',  ( 6.089999999999998100, 1.428971137077193100, -0.04990077168823354300 ) ) ;
#1903 = EDGE_LOOP ( 'NONE', ( #1566, #8191, #8893, #792 ) ) ;
#1904 = CARTESIAN_POINT ( 'NONE',  ( 6.289999999999999100, -0.1563947110675814000, -0.01762193927522023500 ) ) ;
#1905 = LINE ( 'NONE', #54, #6888 ) ;
#1906 = DIRECTION ( 'NONE',  ( -0.0000000000000000000, 1.000000000000000000, -0.0000000000000000000 ) ) ;
#1907 = ADVANCED_FACE ( 'NONE', ( #6329 ), #2214, .F. ) ;
#1908 = DIRECTION ( 'NONE',  ( -2.124908078801903100E-016, 1.000000000000000000, 0.0000000000000000000 ) ) ;
#1909 = AXIS2_PLACEMENT_3D ( 'NONE', #7369, #8126, #1873 ) ;
#1910 = FACE_OUTER_BOUND ( 'NONE', #4874, .T. ) ;
#1911 = EDGE_CURVE ( 'NONE', #6088, #3017, #1241, .T. ) ;
#1912 = ORIENTED_EDGE ( 'NONE', *, *, #1063, .F. ) ;
#1913 = CARTESIAN_POINT ( 'NONE',  ( -6.590000000000000700, 2.879999999999999900, 6.775000000000000400 ) ) ;
#1914 = CYLINDRICAL_SURFACE ( 'NONE', #1278, 0.1799999999999999400 ) ;
#1915 = CARTESIAN_POINT ( 'NONE',  ( -6.259999999999999800, -0.7200000000000000800, 4.174999999999999800 ) ) ;
#1916 = ORIENTED_EDGE ( 'NONE', *, *, #2001, .T. ) ;
#1917 = DIRECTION ( 'NONE',  ( 1.000000000000000000, 2.124908078801903100E-016, 0.0000000000000000000 ) ) ;
#1918 = VECTOR ( 'NONE', #3621, 1000.000000000000000 ) ;
#1920 = DIRECTION ( 'NONE',  ( -0.0000000000000000000, 1.000000000000000000, -0.0000000000000000000 ) ) ;
#1919 = CARTESIAN_POINT ( 'NONE',  ( -4.514944271309693700, -2.218232652604867500, 2.635262287109596100 ) ) ;
#1921 =( BOUNDED_CURVE ( )  B_SPLINE_CURVE ( 3, ( #7559, #6136, #7589, #5509 ),
 .UNSPECIFIED., .F., .F. ) 
 B_SPLINE_CURVE_WITH_KNOTS ( ( 4, 4 ),
 ( 4.712388980384639900, 5.345141420928253100 ),
 .UNSPECIFIED. ) 
 CURVE ( )  GEOMETRIC_REPRESENTATION_ITEM ( )  RATIONAL_B_SPLINE_CURVE ( ( 1.000000000000000000, 0.9669127352965449800, 0.9669127352965449800, 1.000000000000000000 ) ) 
 REPRESENTATION_ITEM ( '' )  );
#1922 = CARTESIAN_POINT ( 'NONE',  ( -13.67140971646411700, 2.406906743079763700, 3.066959884049314000 ) ) ;
#1923 = ORIENTED_EDGE ( 'NONE', *, *, #7172, .T. ) ;
#1924 = DIRECTION ( 'NONE',  ( 1.000000000000000000, -0.0000000000000000000, -0.0000000000000000000 ) ) ;
#1925 = ORIENTED_EDGE ( 'NONE', *, *, #5444, .T. ) ;
#1926 = EDGE_CURVE ( 'NONE', #2691, #4742, #3701, .T. ) ;
#1927 = CARTESIAN_POINT ( 'NONE',  ( 1.950000000000001300, 2.879999999999999900, -0.7050000000000005200 ) ) ;
#1928 = CARTESIAN_POINT ( 'NONE',  ( -6.260000000000000700, -2.549999999999999800, 6.775000000000000400 ) ) ;
#1929 = DIRECTION ( 'NONE',  ( -0.0000000000000000000, 1.000000000000000000, -0.0000000000000000000 ) ) ;
#1930 = DIRECTION ( 'NONE',  ( -2.124908078801903100E-016, 1.000000000000000000, 0.0000000000000000000 ) ) ;
#1931 = ORIENTED_EDGE ( 'NONE', *, *, #8952, .T. ) ;
#1932 = ORIENTED_EDGE ( 'NONE', *, *, #6112, .T. ) ;
#1933 = ORIENTED_EDGE ( 'NONE', *, *, #8886, .T. ) ;
#1934 = CARTESIAN_POINT ( 'NONE',  ( 0.3664338688640217400, 2.779999999999999800, 3.914026416602995400 ) ) ;
#1935 = DIRECTION ( 'NONE',  ( 1.000000000000000000, 0.0000000000000000000, 0.0000000000000000000 ) ) ;
#1936 = EDGE_LOOP ( 'NONE', ( #1060, #7350, #6425, #3806, #8859, #371 ) ) ;
#1937 = CARTESIAN_POINT ( 'NONE',  ( -1.999186377991320200, 2.549999999999999800, -0.7050000000000005200 ) ) ;
#1939 = PLANE ( 'NONE',  #7220 ) ;
#1938 = CARTESIAN_POINT ( 'NONE',  ( 6.554462929504513400, 1.216984041464326500, -0.6307145171213075500 ) ) ;
#1940 = CARTESIAN_POINT ( 'NONE',  ( -3.164787358299299600, -1.150000000000052300, -5.775000000000000400 ) ) ;
#1941 = CARTESIAN_POINT ( 'NONE',  ( -0.6647873582993000200, 1.049999999999965400, -5.775000000000000400 ) ) ;
#1942 = VERTEX_POINT ( 'NONE', #6427 ) ;
#1943 = ORIENTED_EDGE ( 'NONE', *, *, #8397, .T. ) ;
#1944 = VERTEX_POINT ( 'NONE', #5073 ) ;
#1945 = CYLINDRICAL_SURFACE ( 'NONE', #2183, 0.1650000000000002000 ) ;
#1946 = EDGE_CURVE ( 'NONE', #277, #7843, #8168, .T. ) ;
#1947 = DIRECTION ( 'NONE',  ( 0.0000000000000000000, 0.0000000000000000000, 1.000000000000000000 ) ) ;
#1948 = ADVANCED_FACE ( 'NONE', ( #4479 ), #1595, .F. ) ;
#1949 = ORIENTED_EDGE ( 'NONE', *, *, #4332, .T. ) ;
#1950 = LINE ( 'NONE', #6341, #3578 ) ;
#1951 = DIRECTION ( 'NONE',  ( -1.000000000000000000, 0.0000000000000000000, 0.0000000000000000000 ) ) ;
#1953 = DIRECTION ( 'NONE',  ( 0.0000000000000000000, 0.0000000000000000000, 1.000000000000000000 ) ) ;
#1952 = CARTESIAN_POINT ( 'NONE',  ( -4.590000000000000700, -2.449999999999999700, -6.775000000000000400 ) ) ;
#1954 = DIRECTION ( 'NONE',  ( 0.0000000000000000000, 0.0000000000000000000, 1.000000000000000000 ) ) ;
#1955 = VERTEX_POINT ( 'NONE', #3039 ) ;
#1956 = EDGE_LOOP ( 'NONE', ( #2237, #3286, #8358, #2846 ) ) ;
#1957 = CARTESIAN_POINT ( 'NONE',  ( -5.360059963454983000, 0.0000000000000000000, -4.275000000000001200 ) ) ;
#1958 = DIRECTION ( 'NONE',  ( -1.000000000000000000, -2.124908078801903100E-016, 0.0000000000000000000 ) ) ;
#1959 = ORIENTED_EDGE ( 'NONE', *, *, #1102, .F. ) ;
#1960 = VECTOR ( 'NONE', #4848, 1000.000000000000000 ) ;
#1961 = EDGE_LOOP ( 'NONE', ( #6921, #3148, #1678, #1814 ) ) ;
#1962 = CARTESIAN_POINT ( 'NONE',  ( -4.427744882863838600, 2.630637675488555400, 4.299125737131287700 ) ) ;
#1963 = EDGE_CURVE ( 'NONE', #2562, #8539, #2405, .T. ) ;
#1964 = AXIS2_PLACEMENT_3D ( 'NONE', #7680, #2841, #2122 ) ;
#1965 = EDGE_CURVE ( 'NONE', #5927, #2264, #6970, .T. ) ;
#1966 = ORIENTED_EDGE ( 'NONE', *, *, #7468, .F. ) ;
#1967 = AXIS2_PLACEMENT_3D ( 'NONE', #7788, #3693, #6443 ) ;
#1968 = VERTEX_POINT ( 'NONE', #314 ) ;
#1969 = FACE_OUTER_BOUND ( 'NONE', #2138, .T. ) ;
#1970 = CARTESIAN_POINT ( 'NONE',  ( -6.590000000000000700, -0.7182234843104716700, 4.274984218714779500 ) ) ;
#1971 = DIRECTION ( 'NONE',  ( -0.3378260905024653100, 0.1053848003180299200, -0.9352901028225141200 ) ) ;
#1972 = ORIENTED_EDGE ( 'NONE', *, *, #4319, .T. ) ;
#1973 = CARTESIAN_POINT ( 'NONE',  ( 2.331777463049722300, -2.813259355862364000, 2.381897885445651800 ) ) ;
#1974 = FACE_OUTER_BOUND ( 'NONE', #6187, .T. ) ;
#1975 = CARTESIAN_POINT ( 'NONE',  ( -7.628237703307986500, 0.7747068546877504700, -8.281148335353792700 ) ) ;
#1976 = ORIENTED_EDGE ( 'NONE', *, *, #1926, .T. ) ;
#1977 = CARTESIAN_POINT ( 'NONE',  ( -13.67140971646411700, 2.484345597614054500, 3.541608534801088400 ) ) ;
#1978 = VECTOR ( 'NONE', #6732, 1000.000000000000000 ) ;
#1979 = DIRECTION ( 'NONE',  ( 0.0000000000000000000, 0.0000000000000000000, -1.000000000000000000 ) ) ;
#1980 = ORIENTED_EDGE ( 'NONE', *, *, #6587, .F. ) ;
#1981 = VECTOR ( 'NONE', #7122, 1000.000000000000000 ) ;
#1982 = PLANE ( 'NONE',  #1400 ) ;
#1983 = LINE ( 'NONE', #8895, #7615 ) ;
#1984 = CARTESIAN_POINT ( 'NONE',  ( -4.185257074896937500, -1.150000000000052500, -4.275000000000001200 ) ) ;
#1985 = ORIENTED_EDGE ( 'NONE', *, *, #4777, .T. ) ;
#1986 = LINE ( 'NONE', #2075, #122 ) ;
#1987 = EDGE_CURVE ( 'NONE', #5676, #7058, #3948, .T. ) ;
#1988 = ORIENTED_EDGE ( 'NONE', *, *, #8681, .F. ) ;
#1989 = CARTESIAN_POINT ( 'NONE',  ( 7.069116602183066300, 2.057226968288127900, -9.861485656442864600 ) ) ;
#1990 = VECTOR ( 'NONE', #2164, 1000.000000000000000 ) ;
#1991 = VERTEX_POINT ( 'NONE', #5134 ) ;
#1992 = VERTEX_POINT ( 'NONE', #4443 ) ;
#1993 = CARTESIAN_POINT ( 'NONE',  ( -13.67140971646411700, 2.406906743079763300, 3.305061906340970100 ) ) ;
#1994 = EDGE_CURVE ( 'NONE', #4193, #8205, #2610, .T. ) ;
#1995 = VECTOR ( 'NONE', #1138, 1000.000000000000000 ) ;
#1996 = CARTESIAN_POINT ( 'NONE',  ( -2.340843213202029400, 2.686402863664274100, 2.554882703278625200 ) ) ;
#1997 = VECTOR ( 'NONE', #7249, 1000.000000000000000 ) ;
#1998 = VERTEX_POINT ( 'NONE', #1703 ) ;
#1999 = CARTESIAN_POINT ( 'NONE',  ( -1.950000000000000000, 1.879999999999999700, -0.5250000000000005800 ) ) ;
#2000 = ADVANCED_FACE ( 'NONE', ( #1232 ), #1021, .F. ) ;
#2001 = EDGE_CURVE ( 'NONE', #761, #4025, #8375, .T. ) ;
#2002 = ORIENTED_EDGE ( 'NONE', *, *, #8537, .F. ) ;
#2003 = FACE_OUTER_BOUND ( 'NONE', #7815, .T. ) ;
#2004 = CARTESIAN_POINT ( 'NONE',  ( -3.975257074896937100, -1.150000000000052500, -5.775000000000000400 ) ) ;
#2005 = VECTOR ( 'NONE', #6249, 1000.000000000000000 ) ;
#2006 = PLANE ( 'NONE',  #2141 ) ;
#2007 = ORIENTED_EDGE ( 'NONE', *, *, #4204, .T. ) ;
#2008 = EDGE_CURVE ( 'NONE', #7274, #332, #1887, .T. ) ;
#2009 = DIRECTION ( 'NONE',  ( 0.0000000000000000000, -0.03489949670250107300, 0.9993908270190956500 ) ) ;
#2010 = CARTESIAN_POINT ( 'NONE',  ( 6.133248313036692600, -5.263181610785594000, 1.003511519317804600 ) ) ;
#2011 = LINE ( 'NONE', #1890, #7307 ) ;
#2012 = CYLINDRICAL_SURFACE ( 'NONE', #8698, 0.1650000000000002000 ) ;
#2013 = DIRECTION ( 'NONE',  ( 0.0000000000000000000, -0.0000000000000000000, -1.000000000000000000 ) ) ;
#2014 = DIRECTION ( 'NONE',  ( 1.000000000000000000, 2.628368902995162400E-015, 0.0000000000000000000 ) ) ;
#2015 = CARTESIAN_POINT ( 'NONE',  ( 0.3664338688640217400, 2.879999999999999900, 4.738502621547048000 ) ) ;
#2016 = DIRECTION ( 'NONE',  ( -0.0000000000000000000, -0.0000000000000000000, 1.000000000000000000 ) ) ;
#2017 = LINE ( 'NONE', #411, #254 ) ;
#2018 = ORIENTED_EDGE ( 'NONE', *, *, #605, .F. ) ;
#2019 = EDGE_CURVE ( 'NONE', #8650, #7295, #4829, .T. ) ;
#2020 = EDGE_CURVE ( 'NONE', #8750, #5217, #7829, .T. ) ;
#2021 = VECTOR ( 'NONE', #2945, 1000.000000000000000 ) ;
#2022 = CARTESIAN_POINT ( 'NONE',  ( 1.835212641700700000, -1.150000000000017200, -4.275000000000001200 ) ) ;
#2023 = CARTESIAN_POINT ( 'NONE',  ( 0.3664338688640216800, 2.879999999999999900, -4.926190669741541400 ) ) ;
#2024 = CARTESIAN_POINT ( 'NONE',  ( -6.089999999999998100, 1.380000000000000100, -3.249120853379041000E-031 ) ) ;
#2025 = DIRECTION ( 'NONE',  ( 2.124908078801903100E-016, -1.000000000000000000, -0.0000000000000000000 ) ) ;
#2026 = VECTOR ( 'NONE', #8434, 1000.000000000000000 ) ;
#2027 = VERTEX_POINT ( 'NONE', #3679 ) ;
#2028 = DIRECTION ( 'NONE',  ( 1.961413506046831700E-015, 0.8064028636642746100, 0.5913665711502954500 ) ) ;
#2029 = VECTOR ( 'NONE', #7510, 1000.000000000000000 ) ;
#2030 = VERTEX_POINT ( 'NONE', #3013 ) ;
#2031 = AXIS2_PLACEMENT_3D ( 'NONE', #2319, #5738, #183 ) ;
#2032 = EDGE_CURVE ( 'NONE', #2795, #3296, #3731, .T. ) ;
#2033 = ORIENTED_EDGE ( 'NONE', *, *, #4050, .F. ) ;
#2034 = AXIS2_PLACEMENT_3D ( 'NONE', #6299, #7638, #721 ) ;
#2035 = CARTESIAN_POINT ( 'NONE',  ( -6.539999999999999100, 0.6099088255744773400, -3.371594611156200700 ) ) ;
#2036 = EDGE_CURVE ( 'NONE', #6145, #8370, #7183, .T. ) ;
#2037 = DIRECTION ( 'NONE',  ( 0.0000000000000000000, -0.03489949670250110100, -0.9993908270190956500 ) ) ;
#2038 = ADVANCED_FACE ( 'NONE', ( #6536 ), #3515, .F. ) ;
#2039 =( BOUNDED_CURVE ( )  B_SPLINE_CURVE ( 3, ( #1050, #7267, #1735, #6636 ),
 .UNSPECIFIED., .F., .F. ) 
 B_SPLINE_CURVE_WITH_KNOTS ( ( 4, 4 ),
 ( 1.862431262686250000, 4.712388980384707400 ),
 .UNSPECIFIED. ) 
 CURVE ( )  GEOMETRIC_REPRESENTATION_ITEM ( )  RATIONAL_B_SPLINE_CURVE ( ( 1.000000000000000000, 0.4302008471344850300, 0.4302008471344850300, 1.000000000000000000 ) ) 
 REPRESENTATION_ITEM ( '' )  );
#2040 = DIRECTION ( 'NONE',  ( 2.124908078801903100E-016, -1.000000000000000000, -0.0000000000000000000 ) ) ;
#2041 = CARTESIAN_POINT ( 'NONE',  ( -6.260000000000000700, 2.549999999999999800, -6.775000000000000400 ) ) ;
#2042 = DIRECTION ( 'NONE',  ( 0.0000000000000000000, -0.5913665711502955600, 0.8064028636642743800 ) ) ;
#2043 = ORIENTED_EDGE ( 'NONE', *, *, #2166, .T. ) ;
#2044 = EDGE_LOOP ( 'NONE', ( #3085, #8752, #7477, #4973 ) ) ;
#2045 = ORIENTED_EDGE ( 'NONE', *, *, #3841, .T. ) ;
#2046 = CARTESIAN_POINT ( 'NONE',  ( 0.0000000000000000000, 2.779999999999999800, 3.914026416602995400 ) ) ;
#2047 = EDGE_CURVE ( 'NONE', #4173, #8322, #1571, .T. ) ;
#2048 = CARTESIAN_POINT ( 'NONE',  ( -4.909999999999998400, -1.879999999999999700, -0.7050000000000007400 ) ) ;
#2049 = DIRECTION ( 'NONE',  ( -1.000000000000000000, -3.011672701348624000E-016, 0.0000000000000000000 ) ) ;
#2050 = ORIENTED_EDGE ( 'NONE', *, *, #1274, .T. ) ;
#2051 = ORIENTED_EDGE ( 'NONE', *, *, #7688, .T. ) ;
#2052 = ORIENTED_EDGE ( 'NONE', *, *, #580, .T. ) ;
#2053 = FACE_OUTER_BOUND ( 'NONE', #8024, .T. ) ;
#2054 = EDGE_CURVE ( 'NONE', #106, #4566, #7932, .T. ) ;
#2055 = DIRECTION ( 'NONE',  ( 0.0000000000000000000, 0.0000000000000000000, -1.000000000000000000 ) ) ;
#2056 = VERTEX_POINT ( 'NONE', #3160 ) ;
#2057 = CARTESIAN_POINT ( 'NONE',  ( 6.811409716464076800, 2.406906743079781500, 3.305061906340968300 ) ) ;
#2058 = ORIENTED_EDGE ( 'NONE', *, *, #6176, .T. ) ;
#2059 = FACE_OUTER_BOUND ( 'NONE', #602, .T. ) ;
#2060 = ORIENTED_EDGE ( 'NONE', *, *, #4306, .F. ) ;
#2061 = EDGE_CURVE ( 'NONE', #1723, #1942, #444, .T. ) ;
#2062 = AXIS2_PLACEMENT_3D ( 'NONE', #5392, #589, #7505 ) ;
#2063 = DIRECTION ( 'NONE',  ( -1.000000000000000000, 3.011672701348624000E-016, -0.0000000000000000000 ) ) ;
#2064 = ORIENTED_EDGE ( 'NONE', *, *, #5081, .T. ) ;
#2065 = AXIS2_PLACEMENT_3D ( 'NONE', #2010, #6849, #6180 ) ;
#2067 = DIRECTION ( 'NONE',  ( -0.05233595624294380700, 0.0000000000000000000, 0.9986295347545739400 ) ) ;
#2066 = CARTESIAN_POINT ( 'NONE',  ( -4.479841560701151700, -2.406906743079787200, 3.305061906340970100 ) ) ;
#2068 = DIRECTION ( 'NONE',  ( -1.000000000000000000, -3.011672701348624000E-016, -0.0000000000000000000 ) ) ;
#2069 = ORIENTED_EDGE ( 'NONE', *, *, #7332, .T. ) ;
#2070 = LINE ( 'NONE', #3689, #7363 ) ;
#2071 = DIRECTION ( 'NONE',  ( 0.05233595624294380700, 0.0000000000000000000, 0.9986295347545739400 ) ) ;
#2072 = ORIENTED_EDGE ( 'NONE', *, *, #2905, .T. ) ;
#2073 = VECTOR ( 'NONE', #5277, 1000.000000000000000 ) ;
#2074 = EDGE_LOOP ( 'NONE', ( #6501, #4663, #4143, #2050 ) ) ;
#2075 = CARTESIAN_POINT ( 'NONE',  ( -2.178939694247144800, -1.879999999999999700, -0.5344204721237292300 ) ) ;
#2076 = CARTESIAN_POINT ( 'NONE',  ( 2.340843213202029800, 2.686402863664274500, 2.554882703278625200 ) ) ;
#2077 = DIRECTION ( 'NONE',  ( 2.124908078801903100E-016, -1.000000000000000000, -0.0000000000000000000 ) ) ;
#2078 = EDGE_LOOP ( 'NONE', ( #4653, #5432, #7591, #6479 ) ) ;
#2079 = CARTESIAN_POINT ( 'NONE',  ( -0.1000000000000000100, 2.779999999999999800, 6.775000000000000400 ) ) ;
#2080 = FACE_OUTER_BOUND ( 'NONE', #3165, .T. ) ;
#2081 = CARTESIAN_POINT ( 'NONE',  ( -6.709128150655201000, -0.6200000000000002200, 4.019100492326974600 ) ) ;
#2082 = EDGE_CURVE ( 'NONE', #7885, #5078, #6223, .T. ) ;
#2083 = ADVANCED_FACE ( 'NONE', ( #6320 ), #3951, .T. ) ;
#2084 = LINE ( 'NONE', #2770, #3278 ) ;
#2085 = ORIENTED_EDGE ( 'NONE', *, *, #6462, .T. ) ;
#2086 = AXIS2_PLACEMENT_3D ( 'NONE', #5391, #8896, #6752 ) ;
#2087 = FACE_OUTER_BOUND ( 'NONE', #6717, .T. ) ;
#2088 = ORIENTED_EDGE ( 'NONE', *, *, #215, .F. ) ;
#2089 = CARTESIAN_POINT ( 'NONE',  ( -6.589999999999999000, 0.6099088255744773400, -3.371594611156200700 ) ) ;
#2090 = VECTOR ( 'NONE', #4543, 1000.000000000000000 ) ;
#2091 = ORIENTED_EDGE ( 'NONE', *, *, #526, .F. ) ;
#2092 = CARTESIAN_POINT ( 'NONE',  ( -2.178939694247144800, 2.549999999999999800, -0.5344204721237292300 ) ) ;
#2093 = FACE_BOUND ( 'NONE', #2857, .T. ) ;
#2094 = DIRECTION ( 'NONE',  ( -1.146609398287954500E-017, 0.03489949670250107300, -0.9993908270190956500 ) ) ;
#2095 = APPROVAL ( #4249, 'UNSPECIFIED' ) ;
#2096 = CARTESIAN_POINT ( 'NONE',  ( 1.999186377991320200, -1.879999999999999700, -0.7050000000000005200 ) ) ;
#2097 = LINE ( 'NONE', #2649, #2842 ) ;
#2098 = ORIENTED_EDGE ( 'NONE', *, *, #6797, .T. ) ;
#2099 = LINE ( 'NONE', #5628, #4152 ) ;
#2100 = VERTEX_POINT ( 'NONE', #5999 ) ;
#2101 = DIRECTION ( 'NONE',  ( -3.285461128743965400E-016, 1.000000000000000000, -2.062312011738056000E-017 ) ) ;
#2102 = ORIENTED_EDGE ( 'NONE', *, *, #7019, .F. ) ;
#2103 = CARTESIAN_POINT ( 'NONE',  ( -4.910000000000000100, -2.879999999999999900, -0.5250000000000008000 ) ) ;
#2104 = CIRCLE ( 'NONE', #1128, 0.1000000000000000500 ) ;
#2105 = EDGE_CURVE ( 'NONE', #7008, #7813, #2106, .T. ) ;
#2106 = LINE ( 'NONE', #2419, #4929 ) ;
#2107 = VECTOR ( 'NONE', #6264, 1000.000000000000000 ) ;
#2108 = ORIENTED_EDGE ( 'NONE', *, *, #2263, .F. ) ;
#2109 = B_SPLINE_SURFACE_WITH_KNOTS ( 'NONE', 3, 3, ( 
 ( #6203, #8313, #8374, #8287 ),
 ( #767, #6318, #43, #3569 ),
 ( #6920, #7651, #5571, #4170 ),
 ( #4225, #712, #1483, #4854 ) ),
 .UNSPECIFIED., .F., .F., .F.,
 ( 4, 4 ),
 ( 4, 4 ),
 ( 0.0000000000000000000, 1.000000000000000000 ),
 ( 0.0000000000000000000, 1.000000000000000000 ),
 .UNSPECIFIED. ) ;
#2110 = EDGE_CURVE ( 'NONE', #2865, #3343, #4708, .T. ) ;
#2111 = DIRECTION ( 'NONE',  ( 0.0000000000000000000, 0.0000000000000000000, -1.000000000000000000 ) ) ;
#2112 = CARTESIAN_POINT ( 'NONE',  ( 6.259999999999998900, 1.476446968620943400, 4.174999999999999800 ) ) ;
#2113 = VECTOR ( 'NONE', #5641, 1000.000000000000000 ) ;
#2114 = DIRECTION ( 'NONE',  ( -0.0000000000000000000, -1.000000000000000000, -0.0000000000000000000 ) ) ;
#2115 = CARTESIAN_POINT ( 'NONE',  ( -1.863958837954551800, -2.549999999999999800, -6.544613245060358700 ) ) ;
#2116 = FACE_OUTER_BOUND ( 'NONE', #7452, .T. ) ;
#2117 = ORIENTED_EDGE ( 'NONE', *, *, #621, .T. ) ;
#2118 = DIRECTION ( 'NONE',  ( 1.000000000000000000, 0.0000000000000000000, -3.316747347134612400E-015 ) ) ;
#2119 = VECTOR ( 'NONE', #2068, 1000.000000000000000 ) ;
#2120 = EDGE_CURVE ( 'NONE', #4619, #2595, #231, .T. ) ;
#2121 = DIRECTION ( 'NONE',  ( -0.2875185095343469300, 0.0000000000000000000, -0.9577750814649269600 ) ) ;
#2122 = DIRECTION ( 'NONE',  ( 1.431289996680534200E-016, 0.0000000000000000000, 1.000000000000000000 ) ) ;
#2123 = LINE ( 'NONE', #7433, #5902 ) ;
#2124 = ORIENTED_EDGE ( 'NONE', *, *, #7563, .F. ) ;
#2125 = ADVANCED_FACE ( 'NONE', ( #1668 ), #8785, .F. ) ;
#2126 = LINE ( 'NONE', #6285, #6558 ) ;
#2128 = PLANE ( 'NONE',  #8452 ) ;
#2127 = DIRECTION ( 'NONE',  ( 0.2873578278746624600, 0.03342755118621454400, 0.9572398223960644200 ) ) ;
#2129 = EDGE_CURVE ( 'NONE', #616, #1109, #5283, .T. ) ;
#2130 = AXIS2_PLACEMENT_3D ( 'NONE', #8814, #8039, #1244 ) ;
#2131 = EDGE_CURVE ( 'NONE', #378, #4023, #1460, .T. ) ;
#2132 = DIRECTION ( 'NONE',  ( 0.0000000000000000000, 0.0000000000000000000, 1.000000000000000000 ) ) ;
#2133 = ORIENTED_EDGE ( 'NONE', *, *, #2291, .F. ) ;
#2134 = DIRECTION ( 'NONE',  ( -0.0000000000000000000, 1.000000000000000000, -0.0000000000000000000 ) ) ;
#2135 = VECTOR ( 'NONE', #457, 1000.000000000000000 ) ;
#2136 = CARTESIAN_POINT ( 'NONE',  ( -4.909999999999998400, 2.549999999999999800, -0.7050000000000007400 ) ) ;
#2137 = DIRECTION ( 'NONE',  ( -1.000000000000000000, -3.011672701348624000E-016, -0.0000000000000000000 ) ) ;
#2138 = EDGE_LOOP ( 'NONE', ( #618, #8060, #2751, #6517, #2821 ) ) ;
#2139 = ORIENTED_EDGE ( 'NONE', *, *, #3763, .T. ) ;
#2140 = DIRECTION ( 'NONE',  ( -1.000000000000000000, 0.0000000000000000000, 0.0000000000000000000 ) ) ;
#2141 = AXIS2_PLACEMENT_3D ( 'NONE', #8990, #6877, #4790 ) ;
#2142 = CARTESIAN_POINT ( 'NONE',  ( -6.160000000000000100, 2.449999999999999700, -4.275000000000001200 ) ) ;
#2143 = CARTESIAN_POINT ( 'NONE',  ( -5.360059963454983000, 0.0000000000000000000, 17.55885521993058900 ) ) ;
#2144 = ORIENTED_EDGE ( 'NONE', *, *, #5832, .T. ) ;
#2145 = EDGE_LOOP ( 'NONE', ( #8632, #3038, #4645, #8187 ) ) ;
#2146 = ORIENTED_EDGE ( 'NONE', *, *, #1689, .F. ) ;
#2147 = EDGE_CURVE ( 'NONE', #6301, #5005, #8275, .T. ) ;
#2148 = LINE ( 'NONE', #7830, #3246 ) ;
#2149 = VERTEX_POINT ( 'NONE', #5906 ) ;
#2151 = CARTESIAN_POINT ( 'NONE',  ( 1.950000000000000000, 1.879999999999999700, -0.5250000000000005800 ) ) ;
#2150 = CARTESIAN_POINT ( 'NONE',  ( -4.427744882863838600, -2.630637675488555400, 4.299125737131287700 ) ) ;
#2152 = EDGE_CURVE ( 'NONE', #3425, #3938, #996, .T. ) ;
#2153 = VERTEX_POINT ( 'NONE', #398 ) ;
#2154 = ORIENTED_EDGE ( 'NONE', *, *, #2032, .F. ) ;
#2155 = VECTOR ( 'NONE', #2690, 1000.000000000000100 ) ;
#2156 = CARTESIAN_POINT ( 'NONE',  ( 4.475344676793219500, -2.406906743079788100, 3.390867562857084100 ) ) ;
#2157 = ORIENTED_EDGE ( 'NONE', *, *, #470, .F. ) ;
#2158 = EDGE_CURVE ( 'NONE', #6850, #5703, #990, .T. ) ;
#2159 = DIRECTION ( 'NONE',  ( -1.187077965286349100E-017, 0.03489949670250108700, 0.9993908270190956500 ) ) ;
#2160 = DIRECTION ( 'NONE',  ( 1.000000000000000000, -0.0000000000000000000, -0.0000000000000000000 ) ) ;
#2161 = ORIENTED_EDGE ( 'NONE', *, *, #8678, .F. ) ;
#2162 = EDGE_LOOP ( 'NONE', ( #3713, #2139, #197, #6630, #928 ) ) ;
#2163 =( BOUNDED_CURVE ( )  B_SPLINE_CURVE ( 3, ( #8272, #6906, #5524, #6129 ),
 .UNSPECIFIED., .F., .F. ) 
 B_SPLINE_CURVE_WITH_KNOTS ( ( 4, 4 ),
 ( 1.224179486765076400, 2.418858405776379800 ),
 .UNSPECIFIED. ) 
 CURVE ( )  GEOMETRIC_REPRESENTATION_ITEM ( )  RATIONAL_B_SPLINE_CURVE ( ( 1.000000000000000000, 0.8845566308302423900, 0.8845566308302423900, 1.000000000000000000 ) ) 
 REPRESENTATION_ITEM ( '' )  );
#2164 = DIRECTION ( 'NONE',  ( 0.0000000000000000000, -1.000000000000000000, 0.0000000000000000000 ) ) ;
#2165 = ADVANCED_FACE ( 'NONE', ( #5042 ), #3375, .T. ) ;
#2166 = EDGE_CURVE ( 'NONE', #4361, #6952, #8155, .T. ) ;
#2167 = ORIENTED_EDGE ( 'NONE', *, *, #8330, .F. ) ;
#2168 = LINE ( 'NONE', #2430, #1530 ) ;
#2169 = ORIENTED_EDGE ( 'NONE', *, *, #8449, .T. ) ;
#2170 = CARTESIAN_POINT ( 'NONE',  ( 6.263847163821743900, 1.380000000000000100, 4.087694446229456900 ) ) ;
#2171 = EDGE_LOOP ( 'NONE', ( #5850, #4797, #4155, #7502 ) ) ;
#2172 = DIRECTION ( 'NONE',  ( -1.000000000000000000, -2.628368902995162800E-015, -2.673649675311314200E-016 ) ) ;
#2173 = ORIENTED_EDGE ( 'NONE', *, *, #1702, .T. ) ;
#2174 = DIRECTION ( 'NONE',  ( -1.000000000000000000, -2.628368902995162800E-015, 2.673649675311313700E-016 ) ) ;
#2175 = DIRECTION ( 'NONE',  ( -1.000000000000000000, -2.628368902995162800E-015, -2.673649675311314200E-016 ) ) ;
#2176 = VERTEX_POINT ( 'NONE', #7422 ) ;
#2177 = LINE ( 'NONE', #4158, #8128 ) ;
#2178 = VERTEX_POINT ( 'NONE', #4711 ) ;
#2179 = EDGE_CURVE ( 'NONE', #6353, #3333, #8493, .T. ) ;
#2180 = DIRECTION ( 'NONE',  ( -1.000000000000000000, -2.124908078801903100E-016, 0.0000000000000000000 ) ) ;
#2181 = AXIS2_PLACEMENT_3D ( 'NONE', #1902, #7400, #5289 ) ;
#2182 = LINE ( 'NONE', #4391, #7262 ) ;
#2183 = AXIS2_PLACEMENT_3D ( 'NONE', #6817, #77, #523 ) ;
#2184 = PLANE ( 'NONE',  #6478 ) ;
#2185 = VERTEX_POINT ( 'NONE', #8142 ) ;
#2186 = DIRECTION ( 'NONE',  ( 0.0000000000000000000, 1.000000000000000000, 0.0000000000000000000 ) ) ;
#2187 = CYLINDRICAL_SURFACE ( 'NONE', #4239, 0.1000000000000000500 ) ;
#2188 = VERTEX_POINT ( 'NONE', #5437 ) ;
#2189 = VECTOR ( 'NONE', #4905, 1000.000000000000000 ) ;
#2190 = ORIENTED_EDGE ( 'NONE', *, *, #7744, .F. ) ;
#2191 = VECTOR ( 'NONE', #3115, 1000.000000000000000 ) ;
#2192 = ORIENTED_EDGE ( 'NONE', *, *, #1570, .T. ) ;
#2193 = CARTESIAN_POINT ( 'NONE',  ( -1.950000000000001300, 2.549999999999999800, -0.7050000000000005200 ) ) ;
#2194 = DIRECTION ( 'NONE',  ( 1.000000000000000000, 0.0000000000000000000, 0.0000000000000000000 ) ) ;
#2195 = LINE ( 'NONE', #4933, #328 ) ;
#2196 = CARTESIAN_POINT ( 'NONE',  ( -1.769999999999999800, -1.879999999999999700, -0.5249999999999994700 ) ) ;
#2197 = EDGE_LOOP ( 'NONE', ( #554, #3023, #13, #7982 ) ) ;
#2198 = EDGE_CURVE ( 'NONE', #6926, #541, #3082, .T. ) ;
#2199 = LINE ( 'NONE', #5568, #4351 ) ;
#2200 = ORIENTED_EDGE ( 'NONE', *, *, #3763, .F. ) ;
#2201 = DIRECTION ( 'NONE',  ( 0.0000000000000000000, 0.0000000000000000000, 1.000000000000000000 ) ) ;
#2202 = EDGE_LOOP ( 'NONE', ( #181, #6556, #8477 ) ) ;
#2203 =( BOUNDED_CURVE ( )  B_SPLINE_CURVE ( 3, ( #8713, #5167, #7403, #4654 ),
 .UNSPECIFIED., .F., .F. ) 
 B_SPLINE_CURVE_WITH_KNOTS ( ( 4, 4 ),
 ( 4.079636539841027700, 4.712388980384639900 ),
 .UNSPECIFIED. ) 
 CURVE ( )  GEOMETRIC_REPRESENTATION_ITEM ( )  RATIONAL_B_SPLINE_CURVE ( ( 1.000000000000000000, 0.9669127352965452000, 0.9669127352965452000, 1.000000000000000000 ) ) 
 REPRESENTATION_ITEM ( '' )  );
#2204 = AXIS2_PLACEMENT_3D ( 'NONE', #8302, #6858, #1284 ) ;
#2205 = LINE ( 'NONE', #4699, #3406 ) ;
#2206 = CARTESIAN_POINT ( 'NONE',  ( 0.0000000000000000000, 0.0000000000000000000, -5.775000000000000400 ) ) ;
#2207 = LINE ( 'NONE', #2515, #7721 ) ;
#2208 = CARTESIAN_POINT ( 'NONE',  ( 6.752806337296630300, 0.9383446437143893000, -9.733433712965208400 ) ) ;
#2209 = VERTEX_POINT ( 'NONE', #5401 ) ;
#2210 = DIRECTION ( 'NONE',  ( -0.0000000000000000000, -1.000000000000000000, -0.0000000000000000000 ) ) ;
#2211 = VERTEX_POINT ( 'NONE', #5374 ) ;
#2212 = DIRECTION ( 'NONE',  ( -1.000000000000000000, 3.011672701348624000E-016, 0.0000000000000000000 ) ) ;
#2213 = LINE ( 'NONE', #5777, #3947 ) ;
#2214 = CYLINDRICAL_SURFACE ( 'NONE', #4003, 0.3700000000000005500 ) ;
#2215 = CARTESIAN_POINT ( 'NONE',  ( 6.811409716464077700, -2.806906743079782300, 3.305061906340968300 ) ) ;
#2216 = ADVANCED_FACE ( 'NONE', ( #2748 ), #3412, .T. ) ;
#2217 = CARTESIAN_POINT ( 'NONE',  ( -4.185257074896937500, -1.150000000000052500, -4.275000000000001200 ) ) ;
#2218 = VERTEX_POINT ( 'NONE', #1251 ) ;
#2219 = DIRECTION ( 'NONE',  ( -4.336808689942015400E-015, -1.000000000000000000, 0.0000000000000000000 ) ) ;
#2220 = AXIS2_PLACEMENT_3D ( 'NONE', #4898, #703, #2132 ) ;
#2221 = EDGE_CURVE ( 'NONE', #8567, #3572, #7399, .T. ) ;
#2222 = LINE ( 'NONE', #5285, #44 ) ;
#2223 = FACE_OUTER_BOUND ( 'NONE', #1394, .T. ) ;
#2224 = ADVANCED_FACE ( 'NONE', ( #2976 ), #1982, .F. ) ;
#2225 = DIRECTION ( 'NONE',  ( -0.0000000000000000000, -1.000000000000000000, -0.0000000000000000000 ) ) ;
#2226 = CARTESIAN_POINT ( 'NONE',  ( -5.855184962834836200, 1.258248747434649100, 0.5509520546897577200 ) ) ;
#2227 = LINE ( 'NONE', #4554, #8947 ) ;
#2228 = EDGE_LOOP ( 'NONE', ( #6508, #3386, #7327, #6675 ) ) ;
#2229 = LINE ( 'NONE', #3418, #7420 ) ;
#2230 = VECTOR ( 'NONE', #891, 1000.000000000000000 ) ;
#2231 = CARTESIAN_POINT ( 'NONE',  ( 1.835212641700700000, 1.049999999999982700, -4.275000000000001200 ) ) ;
#2232 = VERTEX_POINT ( 'NONE', #8232 ) ;
#2233 = EDGE_CURVE ( 'NONE', #4678, #733, #6646, .T. ) ;
#2234 = CARTESIAN_POINT ( 'NONE',  ( -6.969868514310958200, 2.404999999999999800, -8.043345873256793500 ) ) ;
#2235 = AXIS2_PLACEMENT_3D ( 'NONE', #595, #3408, #5470 ) ;
#2236 = FACE_OUTER_BOUND ( 'NONE', #5955, .T. ) ;
#2237 = ORIENTED_EDGE ( 'NONE', *, *, #7111, .F. ) ;
#2238 = CARTESIAN_POINT ( 'NONE',  ( -1.999186377991320200, 1.879999999999999700, -0.7050000000000005200 ) ) ;
#2239 = DIRECTION ( 'NONE',  ( 2.992558513228112800E-016, -1.000000000000000000, 0.0000000000000000000 ) ) ;
#2240 = PLANE ( 'NONE',  #5815 ) ;
#2241 = ORIENTED_EDGE ( 'NONE', *, *, #7582, .F. ) ;
#2242 = CARTESIAN_POINT ( 'NONE',  ( 6.589999999999999000, 1.576446968620943200, 4.174999999999999800 ) ) ;
#2243 = EDGE_CURVE ( 'NONE', #1185, #516, #7628, .T. ) ;
#2244 = EDGE_CURVE ( 'NONE', #1851, #3590, #6432, .T. ) ;
#2245 = AXIS2_PLACEMENT_3D ( 'NONE', #4972, #3576, #5625 ) ;
#2246 = DIRECTION ( 'NONE',  ( -0.0000000000000000000, -1.000000000000000000, -0.0000000000000000000 ) ) ;
#2247 = EDGE_LOOP ( 'NONE', ( #4037, #2069, #7195, #1645 ) ) ;
#2248 = LINE ( 'NONE', #6386, #6577 ) ;
#2249 = ORIENTED_EDGE ( 'NONE', *, *, #266, .T. ) ;
#2250 = ORIENTED_EDGE ( 'NONE', *, *, #6125, .T. ) ;
#2251 = DIRECTION ( 'NONE',  ( -0.0000000000000000000, -1.000000000000000000, -0.0000000000000000000 ) ) ;
#2252 = ADVANCED_FACE ( 'NONE', ( #3195 ), #8940, .F. ) ;
#2253 = CARTESIAN_POINT ( 'NONE',  ( -4.501090542365821200, 2.433603000734843000, 2.899607182722382600 ) ) ;
#2254 = DIRECTION ( 'NONE',  ( -1.000000000000000000, -2.628368902995162800E-015, -2.673649675311314200E-016 ) ) ;
#2255 = ORIENTED_EDGE ( 'NONE', *, *, #5636, .T. ) ;
#2256 = ORIENTED_EDGE ( 'NONE', *, *, #2374, .T. ) ;
#2257 = ORIENTED_EDGE ( 'NONE', *, *, #5387, .T. ) ;
#2258 = LINE ( 'NONE', #6789, #4530 ) ;
#2259 = CARTESIAN_POINT ( 'NONE',  ( -13.67140971646411700, -2.406906743079763700, 3.066959884049314000 ) ) ;
#2260 = EDGE_CURVE ( 'NONE', #2349, #6035, #8702, .T. ) ;
#2261 = ORIENTED_EDGE ( 'NONE', *, *, #3355, .F. ) ;
#2262 = DIRECTION ( 'NONE',  ( -0.0000000000000000000, 0.0000000000000000000, -1.000000000000000000 ) ) ;
#2263 = EDGE_CURVE ( 'NONE', #4643, #4993, #5471, .T. ) ;
#2264 = VERTEX_POINT ( 'NONE', #8964 ) ;
#2265 = VECTOR ( 'NONE', #2137, 1000.000000000000000 ) ;
#2266 = PERSON ( 'UNSPECIFIED', 'UNSPECIFIED', 'UNSPECIFIED', ('UNSPECIFIED'), ('UNSPECIFIED'), ('UNSPECIFIED') ) ;
#2267 = ORIENTED_EDGE ( 'NONE', *, *, #7364, .T. ) ;
#2268 = EDGE_CURVE ( 'NONE', #2796, #1780, #1769, .T. ) ;
#2269 = DIRECTION ( 'NONE',  ( 1.000000000000000000, 0.0000000000000000000, -0.0000000000000000000 ) ) ;
#2270 = ORIENTED_EDGE ( 'NONE', *, *, #881, .T. ) ;
#2271 = DATE_TIME_ROLE ( 'creation_date' ) ;
#2272 = LINE ( 'NONE', #4196, #8340 ) ;
#2273 = DIRECTION ( 'NONE',  ( 0.0000000000000000000, -0.1119675341219745900, -0.9937118653325239800 ) ) ;
#2274 = ORIENTED_EDGE ( 'NONE', *, *, #4828, .F. ) ;
#2275 = CARTESIAN_POINT ( 'NONE',  ( -5.808037441567711800, 1.278427065181084500, 1.128783472499851600 ) ) ;
#2276 = VECTOR ( 'NONE', #7304, 1000.000000000000000 ) ;
#2277 = ORIENTED_EDGE ( 'NONE', *, *, #873, .T. ) ;
#2278 = EDGE_CURVE ( 'NONE', #7445, #8406, #2294, .T. ) ;
#2279 = CARTESIAN_POINT ( 'NONE',  ( 4.492319958932258200, -2.406906743079788600, 3.066959884049311300 ) ) ;
#2280 = EDGE_LOOP ( 'NONE', ( #7495, #8572, #4262, #5065 ) ) ;
#2281 = LINE ( 'NONE', #7552, #533 ) ;
#2282 = CARTESIAN_POINT ( 'NONE',  ( 6.589999999999999000, 0.1500911744255224400, -3.830697027045894200 ) ) ;
#2283 = LINE ( 'NONE', #4746, #3924 ) ;
#2284 = DIRECTION ( 'NONE',  ( -1.000000000000000000, 0.0000000000000000000, 0.0000000000000000000 ) ) ;
#2285 = ORIENTED_EDGE ( 'NONE', *, *, #7616, .T. ) ;
#2286 = DIRECTION ( 'NONE',  ( 1.000000000000000000, 3.401418580346681300E-016, -0.0000000000000000000 ) ) ;
#2287 = FACE_OUTER_BOUND ( 'NONE', #8625, .T. ) ;
#2288 = VERTEX_POINT ( 'NONE', #7375 ) ;
#2289 = VECTOR ( 'NONE', #2251, 1000.000000000000000 ) ;
#2290 = EDGE_LOOP ( 'NONE', ( #8310, #4400, #8238, #1932 ) ) ;
#2291 = EDGE_CURVE ( 'NONE', #2401, #3364, #8262, .T. ) ;
#2292 = PLANE ( 'NONE',  #4207 ) ;
#2293 = ADVANCED_FACE ( 'NONE', ( #1344 ), #8484, .F. ) ;
#2294 = B_SPLINE_CURVE_WITH_KNOTS ( 'NONE', 3,
 ( #658, #2721, #7575, #4123, #1378, #2756, #7605, #1567, #3253, #2448 ),
 .UNSPECIFIED., .F., .F.,
 ( 4, 2, 2, 2, 4 ),
 ( 0.0000000000000000000, 0.2500000000000000600, 0.5000000000000001100, 0.7500000000000002200, 1.000000000000000000 ),
 .UNSPECIFIED. ) ;
#2295 = EDGE_CURVE ( 'NONE', #2999, #6065, #5881, .T. ) ;
#2296 = DIRECTION ( 'NONE',  ( 1.000000000000000000, -2.628368902995162400E-015, -2.673649675311314200E-016 ) ) ;
#2297 = DIRECTION ( 'NONE',  ( -1.000000000000000000, 0.0000000000000000000, 0.0000000000000000000 ) ) ;
#2298 = FACE_OUTER_BOUND ( 'NONE', #7987, .T. ) ;
#2299 = LINE ( 'NONE', #2427, #4356 ) ;
#2300 = EDGE_LOOP ( 'NONE', ( #2482, #6908, #1629, #5340 ) ) ;
#2301 = CIRCLE ( 'NONE', #3238, 0.1799999999999999400 ) ;
#2302 = VERTEX_POINT ( 'NONE', #6492 ) ;
#2303 =( BOUNDED_CURVE ( )  B_SPLINE_CURVE ( 3, ( #7083, #2943, #985, #168 ),
 .UNSPECIFIED., .F., .F. ) 
 B_SPLINE_CURVE_WITH_KNOTS ( ( 4, 4 ),
 ( 1.279161390903560000, 1.570796326794900300 ),
 .UNSPECIFIED. ) 
 CURVE ( )  GEOMETRIC_REPRESENTATION_ITEM ( )  RATIONAL_B_SPLINE_CURVE ( ( 1.000000000000000000, 0.9929249715568843100, 0.9929249715568843100, 1.000000000000000000 ) ) 
 REPRESENTATION_ITEM ( '' )  );
#2304 = VERTEX_POINT ( 'NONE', #7275 ) ;
#2305 = CARTESIAN_POINT ( 'NONE',  ( -6.890049822376239400, 1.646655743279445300, -10.32486206401250200 ) ) ;
#2306 = ADVANCED_FACE ( 'NONE', ( #563 ), #326, .F. ) ;
#2307 = VECTOR ( 'NONE', #1434, 1000.000000000000000 ) ;
#2308 = DIRECTION ( 'NONE',  ( -0.0000000000000000000, -1.000000000000000000, -0.0000000000000000000 ) ) ;
#2309 = EDGE_CURVE ( 'NONE', #3035, #4753, #6211, .T. ) ;
#2310 = LINE ( 'NONE', #1401, #7921 ) ;
#2311 = DIRECTION ( 'NONE',  ( -3.285461128743965400E-016, 1.000000000000000000, -2.062312011738056000E-017 ) ) ;
#2312 = VECTOR ( 'NONE', #1522, 1000.000000000000000 ) ;
#2313 = ORIENTED_EDGE ( 'NONE', *, *, #3974, .T. ) ;
#2314 = AXIS2_PLACEMENT_3D ( 'NONE', #265, #3770, #5164 ) ;
#2315 = DIRECTION ( 'NONE',  ( -1.000000000000000000, -0.0000000000000000000, -0.0000000000000000000 ) ) ;
#2316 = CARTESIAN_POINT ( 'NONE',  ( 2.367680041067742100, 2.076906743079793400, 3.066959884049310400 ) ) ;
#2317 = VECTOR ( 'NONE', #529, 1000.000000000000000 ) ;
#2318 = EDGE_CURVE ( 'NONE', #5958, #7499, #5563, .T. ) ;
#2319 = CARTESIAN_POINT ( 'NONE',  ( 3.724742925103062600, -1.149999999999999700, -9.124999999999998200 ) ) ;
#2320 = CIRCLE ( 'NONE', #5576, 0.1999999999999992300 ) ;
#2321 = CARTESIAN_POINT ( 'NONE',  ( -5.089999999999999000, 2.549999999999999800, -6.775000000000000400 ) ) ;
#2322 = VECTOR ( 'NONE', #8279, 1000.000000000000000 ) ;
#2323 = ORIENTED_EDGE ( 'NONE', *, *, #1405, .F. ) ;
#2324 = LINE ( 'NONE', #7859, #702 ) ;
#2325 = EDGE_CURVE ( 'NONE', #2153, #3243, #1563, .T. ) ;
#2326 = LINE ( 'NONE', #2932, #8955 ) ;
#2327 = CARTESIAN_POINT ( 'NONE',  ( 0.0000000000000000000, 2.779999999999999800, -4.926190669741541400 ) ) ;
#2328 = ORIENTED_EDGE ( 'NONE', *, *, #1155, .T. ) ;
#2329 = FACE_OUTER_BOUND ( 'NONE', #8413, .T. ) ;
#2330 = EDGE_LOOP ( 'NONE', ( #3024, #5795, #5946, #271 ) ) ;
#2331 = CARTESIAN_POINT ( 'NONE',  ( -7.655422218768308100, 0.7108720087190076900, -7.714614077381199300 ) ) ;
#2332 = CARTESIAN_POINT ( 'NONE',  ( 4.457217248323717100, -2.218232652604868300, 3.736759503280683500 ) ) ;
#2333 = PLANE ( 'NONE',  #4307 ) ;
#2334 = ADVANCED_FACE ( 'NONE', ( #6420, #4056 ), #1687, .F. ) ;
#2335 = ORIENTED_EDGE ( 'NONE', *, *, #4160, .T. ) ;
#2336 = LINE ( 'NONE', #7225, #4737 ) ;
#2337 = EDGE_CURVE ( 'NONE', #3883, #1286, #2739, .T. ) ;
#2338 = AXIS2_PLACEMENT_3D ( 'NONE', #2740, #613, #3349 ) ;
#2339 = AXIS2_PLACEMENT_3D ( 'NONE', #6686, #8934, #6173 ) ;
#2340 = ORIENTED_EDGE ( 'NONE', *, *, #7243, .F. ) ;
#2341 = DIRECTION ( 'NONE',  ( -0.0000000000000000000, 1.000000000000000000, -0.0000000000000000000 ) ) ;
#2342 = ADVANCED_FACE ( 'NONE', ( #8033 ), #4419, .T. ) ;
#2343 = VERTEX_POINT ( 'NONE', #7818 ) ;
#2344 = VERTEX_POINT ( 'NONE', #4456 ) ;
#2345 = B_SPLINE_CURVE_WITH_KNOTS ( 'NONE', 3,
 ( #3191, #2498, #7256, #4532, #4502, #5240, #1071, #5924, #1787, #4603 ),
 .UNSPECIFIED., .F., .F.,
 ( 4, 2, 2, 2, 4 ),
 ( 0.0000000000000000000, 0.2500000000000000000, 0.5000000000000000000, 0.7500000000000000000, 1.000000000000000000 ),
 .UNSPECIFIED. ) ;
#2346 = CARTESIAN_POINT ( 'NONE',  ( 7.033248313036693000, -5.263181610785594000, 1.003511519317807000 ) ) ;
#2347 = CARTESIAN_POINT ( 'NONE',  ( 4.457217248323717100, -2.218232652604868300, 3.736759503280683500 ) ) ;
#2348 = ORIENTED_EDGE ( 'NONE', *, *, #4876, .T. ) ;
#2349 = VERTEX_POINT ( 'NONE', #5816 ) ;
#2350 = VERTEX_POINT ( 'NONE', #207 ) ;
#2351 = AXIS2_PLACEMENT_3D ( 'NONE', #6488, #3108, #7357 ) ;
#2352 = EDGE_CURVE ( 'NONE', #5203, #7696, #2299, .T. ) ;
#2353 = VERTEX_POINT ( 'NONE', #1710 ) ;
#2354 = CARTESIAN_POINT ( 'NONE',  ( 4.519156786797970500, 2.686402863664274100, 2.554882703278618500 ) ) ;
#2355 = CARTESIAN_POINT ( 'NONE',  ( -7.729042042437244600, 0.7432609556024334400, -8.002065980971602600 ) ) ;
#2356 = CARTESIAN_POINT ( 'NONE',  ( -3.164787358299299600, -1.150000000000052300, -4.275000000000001200 ) ) ;
#2357 = CARTESIAN_POINT ( 'NONE',  ( -6.956877475932399700, 0.9476532811320915700, -9.816047870047313500 ) ) ;
#2358 = ORIENTED_EDGE ( 'NONE', *, *, #8496, .T. ) ;
#2359 = EDGE_LOOP ( 'NONE', ( #5139, #2927, #2464, #892, #3057, #7668, #3462, #5597 ) ) ;
#2360 = LOCAL_TIME ( 5, 31, 5.000000000000000000, #8333 ) ;
#2361 = CARTESIAN_POINT ( 'NONE',  ( 5.089999999999998100, -2.549999999999999800, -6.775000000000002100 ) ) ;
#2362 = CARTESIAN_POINT ( 'NONE',  ( 6.589999999999999000, 1.476446968620943200, 4.174999999999999800 ) ) ;
#2363 = VERTEX_POINT ( 'NONE', #6551 ) ;
#2364 = ORIENTED_EDGE ( 'NONE', *, *, #5556, .T. ) ;
#2365 = DIRECTION ( 'NONE',  ( 0.0000000000000000000, -1.000000000000000000, 0.0000000000000000000 ) ) ;
#2366 = CARTESIAN_POINT ( 'NONE',  ( 6.811409716464076800, -2.406906743079781500, 3.305061906340968300 ) ) ;
#2367 = ORIENTED_EDGE ( 'NONE', *, *, #6288, .F. ) ;
#2368 = EDGE_CURVE ( 'NONE', #4892, #5740, #5983, .T. ) ;
#2369 = EDGE_LOOP ( 'NONE', ( #87, #6836, #5677, #2537 ) ) ;
#2370 = ORIENTED_EDGE ( 'NONE', *, *, #2707, .F. ) ;
#2371 = CARTESIAN_POINT ( 'NONE',  ( -5.817587741826835100, 1.280592021534152600, 1.190779710972765400 ) ) ;
#2372 = EDGE_LOOP ( 'NONE', ( #5504, #938, #8379, #5650 ) ) ;
#2373 = CARTESIAN_POINT ( 'NONE',  ( -4.442883832775988800, -2.814368043255621300, 4.010257364548855300 ) ) ;
#2374 = EDGE_CURVE ( 'NONE', #5109, #3992, #1447, .T. ) ;
#2375 = DIRECTION ( 'NONE',  ( -0.0000000000000000000, 0.0000000000000000000, 1.000000000000000000 ) ) ;
#2376 = ORIENTED_EDGE ( 'NONE', *, *, #3781, .F. ) ;
#2377 = LINE ( 'NONE', #6130, #1642 ) ;
#2378 = ORIENTED_EDGE ( 'NONE', *, *, #6039, .F. ) ;
#2379 = VECTOR ( 'NONE', #7028, 1000.000000000000100 ) ;
#2380 = ORIENTED_EDGE ( 'NONE', *, *, #7616, .F. ) ;
#2381 = CARTESIAN_POINT ( 'NONE',  ( -6.589999999999999000, -0.6200000000000001100, -3.249120853379041000E-031 ) ) ;
#2382 = FACE_OUTER_BOUND ( 'NONE', #2074, .T. ) ;
#2383 = CARTESIAN_POINT ( 'NONE',  ( 6.159999999999998400, -2.449999999999999700, -5.775000000000000400 ) ) ;
#2384 = CARTESIAN_POINT ( 'NONE',  ( -6.371725516837170000, 2.404999999999999800, -6.775000000000000400 ) ) ;
#2385 = ORIENTED_EDGE ( 'NONE', *, *, #6559, .T. ) ;
#2386 = ORIENTED_EDGE ( 'NONE', *, *, #2554, .F. ) ;
#2387 = FACE_OUTER_BOUND ( 'NONE', #6980, .T. ) ;
#2388 = ORIENTED_EDGE ( 'NONE', *, *, #4, .F. ) ;
#2389 = DIRECTION ( 'NONE',  ( -3.285461128743965400E-016, 1.000000000000000000, -2.062312011738056000E-017 ) ) ;
#2390 = EDGE_CURVE ( 'NONE', #2211, #4516, #1658, .T. ) ;
#2391 = AXIS2_PLACEMENT_3D ( 'NONE', #1493, #4234, #2978 ) ;
#2392 = VECTOR ( 'NONE', #5460, 1000.000000000000000 ) ;
#2393 = ORIENTED_EDGE ( 'NONE', *, *, #8482, .F. ) ;
#2394 = CARTESIAN_POINT ( 'NONE',  ( 1.835212641700700000, -1.150000000000017200, -4.275000000000001200 ) ) ;
#2395 = VECTOR ( 'NONE', #6275, 1000.000000000000000 ) ;
#2396 = VERTEX_POINT ( 'NONE', #7153 ) ;
#2397 = PLANE ( 'NONE',  #5271 ) ;
#2398 = VECTOR ( 'NONE', #6113, 1000.000000000000100 ) ;
#2399 = CARTESIAN_POINT ( 'NONE',  ( 6.133248313036694400, -0.5140524721802307600, 1.003511519317804600 ) ) ;
#2400 = ORIENTED_EDGE ( 'NONE', *, *, #4947, .T. ) ;
#2401 = VERTEX_POINT ( 'NONE', #8548 ) ;
#2402 = CARTESIAN_POINT ( 'NONE',  ( 2.392555322793334500, 2.484345597614083400, 3.541608534801085300 ) ) ;
#2403 = DIRECTION ( 'NONE',  ( -1.000000000000000000, 0.0000000000000000000, 0.0000000000000000000 ) ) ;
#2404 = LINE ( 'NONE', #6128, #6969 ) ;
#2405 = LINE ( 'NONE', #5783, #8711 ) ;
#2406 = EDGE_CURVE ( 'NONE', #6774, #65, #6960, .T. ) ;
#2407 = AXIS2_PLACEMENT_3D ( 'NONE', #3028, #8554, #5743 ) ;
#2408 = EDGE_CURVE ( 'NONE', #4327, #6455, #8927, .T. ) ;
#2409 = LINE ( 'NONE', #5169, #8264 ) ;
#2410 = CARTESIAN_POINT ( 'NONE',  ( -3.775257074896937000, -0.8999999999999998000, -9.324999999999995700 ) ) ;
#2411 = EDGE_LOOP ( 'NONE', ( #7105, #396, #6954, #8076 ) ) ;
#2412 = PLANE ( 'NONE',  #3374 ) ;
#2413 = AXIS2_PLACEMENT_3D ( 'NONE', #6177, #8261, #4118 ) ;
#2414 = ORIENTED_EDGE ( 'NONE', *, *, #3101, .T. ) ;
#2415 = LINE ( 'NONE', #8412, #1568 ) ;
#2416 = DIRECTION ( 'NONE',  ( 0.0000000000000000000, 0.0000000000000000000, 1.000000000000000000 ) ) ;
#2417 = FACE_BOUND ( 'NONE', #7465, .T. ) ;
#2418 = ORIENTED_EDGE ( 'NONE', *, *, #4273, .F. ) ;
#2419 = CARTESIAN_POINT ( 'NONE',  ( 1.829665902959943100, -2.549999999999999800, -7.198961425115870200 ) ) ;
#2420 = CARTESIAN_POINT ( 'NONE',  ( 6.263847163821742100, -5.263181610785594000, 4.087694446229456900 ) ) ;
#2421 = CARTESIAN_POINT ( 'NONE',  ( -6.540000000000000000, 0.1500911744255225000, -3.830697027045894200 ) ) ;
#2422 = LINE ( 'NONE', #7969, #7735 ) ;
#2423 = DIRECTION ( 'NONE',  ( 0.0000000000000000000, 0.0000000000000000000, -1.000000000000000000 ) ) ;
#2424 = ADVANCED_FACE ( 'NONE', ( #3183 ), #3204, .T. ) ;
#2425 = VECTOR ( 'NONE', #8513, 1000.000000000000000 ) ;
#2426 = AXIS2_PLACEMENT_3D ( 'NONE', #7449, #3919, #2542 ) ;
#2427 = CARTESIAN_POINT ( 'NONE',  ( 3.524742925103062900, -1.149999999999999900, -4.275000000000001200 ) ) ;
#2428 = EDGE_CURVE ( 'NONE', #7877, #2865, #4150, .T. ) ;
#2429 = VECTOR ( 'NONE', #377, 1000.000000000000000 ) ;
#2430 = CARTESIAN_POINT ( 'NONE',  ( -4.185257074896937500, -1.150000000000052500, -4.275000000000001200 ) ) ;
#2431 = CARTESIAN_POINT ( 'NONE',  ( 6.539999999999999100, 0.1500911744255224700, -3.371594611156200700 ) ) ;
#2432 = ORIENTED_EDGE ( 'NONE', *, *, #3063, .T. ) ;
#2433 = DIRECTION ( 'NONE',  ( 0.3378260905024652600, 0.1053848003180299200, -0.9352901028225141200 ) ) ;
#2434 = LINE ( 'NONE', #275, #6013 ) ;
#2435 = EDGE_CURVE ( 'NONE', #8736, #1306, #2207, .T. ) ;
#2436 = ADVANCED_FACE ( 'NONE', ( #3290 ), #7360, .T. ) ;
#2437 = DIRECTION ( 'NONE',  ( -0.0000000000000000000, 1.000000000000000000, -0.0000000000000000000 ) ) ;
#2438 = VECTOR ( 'NONE', #8503, 1000.000000000000000 ) ;
#2439 = CARTESIAN_POINT ( 'NONE',  ( -5.360059963454983000, 0.0000000000000000000, -4.275000000000001200 ) ) ;
#2440 = EDGE_LOOP ( 'NONE', ( #8473, #477, #1959, #1697 ) ) ;
#2441 = DIRECTION ( 'NONE',  ( 3.285461128743965800E-016, 1.000000000000000000, -2.062312011738056300E-017 ) ) ;
#2442 = CIRCLE ( 'NONE', #2711, 0.1800000000000003500 ) ;
#2443 = ORIENTED_EDGE ( 'NONE', *, *, #6574, .T. ) ;
#2444 = EDGE_CURVE ( 'NONE', #1955, #6301, #419, .T. ) ;
#2445 = DIRECTION ( 'NONE',  ( -1.000000000000000000, 3.011672701348624000E-016, 0.0000000000000000000 ) ) ;
#2446 = VERTEX_POINT ( 'NONE', #7334 ) ;
#2447 = EDGE_CURVE ( 'NONE', #8350, #1942, #7816, .T. ) ;
#2448 = CARTESIAN_POINT ( 'NONE',  ( -6.752806337296631200, 2.071655356285610200, -9.733433712965208400 ) ) ;
#2449 = ORIENTED_EDGE ( 'NONE', *, *, #6801, .F. ) ;
#2450 = CARTESIAN_POINT ( 'NONE',  ( -6.260000000000000700, 2.549999999999999800, -6.775000000000000400 ) ) ;
#2451 = CARTESIAN_POINT ( 'NONE',  ( -6.732399223433014300, 2.072586220027381900, -9.725172297256984100 ) ) ;
#2452 = PLANE ( 'NONE',  #2825 ) ;
#2453 = CARTESIAN_POINT ( 'NONE',  ( 0.8147429251030625700, 1.049999999999982700, -5.775000000000000400 ) ) ;
#2454 = ORIENTED_EDGE ( 'NONE', *, *, #4773, .T. ) ;
#2455 = LINE ( 'NONE', #4096, #4988 ) ;
#2456 = EDGE_LOOP ( 'NONE', ( #6034, #6387, #6368, #6728 ) ) ;
#2457 = ORIENTED_EDGE ( 'NONE', *, *, #4298, .T. ) ;
#2458 = DIRECTION ( 'NONE',  ( -0.05233595624294350200, 0.0000000000000000000, 0.9986295347545739400 ) ) ;
#2459 = CARTESIAN_POINT ( 'NONE',  ( 6.259999999999999800, -0.7182234843104715600, 4.274984218714779500 ) ) ;
#2460 = EDGE_CURVE ( 'NONE', #5268, #4327, #338, .T. ) ;
#2461 = CARTESIAN_POINT ( 'NONE',  ( -6.590000000000000700, 2.879999999999999900, -6.775000000000000400 ) ) ;
#2462 = EDGE_CURVE ( 'NONE', #7393, #4138, #8746, .T. ) ;
#2463 = DIRECTION ( 'NONE',  ( 1.000000000000000000, 0.0000000000000000000, -0.0000000000000000000 ) ) ;
#2464 = ORIENTED_EDGE ( 'NONE', *, *, #6565, .F. ) ;
#2465 = ORIENTED_EDGE ( 'NONE', *, *, #1036, .F. ) ;
#2466 = ORIENTED_EDGE ( 'NONE', *, *, #6779, .T. ) ;
#2467 = CARTESIAN_POINT ( 'NONE',  ( 6.579669753587983100, 1.650316035561853600, -10.21277186277580600 ) ) ;
#2468 = CARTESIAN_POINT ( 'NONE',  ( 6.143516044474751900, -0.4647079802964031400, -0.4095298483842151300 ) ) ;
#2469 = LINE ( 'NONE', #4725, #6821 ) ;
#2470 = DIRECTION ( 'NONE',  ( -1.000000000000000000, -3.011672701348624000E-016, 0.0000000000000000000 ) ) ;
#2471 = CARTESIAN_POINT ( 'NONE',  ( -4.528222536950278400, -2.813259355862363500, 2.381897885445645600 ) ) ;
#2472 = CALENDAR_DATE ( 2023, 11, 7 ) ;
#2473 = CARTESIAN_POINT ( 'NONE',  ( -6.136752553425243000, 1.277253393888173400, 1.095173924085157500 ) ) ;
#2474 = EDGE_CURVE ( 'NONE', #4093, #6900, #436, .T. ) ;
#2475 = ORIENTED_EDGE ( 'NONE', *, *, #2615, .T. ) ;
#2476 = CARTESIAN_POINT ( 'NONE',  ( 6.089999999999998100, 1.480000000000000200, 4.174999999999999800 ) ) ;
#2477 = ADVANCED_FACE ( 'NONE', ( #6868 ), #6031, .F. ) ;
#2478 = ORIENTED_EDGE ( 'NONE', *, *, #4810, .T. ) ;
#2480 = DIRECTION ( 'NONE',  ( 2.628368902995162400E-015, 1.000000000000000000, 1.821407751266292700E-015 ) ) ;
#2479 = DIRECTION ( 'NONE',  ( -1.000000000000000000, -5.152850728067610400E-031, -3.316747347134612400E-015 ) ) ;
#2481 = EDGE_CURVE ( 'NONE', #4634, #1573, #4192, .T. ) ;
#2482 = ORIENTED_EDGE ( 'NONE', *, *, #2791, .T. ) ;
#2483 = CARTESIAN_POINT ( 'NONE',  ( -2.418971131836033600, -2.814368043255626200, 4.045652197861752300 ) ) ;
#2484 = ORIENTED_EDGE ( 'NONE', *, *, #3454, .F. ) ;
#2485 = VECTOR ( 'NONE', #4913, 1000.000000000000000 ) ;
#2486 = CARTESIAN_POINT ( 'NONE',  ( -2.396164754065100300, 2.125627413300268400, 3.610480586262613500 ) ) ;
#2487 = CARTESIAN_POINT ( 'NONE',  ( 5.817587741826835100, 1.280592021534149100, 1.190779710972765600 ) ) ;
#2488 = ORIENTED_EDGE ( 'NONE', *, *, #3135, .T. ) ;
#2489 = LINE ( 'NONE', #2507, #650 ) ;
#2490 = ORIENTED_EDGE ( 'NONE', *, *, #7974, .T. ) ;
#2491 = DIRECTION ( 'NONE',  ( -0.0000000000000000000, -0.0000000000000000000, -1.000000000000000000 ) ) ;
#2492 = AXIS2_PLACEMENT_3D ( 'NONE', #1093, #3139, #5284 ) ;
#2493 = EDGE_CURVE ( 'NONE', #4643, #3512, #5764, .T. ) ;
#2494 = ORIENTED_EDGE ( 'NONE', *, *, #1220, .F. ) ;
#2495 = VECTOR ( 'NONE', #1810, 1000.000000000000000 ) ;
#2496 = DIRECTION ( 'NONE',  ( 0.3378260905024652600, 0.1053848003180297300, 0.9352901028225141200 ) ) ;
#2497 = CARTESIAN_POINT ( 'NONE',  ( 2.359473227935764000, 2.076906743079793800, 2.910364560907398700 ) ) ;
#2498 = CARTESIAN_POINT ( 'NONE',  ( 7.011002799246902000, 0.9672531941876042500, -9.989997098414988800 ) ) ;
#2499 = CYLINDRICAL_SURFACE ( 'NONE', #1718, 0.1999999999999996500 ) ;
#2500 = DIRECTION ( 'NONE',  ( 0.0000000000000000000, 0.0000000000000000000, 1.000000000000000000 ) ) ;
#2501 = ORIENTED_EDGE ( 'NONE', *, *, #140, .F. ) ;
#2502 = VECTOR ( 'NONE', #2964, 1000.000000000000000 ) ;
#2503 = ORIENTED_EDGE ( 'NONE', *, *, #8928, .T. ) ;
#2504 = ORIENTED_EDGE ( 'NONE', *, *, #705, .F. ) ;
#2505 = CARTESIAN_POINT ( 'NONE',  ( 6.143516044474751900, -0.4647079802964031400, -0.4095298483842151300 ) ) ;
#2506 = LINE ( 'NONE', #6381, #7918 ) ;
#2507 = CARTESIAN_POINT ( 'NONE',  ( -6.260000000000000700, -2.549999999999999800, -0.7050000000000007400 ) ) ;
#2508 = CARTESIAN_POINT ( 'NONE',  ( 4.500526772064236300, -2.076906743079788500, 2.910364560907400000 ) ) ;
#2509 = CARTESIAN_POINT ( 'NONE',  ( -7.214600510584429700, 2.293355394562614600, -7.765845873256791000 ) ) ;
#2510 = VECTOR ( 'NONE', #6464, 1000.000000000000200 ) ;
#2511 = ORIENTED_EDGE ( 'NONE', *, *, #842, .T. ) ;
#2512 = LINE ( 'NONE', #3095, #7513 ) ;
#2513 = ORIENTED_EDGE ( 'NONE', *, *, #4374, .T. ) ;
#2514 = EDGE_CURVE ( 'NONE', #5555, #8271, #7511, .T. ) ;
#2515 = CARTESIAN_POINT ( 'NONE',  ( -6.589999999999999000, 1.428971137077192900, -0.04990077168823354300 ) ) ;
#2516 = ORIENTED_EDGE ( 'NONE', *, *, #8307, .T. ) ;
#2517 = LINE ( 'NONE', #8386, #5243 ) ;
#2518 = PLANE ( 'NONE',  #151 ) ;
#2519 = CARTESIAN_POINT ( 'NONE',  ( 5.809414597324541200, -0.5035730890307066300, 0.7034212491993543400 ) ) ;
#2520 = CARTESIAN_POINT ( 'NONE',  ( -1.999186377991320200, -1.879999999999999700, -0.7050000000000005200 ) ) ;
#2521 = VECTOR ( 'NONE', #1348, 1000.000000000000000 ) ;
#2522 = ORIENTED_EDGE ( 'NONE', *, *, #2885, .F. ) ;
#2523 = CARTESIAN_POINT ( 'NONE',  ( 6.540000000000000000, 0.6099088255744773400, -3.371594611156200700 ) ) ;
#2524 = ADVANCED_FACE ( 'NONE', ( #4581 ), #8182, .F. ) ;
#2525 = LINE ( 'NONE', #5376, #6975 ) ;
#2526 = DIRECTION ( 'NONE',  ( -0.0000000000000000000, 0.0000000000000000000, 1.000000000000000000 ) ) ;
#2527 = AXIS2_PLACEMENT_3D ( 'NONE', #6186, #8274, #1410 ) ;
#2528 = EDGE_CURVE ( 'NONE', #7669, #8148, #5670, .T. ) ;
#2529 = FACE_OUTER_BOUND ( 'NONE', #2708, .T. ) ;
#2530 = DIRECTION ( 'NONE',  ( 1.000000000000000000, -2.628368902995162400E-015, -2.673649675311314200E-016 ) ) ;
#2532 = DIRECTION ( 'NONE',  ( 0.7479257170867564800, 0.07432208249995146700, -0.6596084821870709100 ) ) ;
#2531 = DIRECTION ( 'NONE',  ( 0.05233595624294350200, -1.681353375347964600E-015, 0.9986295347545739400 ) ) ;
#2533 = AXIS2_PLACEMENT_3D ( 'NONE', #2929, #5649, #854 ) ;
#2534 = DIRECTION ( 'NONE',  ( 0.04222409276774595500, 0.5908391699278813200, 0.8056836856166772500 ) ) ;
#2535 = CARTESIAN_POINT ( 'NONE',  ( -0.1000000000000000100, 2.779999999999999800, -4.201714464797489300 ) ) ;
#2536 = FACE_OUTER_BOUND ( 'NONE', #2762, .T. ) ;
#2537 = ORIENTED_EDGE ( 'NONE', *, *, #7582, .T. ) ;
#2538 = FACE_OUTER_BOUND ( 'NONE', #3791, .T. ) ;
#2539 = DIRECTION ( 'NONE',  ( -1.000000000000000000, -2.628368902995162800E-015, -2.673649675311314200E-016 ) ) ;
#2541 = CARTESIAN_POINT ( 'NONE',  ( 6.811409716464075900, 2.076906743079782300, 3.066959884049312200 ) ) ;
#2540 = CARTESIAN_POINT ( 'NONE',  ( 6.589999999999999900, 2.879999999999999900, -6.775000000000000400 ) ) ;
#2542 = DIRECTION ( 'NONE',  ( 1.000000000000000000, 0.0000000000000000000, -0.0000000000000000000 ) ) ;
#2543 = DIRECTION ( 'NONE',  ( 0.0000000000000000000, 0.0000000000000000000, 1.000000000000000000 ) ) ;
#2544 = CYLINDRICAL_SURFACE ( 'NONE', #8805, 0.7300000000000002000 ) ;
#2545 = EDGE_LOOP ( 'NONE', ( #2386, #5718, #4386, #2733 ) ) ;
#2546 =( BOUNDED_CURVE ( )  B_SPLINE_CURVE ( 3, ( #3848, #5236, #3149, #8686 ),
 .UNSPECIFIED., .F., .F. ) 
 B_SPLINE_CURVE_WITH_KNOTS ( ( 4, 4 ),
 ( 1.570796326794946700, 2.203548767338559900 ),
 .UNSPECIFIED. ) 
 CURVE ( )  GEOMETRIC_REPRESENTATION_ITEM ( )  RATIONAL_B_SPLINE_CURVE ( ( 1.000000000000000000, 0.9669127352965449800, 0.9669127352965449800, 1.000000000000000000 ) ) 
 REPRESENTATION_ITEM ( '' )  );
#2547 = VECTOR ( 'NONE', #8578, 1000.000000000000000 ) ;
#2548 = ORIENTED_EDGE ( 'NONE', *, *, #7690, .F. ) ;
#2549 = CARTESIAN_POINT ( 'NONE',  ( -1.275257074896937400, -1.149999999999999700, -9.324999999999995700 ) ) ;
#2550 = EDGE_CURVE ( 'NONE', #7753, #6094, #19, .T. ) ;
#2551 = DIRECTION ( 'NONE',  ( -0.0000000000000000000, -0.0000000000000000000, -1.000000000000000000 ) ) ;
#2552 = CARTESIAN_POINT ( 'NONE',  ( -1.769999999999998900, 1.879999999999999700, 5.534999999999999300 ) ) ;
#2553 = VERTEX_POINT ( 'NONE', #6102 ) ;
#2554 = EDGE_CURVE ( 'NONE', #6643, #7429, #131, .T. ) ;
#2555 = DIRECTION ( 'NONE',  ( 1.000000000000000000, 2.628368902995162400E-015, -2.673649675311314200E-016 ) ) ;
#2556 = CYLINDRICAL_SURFACE ( 'NONE', #7348, 0.4000000000000001900 ) ;
#2557 = CARTESIAN_POINT ( 'NONE',  ( -4.508326273698511200, -2.125627413300262600, 2.761541204127667000 ) ) ;
#2558 = DIRECTION ( 'NONE',  ( -0.0000000000000000000, 1.000000000000000000, -0.0000000000000000000 ) ) ;
#2559 = CARTESIAN_POINT ( 'NONE',  ( 0.0000000000000000000, 2.879999999999999900, -6.775000000000000400 ) ) ;
#2560 = ORIENTED_EDGE ( 'NONE', *, *, #6339, .F. ) ;
#2561 = CARTESIAN_POINT ( 'NONE',  ( -7.432874993747258700, 2.321242718506276900, -7.518345873256791400 ) ) ;
#2562 = VERTEX_POINT ( 'NONE', #1357 ) ;
#2563 = VERTEX_POINT ( 'NONE', #7526 ) ;
#2564 = CARTESIAN_POINT ( 'NONE',  ( -4.446142582605442200, -2.649368043255620800, 4.045652197861753200 ) ) ;
#2565 = ORIENTED_EDGE ( 'NONE', *, *, #7438, .F. ) ;
#2566 = EDGE_CURVE ( 'NONE', #4656, #5075, #2097, .T. ) ;
#2567 = DIRECTION ( 'NONE',  ( -2.124908078801903100E-016, 1.000000000000000000, 0.0000000000000000000 ) ) ;
#2568 = ADVANCED_FACE ( 'NONE', ( #3504, #5033 ), #6863, .F. ) ;
#2569 = DIRECTION ( 'NONE',  ( -3.011672701348624000E-016, -1.000000000000000000, 0.0000000000000000000 ) ) ;
#2571 = DIRECTION ( 'NONE',  ( 1.000000000000000000, -3.011672701348624000E-016, 0.0000000000000000000 ) ) ;
#2570 = CARTESIAN_POINT ( 'NONE',  ( 1.424742925103062800, -1.149999999999999700, -9.124999999999998200 ) ) ;
#2572 = DIRECTION ( 'NONE',  ( 1.431289996680534200E-016, 0.0000000000000000000, 1.000000000000000000 ) ) ;
#2573 = ORIENTED_EDGE ( 'NONE', *, *, #6077, .T. ) ;
#2574 = ORIENTED_EDGE ( 'NONE', *, *, #2791, .F. ) ;
#2575 = ORIENTED_EDGE ( 'NONE', *, *, #2728, .F. ) ;
#2576 = CARTESIAN_POINT ( 'NONE',  ( 6.854841906614974600, 2.067001037576738900, -9.774740791506443900 ) ) ;
#2577 = VECTOR ( 'NONE', #5149, 1000.000000000000000 ) ;
#2578 = ORIENTED_EDGE ( 'NONE', *, *, #1911, .T. ) ;
#2579 =( BOUNDED_CURVE ( )  B_SPLINE_CURVE ( 3, ( #3604, #6349, #4282, #853 ),
 .UNSPECIFIED., .F., .F. ) 
 B_SPLINE_CURVE_WITH_KNOTS ( ( 4, 4 ),
 ( 4.712388980384739400, 5.345141420928353400 ),
 .UNSPECIFIED. ) 
 CURVE ( )  GEOMETRIC_REPRESENTATION_ITEM ( )  RATIONAL_B_SPLINE_CURVE ( ( 1.000000000000000000, 0.9669127352965448700, 0.9669127352965448700, 1.000000000000000000 ) ) 
 REPRESENTATION_ITEM ( '' )  );
#2580 = CARTESIAN_POINT ( 'NONE',  ( -1.863958837954551800, 2.549999999999999800, -6.544613245060358700 ) ) ;
#2581 = DIRECTION ( 'NONE',  ( 1.000000000000000000, 3.401418580346681300E-016, -0.0000000000000000000 ) ) ;
#2582 = CARTESIAN_POINT ( 'NONE',  ( 5.855184962834835400, -0.4982487474346445300, 0.5509520546897577200 ) ) ;
#2583 = ORIENTED_EDGE ( 'NONE', *, *, #8064, .F. ) ;
#2584 = EDGE_CURVE ( 'NONE', #6065, #953, #8253, .T. ) ;
#2585 = DIRECTION ( 'NONE',  ( -2.992734897828183500E-016, -0.9937118653325240900, -0.1119675341219746000 ) ) ;
#2586 = EDGE_CURVE ( 'NONE', #2185, #6220, #3066, .T. ) ;
#2587 = CARTESIAN_POINT ( 'NONE',  ( -6.133248313036692600, -5.263181610785591300, 1.003511519317804600 ) ) ;
#2588 = ORIENTED_EDGE ( 'NONE', *, *, #5699, .T. ) ;
#2589 = COORDINATED_UNIVERSAL_TIME_OFFSET ( 3, 30, .AHEAD. ) ;
#2590 = CARTESIAN_POINT ( 'NONE',  ( 2.340843213202029800, -2.686402863664274500, 2.554882703278625200 ) ) ;
#2591 = ORIENTED_EDGE ( 'NONE', *, *, #3000, .F. ) ;
#2592 = VERTEX_POINT ( 'NONE', #538 ) ;
#2593 = DIRECTION ( 'NONE',  ( -1.000000000000000000, 2.820320884892272400E-031, 3.316747347134612000E-015 ) ) ;
#2594 = DIRECTION ( 'NONE',  ( 0.0000000000000000000, 0.0000000000000000000, 1.000000000000000000 ) ) ;
#2595 = VERTEX_POINT ( 'NONE', #5449 ) ;
#2596 = LINE ( 'NONE', #6645, #5843 ) ;
#2597 = ORIENTED_EDGE ( 'NONE', *, *, #8694, .F. ) ;
#2598 = CARTESIAN_POINT ( 'NONE',  ( -7.058913045251231600, 2.057692400159014700, -9.857354948588744400 ) ) ;
#2599 = ORIENTED_EDGE ( 'NONE', *, *, #5908, .T. ) ;
#2600 = ORIENTED_EDGE ( 'NONE', *, *, #7724, .F. ) ;
#2601 = CARTESIAN_POINT ( 'NONE',  ( 1.999186377991321500, 2.879999999999999900, -0.5250000000000004700 ) ) ;
#2602 = CARTESIAN_POINT ( 'NONE',  ( 6.589999999999999900, 2.879999999999999900, 6.775000000000000400 ) ) ;
#2604 = PLANE ( 'NONE',  #6105 ) ;
#2603 = CARTESIAN_POINT ( 'NONE',  ( 6.136752553425243000, -0.5172533938881703800, 1.095173924085157500 ) ) ;
#2605 = ORIENTED_EDGE ( 'NONE', *, *, #1360, .T. ) ;
#2606 = FACE_OUTER_BOUND ( 'NONE', #8534, .T. ) ;
#2607 = EDGE_CURVE ( 'NONE', #5287, #7895, #5661, .T. ) ;
#2608 = CARTESIAN_POINT ( 'NONE',  ( 7.069116602183066300, 0.9527730317118720000, -9.861485656442864600 ) ) ;
#2609 = ORIENTED_EDGE ( 'NONE', *, *, #1012, .T. ) ;
#2610 =( BOUNDED_CURVE ( )  B_SPLINE_CURVE ( 3, ( #5810, #2331, #2355, #1620 ),
 .UNSPECIFIED., .F., .F. ) 
 B_SPLINE_CURVE_WITH_KNOTS ( ( 4, 4 ),
 ( 0.7227342478134064500, 1.917413166824711400 ),
 .UNSPECIFIED. ) 
 CURVE ( )  GEOMETRIC_REPRESENTATION_ITEM ( )  RATIONAL_B_SPLINE_CURVE ( ( 1.000000000000000000, 0.8845566308302421600, 0.8845566308302421600, 1.000000000000000000 ) ) 
 REPRESENTATION_ITEM ( '' )  );
#2611 = LINE ( 'NONE', #2706, #762 ) ;
#2612 = ORIENTED_EDGE ( 'NONE', *, *, #1332, .F. ) ;
#2613 = DIRECTION ( 'NONE',  ( 0.0000000000000000000, -1.000000000000000000, 0.0000000000000000000 ) ) ;
#2614 = DIRECTION ( 'NONE',  ( -0.1522505623211008200, 2.963863613920993900E-017, -0.9883419278128944300 ) ) ;
#2615 = EDGE_CURVE ( 'NONE', #8861, #8115, #7062, .T. ) ;
#2616 = LINE ( 'NONE', #6093, #7379 ) ;
#2617 = ORIENTED_EDGE ( 'NONE', *, *, #868, .F. ) ;
#2618 = ORIENTED_EDGE ( 'NONE', *, *, #656, .T. ) ;
#2619 = DIRECTION ( 'NONE',  ( 0.05233595624294380700, 0.0000000000000000000, 0.9986295347545739400 ) ) ;
#2620 = LINE ( 'NONE', #4583, #2090 ) ;
#2621 = VERTEX_POINT ( 'NONE', #8241 ) ;
#2622 = CARTESIAN_POINT ( 'NONE',  ( 6.362222222222222900, 0.3033637248085074300, -3.677662888415998300 ) ) ;
#2623 = CARTESIAN_POINT ( 'NONE',  ( 6.089999999999998100, 1.380000000000000100, 4.174999999999999800 ) ) ;
#2624 = DIRECTION ( 'NONE',  ( -0.7499999999999996700, 0.0000000000000000000, 0.6614378277661481200 ) ) ;
#2625 = ADVANCED_FACE ( 'NONE', ( #986 ), #5382, .T. ) ;
#2626 = LINE ( 'NONE', #1485, #7273 ) ;
#2627 = VERTEX_POINT ( 'NONE', #6773 ) ;
#2628 = EDGE_CURVE ( 'NONE', #1998, #6519, #3174, .T. ) ;
#2629 = ORIENTED_EDGE ( 'NONE', *, *, #2390, .F. ) ;
#2630 = CARTESIAN_POINT ( 'NONE',  ( -3.164787358299299600, -1.150000000000052300, -5.775000000000000400 ) ) ;
#2631 = ORIENTED_EDGE ( 'NONE', *, *, #4384, .T. ) ;
#2632 = ORIENTED_EDGE ( 'NONE', *, *, #1367, .T. ) ;
#2633 = CARTESIAN_POINT ( 'NONE',  ( 6.969868514310958200, 2.404999999999999800, -8.043345873256793500 ) ) ;
#2634 = EDGE_CURVE ( 'NONE', #4993, #4093, #8690, .T. ) ;
#2635 = AXIS2_PLACEMENT_3D ( 'NONE', #1262, #8056, #6103 ) ;
#2636 = VECTOR ( 'NONE', #983, 1000.000000000000000 ) ;
#2637 = DIRECTION ( 'NONE',  ( 0.0000000000000000000, 0.0000000000000000000, 1.000000000000000000 ) ) ;
#2638 = CARTESIAN_POINT ( 'NONE',  ( 4.492319958932258200, 2.076906743079788500, 3.066959884049311700 ) ) ;
#2639 = VECTOR ( 'NONE', #5840, 1000.000000000000200 ) ;
#2640 = ORIENTED_EDGE ( 'NONE', *, *, #547, .F. ) ;
#2641 = DIRECTION ( 'NONE',  ( -1.181048118175931000E-016, -1.000000000000000000, 0.0000000000000000000 ) ) ;
#2642 = DIRECTION ( 'NONE',  ( -1.000000000000000000, 0.0000000000000000000, 0.0000000000000000000 ) ) ;
#2643 = CARTESIAN_POINT ( 'NONE',  ( 6.089999999999998100, -1.821512425149894900E-015, -1.224994274580306000 ) ) ;
#2644 = ORIENTED_EDGE ( 'NONE', *, *, #5114, .T. ) ;
#2645 = VECTOR ( 'NONE', #8441, 1000.000000000000000 ) ;
#2646 = VECTOR ( 'NONE', #8630, 1000.000000000000100 ) ;
#2647 = EDGE_CURVE ( 'NONE', #1573, #1659, #1759, .T. ) ;
#2648 = AXIS2_PLACEMENT_3D ( 'NONE', #2564, #7446, #5338 ) ;
#2649 = CARTESIAN_POINT ( 'NONE',  ( -6.143740578005088400, -5.263181610785591300, 1.140537025406802100 ) ) ;
#2650 = ORIENTED_EDGE ( 'NONE', *, *, #1000, .T. ) ;
#2651 = VECTOR ( 'NONE', #8977, 1000.000000000000000 ) ;
#2652 = CARTESIAN_POINT ( 'NONE',  ( 4.479841560701152600, 2.406906743079787700, 3.305061906340967900 ) ) ;
#2653 = LINE ( 'NONE', #7356, #6656 ) ;
#2654 = DIRECTION ( 'NONE',  ( 0.0000000000000000000, 0.0000000000000000000, -1.000000000000000000 ) ) ;
#2655 = CARTESIAN_POINT ( 'NONE',  ( -6.239458433748315400, 1.381885710474945600, 4.091451443442147200 ) ) ;
#2656 = AXIS2_PLACEMENT_3D ( 'NONE', #4219, #4191, #3600 ) ;
#2657 = VECTOR ( 'NONE', #8615, 1000.000000000000000 ) ;
#2658 = EDGE_CURVE ( 'NONE', #2353, #6643, #7711, .T. ) ;
#2659 = DIRECTION ( 'NONE',  ( 0.0000000000000000000, 0.0000000000000000000, -1.000000000000000000 ) ) ;
#2660 = VERTEX_POINT ( 'NONE', #1442 ) ;
#2661 = DIRECTION ( 'NONE',  ( -1.000000000000000000, -0.0000000000000000000, -0.0000000000000000000 ) ) ;
#2662 = CIRCLE ( 'NONE', #4221, 0.1799999999999997700 ) ;
#2663 = CARTESIAN_POINT ( 'NONE',  ( -2.380158439298849500, -2.076906743079793400, 3.305061906340967000 ) ) ;
#2664 = CARTESIAN_POINT ( 'NONE',  ( -2.380158439298849500, 2.076906743079793400, 3.305061906340967000 ) ) ;
#2665 = EDGE_CURVE ( 'NONE', #368, #940, #6413, .T. ) ;
#2666 = VECTOR ( 'NONE', #4289, 1000.000000000000000 ) ;
#2667 = ORIENTED_EDGE ( 'NONE', *, *, #3846, .T. ) ;
#2668 = CARTESIAN_POINT ( 'NONE',  ( 4.335212641700700000, -1.149999999999999700, -4.275000000000001200 ) ) ;
#2669 = ADVANCED_FACE ( 'NONE', ( #4568 ), #5873, .F. ) ;
#2670 = PLANE ( 'NONE',  #3530 ) ;
#2671 = VECTOR ( 'NONE', #2594, 1000.000000000000000 ) ;
#2672 = EDGE_LOOP ( 'NONE', ( #6530, #7207, #3518, #4336 ) ) ;
#2673 = CARTESIAN_POINT ( 'NONE',  ( -3.575257074896936800, -1.149999999999999700, -9.124999999999998200 ) ) ;
#2674 = CARTESIAN_POINT ( 'NONE',  ( -0.1000000000000000100, 2.779999999999999800, 4.014026416602996000 ) ) ;
#2675 = DIRECTION ( 'NONE',  ( -1.000000000000000000, -2.124908078801903100E-016, 0.0000000000000000000 ) ) ;
#2676 = ORIENTED_EDGE ( 'NONE', *, *, #6590, .T. ) ;
#2677 = CARTESIAN_POINT ( 'NONE',  ( 4.335212641700700000, -1.149999999999999700, -4.275000000000001200 ) ) ;
#2678 = EDGE_CURVE ( 'NONE', #6397, #616, #7500, .T. ) ;
#2679 = PLANE ( 'NONE',  #4827 ) ;
#2680 = CARTESIAN_POINT ( 'NONE',  ( 4.467444677206666300, 2.484345597614078000, 3.541608534801085700 ) ) ;
#2681 = EDGE_CURVE ( 'NONE', #2027, #1327, #667, .T. ) ;
#2682 = CARTESIAN_POINT ( 'NONE',  ( -1.999186377991321500, -2.549999999999999800, -0.5250000000000004700 ) ) ;
#2683 = ORIENTED_EDGE ( 'NONE', *, *, #4415, .T. ) ;
#2684 = VECTOR ( 'NONE', #8476, 1000.000000000000000 ) ;
#2685 = VERTEX_POINT ( 'NONE', #2734 ) ;
#2686 = CARTESIAN_POINT ( 'NONE',  ( 1.999186377991321500, -1.879999999999999700, -0.5250000000000004700 ) ) ;
#2687 = LINE ( 'NONE', #3994, #6480 ) ;
#2688 = ORIENTED_EDGE ( 'NONE', *, *, #2105, .F. ) ;
#2689 = CARTESIAN_POINT ( 'NONE',  ( 6.589999999999999000, 1.478223484310471600, 4.274984218714779500 ) ) ;
#2690 = DIRECTION ( 'NONE',  ( 0.04222409276774594100, -0.5908391699278819900, -0.8056836856166768000 ) ) ;
#2691 = VERTEX_POINT ( 'NONE', #7613 ) ;
#2692 = EDGE_LOOP ( 'NONE', ( #4555, #8506, #1600, #1358, #1197, #164, #1510, #4597, #2033, #1095, #8795, #3046, #415, #5884, #2169 ) ) ;
#2693 = ORIENTED_EDGE ( 'NONE', *, *, #726, .T. ) ;
#2694 = VECTOR ( 'NONE', #4000, 1000.000000000000000 ) ;
#2695 = EDGE_CURVE ( 'NONE', #7486, #6483, #4349, .T. ) ;
#2696 = AXIS2_PLACEMENT_3D ( 'NONE', #3517, #8166, #8193 ) ;
#2697 = APPROVAL_PERSON_ORGANIZATION ( #845, #2095, #847 ) ;
#2698 = CARTESIAN_POINT ( 'NONE',  ( 6.811409716464076800, -2.406906743079781900, 3.066959884049312200 ) ) ;
#2699 = CARTESIAN_POINT ( 'NONE',  ( -1.685257074896937500, -1.150000000000035000, -5.775000000000000400 ) ) ;
#2700 = EDGE_LOOP ( 'NONE', ( #6100, #740, #7908, #8550, #4949, #216, #823, #5333 ) ) ;
#2701 = DIRECTION ( 'NONE',  ( 1.000000000000000000, 0.0000000000000000000, 0.0000000000000000000 ) ) ;
#2702 = CARTESIAN_POINT ( 'NONE',  ( -6.589999999999999000, 0.6099088255744773400, -3.830697027045894200 ) ) ;
#2703 = ORIENTED_EDGE ( 'NONE', *, *, #5919, .T. ) ;
#2704 = VECTOR ( 'NONE', #7940, 1000.000000000000000 ) ;
#2705 = CARTESIAN_POINT ( 'NONE',  ( -6.260000000000000700, -2.549999999999999800, -6.775000000000000400 ) ) ;
#2706 = CARTESIAN_POINT ( 'NONE',  ( -3.164787358299299600, 1.049999999999947900, -4.275000000000001200 ) ) ;
#2707 = EDGE_CURVE ( 'NONE', #223, #8557, #8366, .T. ) ;
#2708 = EDGE_LOOP ( 'NONE', ( #4340, #246, #1045, #448, #2457 ) ) ;
#2709 = CARTESIAN_POINT ( 'NONE',  ( -4.860813622008678600, 1.879999999999999700, -0.5250000000000006900 ) ) ;
#2710 = ADVANCED_FACE ( 'NONE', ( #424 ), #6524, .T. ) ;
#2711 = AXIS2_PLACEMENT_3D ( 'NONE', #1145, #519, #2637 ) ;
#2712 = ORIENTED_EDGE ( 'NONE', *, *, #4625, .F. ) ;
#2713 = LINE ( 'NONE', #4970, #2485 ) ;
#2714 = ORIENTED_EDGE ( 'NONE', *, *, #5692, .F. ) ;
#2715 = VECTOR ( 'NONE', #6513, 1000.000000000000000 ) ;
#2716 = EDGE_LOOP ( 'NONE', ( #510, #6807, #6746, #6414, #373, #3299, #8107, #859 ) ) ;
#2717 = CARTESIAN_POINT ( 'NONE',  ( 7.214600510584429700, 2.293355394562614600, -7.765845873256791000 ) ) ;
#2718 = CARTESIAN_POINT ( 'NONE',  ( -1.685257074896937500, -1.150000000000035000, -4.275000000000001200 ) ) ;
#2719 = ORIENTED_EDGE ( 'NONE', *, *, #7857, .F. ) ;
#2720 = FACE_OUTER_BOUND ( 'NONE', #5288, .T. ) ;
#2721 = CARTESIAN_POINT ( 'NONE',  ( -6.703666252292889800, 0.9536738861598966800, -9.869480739669086200 ) ) ;
#2722 =( BOUNDED_CURVE ( )  B_SPLINE_CURVE ( 3, ( #3879, #2373, #7322, #7223 ),
 .UNSPECIFIED., .F., .F. ) 
 B_SPLINE_CURVE_WITH_KNOTS ( ( 4, 4 ),
 ( 1.570796326794846400, 2.203548767338462200 ),
 .UNSPECIFIED. ) 
 CURVE ( )  GEOMETRIC_REPRESENTATION_ITEM ( )  RATIONAL_B_SPLINE_CURVE ( ( 1.000000000000000000, 0.9669127352965447600, 0.9669127352965447600, 1.000000000000000000 ) ) 
 REPRESENTATION_ITEM ( '' )  );
#2723 = FACE_OUTER_BOUND ( 'NONE', #6641, .T. ) ;
#2724 = DIRECTION ( 'NONE',  ( -2.124908078801903100E-016, 1.000000000000000000, 0.0000000000000000000 ) ) ;
#2725 = DIRECTION ( 'NONE',  ( -0.0000000000000000000, 1.000000000000000000, -0.0000000000000000000 ) ) ;
#2726 = ORIENTED_EDGE ( 'NONE', *, *, #3581, .F. ) ;
#2727 = LINE ( 'NONE', #8373, #2502 ) ;
#2728 = EDGE_CURVE ( 'NONE', #1883, #5584, #1379, .T. ) ;
#2729 = ORIENTED_EDGE ( 'NONE', *, *, #2493, .F. ) ;
#2730 = CARTESIAN_POINT ( 'NONE',  ( -1.769999999999999800, 1.879999999999999700, -0.5249999999999994700 ) ) ;
#2731 = CYLINDRICAL_SURFACE ( 'NONE', #3597, 0.1799999999999999900 ) ;
#2732 = VERTEX_POINT ( 'NONE', #6225 ) ;
#2733 = ORIENTED_EDGE ( 'NONE', *, *, #4024, .F. ) ;
#2734 = CARTESIAN_POINT ( 'NONE',  ( -6.133248313036694400, 1.274052472180233500, 1.003511519317804100 ) ) ;
#2735 = DIRECTION ( 'NONE',  ( -0.0000000000000000000, -0.0000000000000000000, -1.000000000000000000 ) ) ;
#2736 = EDGE_CURVE ( 'NONE', #1318, #4908, #2195, .T. ) ;
#2737 = LINE ( 'NONE', #367, #8154 ) ;
#2738 = DIRECTION ( 'NONE',  ( 0.0000000000000000000, -1.000000000000000000, 0.0000000000000000000 ) ) ;
#2739 = CIRCLE ( 'NONE', #1027, 0.1000000000000000500 ) ;
#2740 = CARTESIAN_POINT ( 'NONE',  ( 4.860813622008678600, 1.879999999999999700, -0.5250000000000006900 ) ) ;
#2741 = ORIENTED_EDGE ( 'NONE', *, *, #2826, .F. ) ;
#2742 = LINE ( 'NONE', #7216, #888 ) ;
#2743 = ORIENTED_EDGE ( 'NONE', *, *, #6360, .F. ) ;
#2744 = DIRECTION ( 'NONE',  ( 0.0000000000000000000, 0.0000000000000000000, 1.000000000000000000 ) ) ;
#2745 = EDGE_CURVE ( 'NONE', #8725, #1305, #1986, .T. ) ;
#2746 = ORIENTED_EDGE ( 'NONE', *, *, #4475, .T. ) ;
#2747 = LINE ( 'NONE', #1468, #5888 ) ;
#2748 = FACE_OUTER_BOUND ( 'NONE', #8127, .T. ) ;
#2749 = CARTESIAN_POINT ( 'NONE',  ( 2.340843213202029800, -2.686402863664274500, 2.554882703278625200 ) ) ;
#2750 = LINE ( 'NONE', #5991, #3084 ) ;
#2751 = ORIENTED_EDGE ( 'NONE', *, *, #1387, .T. ) ;
#2752 = EDGE_CURVE ( 'NONE', #3459, #4820, #8916, .T. ) ;
#2753 = CARTESIAN_POINT ( 'NONE',  ( -6.956877475934570400, 0.9476532811321899400, -9.816047870048187500 ) ) ;
#2754 = LINE ( 'NONE', #6637, #7409 ) ;
#2755 = LINE ( 'NONE', #3887, #4489 ) ;
#2756 = CARTESIAN_POINT ( 'NONE',  ( -6.579582153929040400, 1.650316035562407100, -10.21301438724720400 ) ) ;
#2757 = ADVANCED_FACE ( 'NONE', ( #7277 ), #4868, .F. ) ;
#2758 = DIRECTION ( 'NONE',  ( -1.000000000000000000, 0.0000000000000000000, 0.0000000000000000000 ) ) ;
#2759 = DIRECTION ( 'NONE',  ( -0.0000000000000000000, -0.0000000000000000000, 1.000000000000000000 ) ) ;
#2760 = CARTESIAN_POINT ( 'NONE',  ( -5.089999999999999900, -2.549999999999999800, -0.5249999999999995800 ) ) ;
#2761 = FACE_OUTER_BOUND ( 'NONE', #5086, .T. ) ;
#2762 = EDGE_LOOP ( 'NONE', ( #3973, #2108, #7914, #783 ) ) ;
#2763 = EDGE_CURVE ( 'NONE', #2801, #5014, #3615, .T. ) ;
#2764 = AXIS2_PLACEMENT_3D ( 'NONE', #1064, #7945, #300 ) ;
#2765 = EDGE_CURVE ( 'NONE', #5440, #5287, #8628, .T. ) ;
#2766 = VECTOR ( 'NONE', #220, 1000.000000000000100 ) ;
#2767 = DIRECTION ( 'NONE',  ( -0.0000000000000000000, -0.0000000000000000000, 1.000000000000000000 ) ) ;
#2768 = DIRECTION ( 'NONE',  ( -1.000000000000000000, 2.628368902995162800E-015, -2.673649675311314200E-016 ) ) ;
#2769 = PLANE ( 'NONE',  #6661 ) ;
#2770 = CARTESIAN_POINT ( 'NONE',  ( -0.1000000000000000100, 2.879999999999999900, -6.775000000000000400 ) ) ;
#2771 = VECTOR ( 'NONE', #4375, 1000.000000000000000 ) ;
#2772 = EDGE_LOOP ( 'NONE', ( #3486, #4729, #5835, #5021 ) ) ;
#2773 = CARTESIAN_POINT ( 'NONE',  ( -4.590000000000000700, 1.050000000000001400, -5.775000000000000400 ) ) ;
#2774 = VECTOR ( 'NONE', #3514, 1000.000000000000000 ) ;
#2775 = ORIENTED_EDGE ( 'NONE', *, *, #8589, .T. ) ;
#2776 = DIRECTION ( 'NONE',  ( -1.000000000000000000, 0.0000000000000000000, -0.0000000000000000000 ) ) ;
#2777 = AXIS2_PLACEMENT_3D ( 'NONE', #5319, #6776, #7492 ) ;
#2778 = EDGE_CURVE ( 'NONE', #2827, #3883, #5459, .T. ) ;
#2779 = ORIENTED_EDGE ( 'NONE', *, *, #1313, .F. ) ;
#2780 = CARTESIAN_POINT ( 'NONE',  ( 7.371145950606280200, 2.264546309676581900, -8.021526501620334300 ) ) ;
#2781 = LINE ( 'NONE', #2910, #1918 ) ;
#2782 = CARTESIAN_POINT ( 'NONE',  ( -0.8752570748969376000, -1.150000000000034800, -5.775000000000000400 ) ) ;
#2783 = EDGE_CURVE ( 'NONE', #2563, #7001, #5024, .T. ) ;
#2784 = ORIENTED_EDGE ( 'NONE', *, *, #140, .T. ) ;
#2785 = CARTESIAN_POINT ( 'NONE',  ( -2.413857417394556400, -2.782424515760231200, 3.948076713621953000 ) ) ;
#2786 = ORIENTED_EDGE ( 'NONE', *, *, #2110, .F. ) ;
#2787 = EDGE_LOOP ( 'NONE', ( #4701, #4016, #4897, #4686, #8915 ) ) ;
#2788 = ORIENTED_EDGE ( 'NONE', *, *, #7531, .F. ) ;
#2789 = DIRECTION ( 'NONE',  ( 0.0000000000000000000, 0.0000000000000000000, 1.000000000000000000 ) ) ;
#2790 = CARTESIAN_POINT ( 'NONE',  ( -6.589999999999999900, 2.404999999999999800, -6.775000000000000400 ) ) ;
#2791 = EDGE_CURVE ( 'NONE', #8258, #1878, #1094, .T. ) ;
#2792 = CARTESIAN_POINT ( 'NONE',  ( -5.360059963454983000, -1.430930462220299600, 17.55885521993058900 ) ) ;
#2793 = CARTESIAN_POINT ( 'NONE',  ( 3.314742925103062500, -1.149999999999999900, -5.775000000000000400 ) ) ;
#2794 = ORIENTED_EDGE ( 'NONE', *, *, #3421, .F. ) ;
#2795 = VERTEX_POINT ( 'NONE', #8451 ) ;
#2796 = VERTEX_POINT ( 'NONE', #1533 ) ;
#2797 = LINE ( 'NONE', #489, #1167 ) ;
#2798 = ORIENTED_EDGE ( 'NONE', *, *, #1331, .F. ) ;
#2799 = ADVANCED_FACE ( 'NONE', ( #4805 ), #8416, .T. ) ;
#2800 = CARTESIAN_POINT ( 'NONE',  ( 2.367680041067741700, 2.406906743079793500, 3.066959884049310900 ) ) ;
#2801 = VERTEX_POINT ( 'NONE', #4277 ) ;
#2802 = CARTESIAN_POINT ( 'NONE',  ( 4.471623671555645000, -2.425869183073551500, 3.461868572410963000 ) ) ;
#2803 = PLANE ( 'NONE',  #7209 ) ;
#2804 = CARTESIAN_POINT ( 'NONE',  ( 0.0000000000000000000, -2.879999999999999900, -0.7050000000000007400 ) ) ;
#2805 = ORIENTED_EDGE ( 'NONE', *, *, #158, .T. ) ;
#2806 = VECTOR ( 'NONE', #8492, 1000.000000000000000 ) ;
#2807 = CARTESIAN_POINT ( 'NONE',  ( 2.321346103522037700, -2.549999999999999800, 2.182855688459067500 ) ) ;
#2808 = EDGE_LOOP ( 'NONE', ( #8140, #5077, #4473, #4552 ) ) ;
#2809 = EDGE_CURVE ( 'NONE', #7338, #2149, #3072, .T. ) ;
#2810 = EDGE_LOOP ( 'NONE', ( #1066, #2488, #2007, #225 ) ) ;
#2811 = AXIS2_PLACEMENT_3D ( 'NONE', #1166, #7319, #1135 ) ;
#2813 = DIRECTION ( 'NONE',  ( 0.3378260905024652600, -0.1053848003180297300, -0.9352901028225141200 ) ) ;
#2812 = CARTESIAN_POINT ( 'NONE',  ( -3.164787358299299600, -1.150000000000052300, -4.275000000000001200 ) ) ;
#2814 = ORIENTED_EDGE ( 'NONE', *, *, #5414, .F. ) ;
#2815 = VECTOR ( 'NONE', #1363, 1000.000000000000100 ) ;
#2816 = ORIENTED_EDGE ( 'NONE', *, *, #1806, .T. ) ;
#2817 = ORIENTED_EDGE ( 'NONE', *, *, #4722, .T. ) ;
#2818 = CARTESIAN_POINT ( 'NONE',  ( 6.811409716464077700, -2.782424515760219700, 3.948076713621953900 ) ) ;
#2819 = CARTESIAN_POINT ( 'NONE',  ( -6.760954458586391900, 1.048904168061339600, -10.71464949154450300 ) ) ;
#2820 = DIRECTION ( 'NONE',  ( -3.011672701348624000E-016, 1.000000000000000000, 0.0000000000000000000 ) ) ;
#2821 = ORIENTED_EDGE ( 'NONE', *, *, #3382, .T. ) ;
#2822 = CARTESIAN_POINT ( 'NONE',  ( 6.133248313036694400, 1.279836792125852200, 1.169152770350097700 ) ) ;
#2823 = LINE ( 'NONE', #6245, #969 ) ;
#2824 = CARTESIAN_POINT ( 'NONE',  ( -5.644719013166539200, 1.380000000000000300, 0.06859395390248322600 ) ) ;
#2825 = AXIS2_PLACEMENT_3D ( 'NONE', #4513, #351, #2423 ) ;
#2826 = EDGE_CURVE ( 'NONE', #2211, #6314, #8023, .T. ) ;
#2827 = VERTEX_POINT ( 'NONE', #1601 ) ;
#2828 = MANIFOLD_SOLID_BREP ( 'Boss-Extrude8', #3799 ) ;
#2829 = CARTESIAN_POINT ( 'NONE',  ( 0.3664338688640217400, 2.779999999999999800, 4.738502621547048000 ) ) ;
#2830 = CYLINDRICAL_SURFACE ( 'NONE', #3117, 0.6999999999999992900 ) ;
#2831 = ORIENTED_EDGE ( 'NONE', *, *, #3210, .F. ) ;
#2832 = VECTOR ( 'NONE', #3320, 1000.000000000000000 ) ;
#2833 = ORIENTED_EDGE ( 'NONE', *, *, #1036, .T. ) ;
#2834 = CARTESIAN_POINT ( 'NONE',  ( 4.446142582605442200, 2.782424515760226800, 3.948076713621954800 ) ) ;
#2835 = ORIENTED_EDGE ( 'NONE', *, *, #7992, .F. ) ;
#2836 = CIRCLE ( 'NONE', #4064, 0.1799999999999999400 ) ;
#2837 = VERTEX_POINT ( 'NONE', #6404 ) ;
#2838 = DIRECTION ( 'NONE',  ( 0.0000000000000000000, 1.000000000000000000, 0.0000000000000000000 ) ) ;
#2839 = LINE ( 'NONE', #7501, #3611 ) ;
#2840 = CARTESIAN_POINT ( 'NONE',  ( -1.075257074896937200, -1.149999999999999700, -9.324999999999995700 ) ) ;
#2841 = DIRECTION ( 'NONE',  ( -1.000000000000000000, 0.0000000000000000000, 1.431289996680534200E-016 ) ) ;
#2842 = VECTOR ( 'NONE', #4719, 1000.000000000000000 ) ;
#2843 = ORIENTED_EDGE ( 'NONE', *, *, #3273, .F. ) ;
#2844 = LINE ( 'NONE', #2773, #6099 ) ;
#2845 = ORIENTED_EDGE ( 'NONE', *, *, #3529, .F. ) ;
#2846 = ORIENTED_EDGE ( 'NONE', *, *, #6077, .F. ) ;
#2847 = ADVANCED_FACE ( 'NONE', ( #6310 ), #5735, .T. ) ;
#2849 = DIRECTION ( 'NONE',  ( -0.7479257170867564800, 0.07432208249995191100, 0.6596084821870709100 ) ) ;
#2848 = CARTESIAN_POINT ( 'NONE',  ( -6.089999999999998100, -0.7164469686209430400, 4.174999999999999800 ) ) ;
#2850 = DIRECTION ( 'NONE',  ( 0.0000000000000000000, 0.0000000000000000000, 1.000000000000000000 ) ) ;
#2851 = LINE ( 'NONE', #5425, #4816 ) ;
#2852 = AXIS2_PLACEMENT_3D ( 'NONE', #6365, #2916, #4297 ) ;
#2853 = EDGE_CURVE ( 'NONE', #5112, #277, #2579, .T. ) ;
#2854 = VECTOR ( 'NONE', #3338, 1000.000000000000000 ) ;
#2855 = VECTOR ( 'NONE', #776, 1000.000000000000000 ) ;
#2856 = DIRECTION ( 'NONE',  ( 0.0000000000000000000, -1.000000000000000000, 0.0000000000000000000 ) ) ;
#2857 = EDGE_LOOP ( 'NONE', ( #1539, #24, #1245, #2712, #6702, #3774, #8897, #1592, #2285, #1988, #2688, #2157 ) ) ;
#2858 = EDGE_CURVE ( 'NONE', #8117, #7283, #5538, .T. ) ;
#2859 = DIRECTION ( 'NONE',  ( 0.0000000000000000000, 0.0000000000000000000, -1.000000000000000000 ) ) ;
#2860 = VECTOR ( 'NONE', #6270, 1000.000000000000000 ) ;
#2861 = CARTESIAN_POINT ( 'NONE',  ( 0.0000000000000000000, 0.0000000000000000000, 0.0000000000000000000 ) ) ;
#2862 = DIRECTION ( 'NONE',  ( 1.000000000000000000, 0.0000000000000000000, -0.0000000000000000000 ) ) ;
#2863 = VECTOR ( 'NONE', #2891, 1000.000000000000000 ) ;
#2864 =( BOUNDED_CURVE ( )  B_SPLINE_CURVE ( 3, ( #418, #5299, #3907, #4661 ),
 .UNSPECIFIED., .F., .F. ) 
 B_SPLINE_CURVE_WITH_KNOTS ( ( 4, 4 ),
 ( 1.570796326794846400, 2.203548767338458600 ),
 .UNSPECIFIED. ) 
 CURVE ( )  GEOMETRIC_REPRESENTATION_ITEM ( )  RATIONAL_B_SPLINE_CURVE ( ( 1.000000000000000000, 0.9669127352965452000, 0.9669127352965452000, 1.000000000000000000 ) ) 
 REPRESENTATION_ITEM ( '' )  );
#2865 = VERTEX_POINT ( 'NONE', #2995 ) ;
#2866 = DIRECTION ( 'NONE',  ( 1.000000000000000000, -3.011672701348624000E-016, 0.0000000000000000000 ) ) ;
#2867 = CARTESIAN_POINT ( 'NONE',  ( 0.0000000000000000000, 2.779999999999999800, 3.914026416602995400 ) ) ;
#2868 = LINE ( 'NONE', #579, #1683 ) ;
#2869 = CARTESIAN_POINT ( 'NONE',  ( 1.024742925103062600, -1.150000000000017500, -5.775000000000000400 ) ) ;
#2870 = VECTOR ( 'NONE', #1150, 1000.000000000000100 ) ;
#2871 = CARTESIAN_POINT ( 'NONE',  ( 4.463835245934900400, 2.125627413300262600, 3.610480586262613000 ) ) ;
#2872 = EDGE_CURVE ( 'NONE', #3425, #2178, #5970, .T. ) ;
#2873 = AXIS2_PLACEMENT_3D ( 'NONE', #4924, #4183, #53 ) ;
#2874 = CARTESIAN_POINT ( 'NONE',  ( 4.504716842426743600, 2.484345597614078500, 2.830413255589193900 ) ) ;
#2875 = VECTOR ( 'NONE', #7182, 1000.000000000000000 ) ;
#2876 = ORIENTED_EDGE ( 'NONE', *, *, #6648, .T. ) ;
#2877 = CARTESIAN_POINT ( 'NONE',  ( 4.508326273698511200, 2.125627413300262600, 2.761541204127667000 ) ) ;
#2878 = LINE ( 'NONE', #911, #8072 ) ;
#2880 = CARTESIAN_POINT ( 'NONE',  ( -7.634279561791506900, 2.237177902196740800, -8.264421118003923500 ) ) ;
#2879 = CARTESIAN_POINT ( 'NONE',  ( 5.817587741826835100, -0.5205920215341506300, 1.190779710972765800 ) ) ;
#2881 = CARTESIAN_POINT ( 'NONE',  ( 6.159999999999998400, 2.449999999999999700, -4.275000000000001200 ) ) ;
#2882 = EDGE_CURVE ( 'NONE', #8998, #4864, #1219, .T. ) ;
#2883 = AXIS2_PLACEMENT_3D ( 'NONE', #4075, #4099, #662 ) ;
#2884 = FACE_OUTER_BOUND ( 'NONE', #1452, .T. ) ;
#2885 = EDGE_CURVE ( 'NONE', #4399, #2302, #2727, .T. ) ;
#2886 = CARTESIAN_POINT ( 'NONE',  ( -4.471070977267588700, 2.433603000734843000, 3.472414607667897000 ) ) ;
#2887 = ORIENTED_EDGE ( 'NONE', *, *, #2352, .F. ) ;
#2888 = FACE_OUTER_BOUND ( 'NONE', #849, .T. ) ;
#2889 = ORIENTED_EDGE ( 'NONE', *, *, #7194, .F. ) ;
#2890 = AXIS2_PLACEMENT_3D ( 'NONE', #18, #7040, #4884 ) ;
#2891 = DIRECTION ( 'NONE',  ( -3.285461128743965400E-016, 1.000000000000000000, -2.062312011738056000E-017 ) ) ;
#2892 = CARTESIAN_POINT ( 'NONE',  ( -4.185257074896937500, -1.150000000000052500, -5.775000000000000400 ) ) ;
#2893 = DIRECTION ( 'NONE',  ( 0.9883279591950072700, 0.005316631648734935200, -0.1522484105051468700 ) ) ;
#2894 = ADVANCED_FACE ( 'NONE', ( #4694 ), #130, .T. ) ;
#2895 = VERTEX_POINT ( 'NONE', #4338 ) ;
#2896 = CARTESIAN_POINT ( 'NONE',  ( -3.164787358299299600, 0.0000000000000000000, -4.275000000000001200 ) ) ;
#2897 = PRODUCT_DEFINITION_FORMATION_WITH_SPECIFIED_SOURCE ( 'ANY', '', #5808, .NOT_KNOWN. ) ;
#2898 = CARTESIAN_POINT ( 'NONE',  ( 1.769999999999998900, 2.879999999999999900, 5.534999999999999300 ) ) ;
#2899 = CARTESIAN_POINT ( 'NONE',  ( 6.259999999999999800, 1.576386051322852700, 4.171510050329750600 ) ) ;
#2900 = DIRECTION ( 'NONE',  ( 0.0000000000000000000, -1.000000000000000000, 0.0000000000000000000 ) ) ;
#2901 = ADVANCED_FACE ( 'NONE', ( #2287 ), #2187, .F. ) ;
#2902 = ORIENTED_EDGE ( 'NONE', *, *, #6453, .T. ) ;
#2903 = VECTOR ( 'NONE', #4107, 1000.000000000000100 ) ;
#2904 = ORIENTED_EDGE ( 'NONE', *, *, #3466, .T. ) ;
#2905 = EDGE_CURVE ( 'NONE', #4210, #2396, #3808, .T. ) ;
#2906 = FACE_OUTER_BOUND ( 'NONE', #4700, .T. ) ;
#2907 = ORIENTED_EDGE ( 'NONE', *, *, #3337, .T. ) ;
#2908 = CARTESIAN_POINT ( 'NONE',  ( -6.089999999999998100, -0.6279359677314483300, -1.224994274580306000 ) ) ;
#2910 = CARTESIAN_POINT ( 'NONE',  ( -6.589999999999999000, 0.6099088255744773400, -3.830697027045894200 ) ) ;
#2909 = CARTESIAN_POINT ( 'NONE',  ( -5.089999999999999900, 1.879999999999999700, -7.285266083103919200E-016 ) ) ;
#2911 = EDGE_CURVE ( 'NONE', #5638, #6155, #4250, .T. ) ;
#2912 = ORIENTED_EDGE ( 'NONE', *, *, #4188, .T. ) ;
#2913 = ORIENTED_EDGE ( 'NONE', *, *, #8694, .T. ) ;
#2914 = ORIENTED_EDGE ( 'NONE', *, *, #5201, .T. ) ;
#2915 = VECTOR ( 'NONE', #2977, 1000.000000000000000 ) ;
#2916 = DIRECTION ( 'NONE',  ( 0.0000000000000000000, -1.000000000000000000, 0.0000000000000000000 ) ) ;
#2917 = VERTEX_POINT ( 'NONE', #5244 ) ;
#2918 = CYLINDRICAL_SURFACE ( 'NONE', #5398, 0.1650000000000002000 ) ;
#2919 = EDGE_CURVE ( 'NONE', #3197, #4892, #3812, .T. ) ;
#2920 = DIRECTION ( 'NONE',  ( -0.05233595624294350200, -1.681353375347964600E-015, -0.9986295347545739400 ) ) ;
#2921 = APPROVAL_ROLE ( '' ) ;
#2922 = ORIENTED_EDGE ( 'NONE', *, *, #7364, .F. ) ;
#2923 = ORIENTED_EDGE ( 'NONE', *, *, #6273, .F. ) ;
#2924 = DIRECTION ( 'NONE',  ( 0.3397178029957070300, 0.0000000000000000000, -0.9405274128529004200 ) ) ;
#2925 = EDGE_CURVE ( 'NONE', #6155, #3022, #8460, .T. ) ;
#2926 = AXIS2_PLACEMENT_3D ( 'NONE', #3896, #6678, #5255 ) ;
#2927 = ORIENTED_EDGE ( 'NONE', *, *, #1590, .F. ) ;
#2928 = DIRECTION ( 'NONE',  ( -0.0000000000000000000, 0.0000000000000000000, -1.000000000000000000 ) ) ;
#2929 = CARTESIAN_POINT ( 'NONE',  ( 0.0000000000000000000, -1.879999999999999700, -0.7050000000000005200 ) ) ;
#2930 = DIRECTION ( 'NONE',  ( 0.0000000000000000000, -1.000000000000000000, -2.602085213965209400E-014 ) ) ;
#2931 = ORIENTED_EDGE ( 'NONE', *, *, #8765, .T. ) ;
#2932 = CARTESIAN_POINT ( 'NONE',  ( -3.375257074896937000, -1.149999999999999700, -4.275000000000001200 ) ) ;
#2933 = DIRECTION ( 'NONE',  ( -0.9883279591950072700, 0.005316631648735530200, -0.1522484105051468700 ) ) ;
#2934 = EDGE_LOOP ( 'NONE', ( #3367, #8812, #6473, #7012, #5406, #5179 ) ) ;
#2935 = VECTOR ( 'NONE', #8936, 1000.000000000000000 ) ;
#2936 = VERTEX_POINT ( 'NONE', #5249 ) ;
#2937 = EDGE_CURVE ( 'NONE', #1235, #303, #7610, .T. ) ;
#2938 = CARTESIAN_POINT ( 'NONE',  ( 5.803248313036694300, -0.5105983995777989600, 0.9045998214170120100 ) ) ;
#2939 = AXIS2_PLACEMENT_3D ( 'NONE', #5089, #856, #889 ) ;
#2940 = ADVANCED_FACE ( 'NONE', ( #2382 ), #7423, .T. ) ;
#2941 = VECTOR ( 'NONE', #1820, 1000.000000000000200 ) ;
#2942 = EDGE_CURVE ( 'NONE', #5287, #8117, #5016, .T. ) ;
#2943 = CARTESIAN_POINT ( 'NONE',  ( 5.820683886816488500, -0.5022621633666645200, 0.6658812498487635100 ) ) ;
#2944 = ORIENTED_EDGE ( 'NONE', *, *, #2047, .F. ) ;
#2945 = DIRECTION ( 'NONE',  ( 2.124908078801903100E-016, -1.000000000000000000, -0.0000000000000000000 ) ) ;
#2946 = LINE ( 'NONE', #8354, #6793 ) ;
#2947 = ORIENTED_EDGE ( 'NONE', *, *, #2435, .T. ) ;
#2948 = LINE ( 'NONE', #3345, #8463 ) ;
#2949 = LINE ( 'NONE', #2519, #1643 ) ;
#2950 = ORIENTED_EDGE ( 'NONE', *, *, #7976, .T. ) ;
#2951 = CARTESIAN_POINT ( 'NONE',  ( -1.475257074896937400, -1.150000000000035000, -4.275000000000001200 ) ) ;
#2952 = ADVANCED_FACE ( 'NONE', ( #7164 ), #1086, .F. ) ;
#2953 = CARTESIAN_POINT ( 'NONE',  ( -4.435915153722492100, 2.516311570751015300, 4.143227682101551700 ) ) ;
#2954 = VECTOR ( 'NONE', #501, 1000.000000000000100 ) ;
#2955 = VERTEX_POINT ( 'NONE', #8755 ) ;
#2956 = AXIS2_PLACEMENT_3D ( 'NONE', #6526, #5115, #5793 ) ;
#2957 = EDGE_CURVE ( 'NONE', #4989, #7343, #12, .T. ) ;
#2958 = VECTOR ( 'NONE', #682, 1000.000000000000100 ) ;
#2959 = EDGE_LOOP ( 'NONE', ( #73, #7048, #5759, #8524, #2255, #4005, #8933, #5306, #5028, #5642, #1463, #3618, #6917, #1296, #8087, #8231, #2944, #7821, #7862, #1098, #6829, #3990, #1805, #2043, #8852, #6628, #1441, #5102 ) ) ;
#2960 = DIRECTION ( 'NONE',  ( -0.04222409276774569800, 0.5908391699278817700, 0.8056836856166770300 ) ) ;
#2961 = ORIENTED_EDGE ( 'NONE', *, *, #2462, .T. ) ;
#2962 = AXIS2_PLACEMENT_3D ( 'NONE', #4390, #7808, #903 ) ;
#2963 = LINE ( 'NONE', #3966, #4705 ) ;
#2964 = DIRECTION ( 'NONE',  ( 0.0000000000000000000, -1.000000000000000000, 0.0000000000000000000 ) ) ;
#2965 = DIRECTION ( 'NONE',  ( -0.0000000000000000000, 0.0000000000000000000, -1.000000000000000000 ) ) ;
#2966 = VECTOR ( 'NONE', #3868, 1000.000000000000100 ) ;
#2967 = EDGE_CURVE ( 'NONE', #3336, #6942, #5757, .T. ) ;
#2968 = VERTEX_POINT ( 'NONE', #8113 ) ;
#2969 = DIRECTION ( 'NONE',  ( -1.000000000000000000, 0.0000000000000000000, 0.0000000000000000000 ) ) ;
#2970 = FACE_OUTER_BOUND ( 'NONE', #3008, .T. ) ;
#2971 = DIRECTION ( 'NONE',  ( 1.000000000000000000, 2.628368902995162400E-015, -2.673649675311314200E-016 ) ) ;
#2972 = VERTEX_POINT ( 'NONE', #1891 ) ;
#2973 = DIRECTION ( 'NONE',  ( 1.000000000000000000, 2.628368902995162400E-015, -2.673649675311314200E-016 ) ) ;
#2974 = ORIENTED_EDGE ( 'NONE', *, *, #3598, .T. ) ;
#2975 = FACE_OUTER_BOUND ( 'NONE', #6120, .T. ) ;
#2976 = FACE_OUTER_BOUND ( 'NONE', #7434, .T. ) ;
#2977 = DIRECTION ( 'NONE',  ( 2.124908078801903100E-016, -1.000000000000000000, -0.0000000000000000000 ) ) ;
#2978 = DIRECTION ( 'NONE',  ( 1.000000000000000000, 0.0000000000000000000, 0.0000000000000000000 ) ) ;
#2979 = EDGE_LOOP ( 'NONE', ( #7590, #6818, #5072, #671 ) ) ;
#2980 = AXIS2_PLACEMENT_3D ( 'NONE', #66, #4223, #3636 ) ;
#2981 = EDGE_CURVE ( 'NONE', #5361, #3963, #3389, .T. ) ;
#2982 = LINE ( 'NONE', #1123, #8718 ) ;
#2983 = VECTOR ( 'NONE', #8727, 1000.000000000000000 ) ;
#2984 =( BOUNDED_CURVE ( )  B_SPLINE_CURVE ( 3, ( #3771, #8672, #4547, #1711 ),
 .UNSPECIFIED., .F., .F. ) 
 B_SPLINE_CURVE_WITH_KNOTS ( ( 4, 4 ),
 ( 4.712388980384739400, 5.345141420928353400 ),
 .UNSPECIFIED. ) 
 CURVE ( )  GEOMETRIC_REPRESENTATION_ITEM ( )  RATIONAL_B_SPLINE_CURVE ( ( 1.000000000000000000, 0.9669127352965448700, 0.9669127352965448700, 1.000000000000000000 ) ) 
 REPRESENTATION_ITEM ( '' )  );
#2985 = CARTESIAN_POINT ( 'NONE',  ( -13.67140971646411700, 2.218232652604843000, 2.635262287109598800 ) ) ;
#2986 = CARTESIAN_POINT ( 'NONE',  ( 6.589999999999999000, -0.8163860513228528000, 4.171510050329749800 ) ) ;
#2987 = CARTESIAN_POINT ( 'NONE',  ( -4.910000000000000100, -2.549999999999999800, -0.5250000000000008000 ) ) ;
#2988 = CARTESIAN_POINT ( 'NONE',  ( -6.722195666501190400, 0.9369483481017308900, -9.721041589402863900 ) ) ;
#2989 = FACE_OUTER_BOUND ( 'NONE', #41, .T. ) ;
#2990 = ORIENTED_EDGE ( 'NONE', *, *, #6335, .T. ) ;
#2991 = ORIENTED_EDGE ( 'NONE', *, *, #2243, .F. ) ;
#2992 = CARTESIAN_POINT ( 'NONE',  ( 3.524742925103062900, -1.149999999999999900, -5.775000000000000400 ) ) ;
#2993 = ADVANCED_FACE ( 'NONE', ( #8794 ), #2604, .T. ) ;
#2994 = FACE_OUTER_BOUND ( 'NONE', #6040, .T. ) ;
#2995 = CARTESIAN_POINT ( 'NONE',  ( 3.724742925103062600, -0.8999999999999998000, -9.324999999999995700 ) ) ;
#2996 = LINE ( 'NONE', #6531, #5060 ) ;
#2997 = DIRECTION ( 'NONE',  ( 0.9405274128529004200, 0.0000000000000000000, -0.3397178029957070300 ) ) ;
#2998 = CARTESIAN_POINT ( 'NONE',  ( 2.380158439298849100, 2.076906743079793400, 3.305061906340967000 ) ) ;
#2999 = VERTEX_POINT ( 'NONE', #466 ) ;
#3000 = EDGE_CURVE ( 'NONE', #4536, #3129, #7266, .T. ) ;
#3001 = DIRECTION ( 'NONE',  ( -2.124908078801903100E-016, 1.000000000000000000, 0.0000000000000000000 ) ) ;
#3002 = FACE_OUTER_BOUND ( 'NONE', #7599, .T. ) ;
#3003 = DIRECTION ( 'NONE',  ( 1.000000000000000000, 2.628368902995162400E-015, -2.673649675311314200E-016 ) ) ;
#3004 = ADVANCED_FACE ( 'NONE', ( #3496 ), #4008, .F. ) ;
#3005 = DIRECTION ( 'NONE',  ( -2.124908078801903100E-016, 1.000000000000000000, 0.0000000000000000000 ) ) ;
#3006 = B_SPLINE_CURVE_WITH_KNOTS ( 'NONE', 3,
 ( #3403, #8259, #4855, #7540 ),
 .UNSPECIFIED., .F., .F.,
 ( 4, 4 ),
 ( 0.0000000000000000000, 1.000000000000000000 ),
 .UNSPECIFIED. ) ;
#3007 = DIRECTION ( 'NONE',  ( 0.0000000000000000000, 0.0000000000000000000, 1.000000000000000000 ) ) ;
#3008 = EDGE_LOOP ( 'NONE', ( #2693, #1339, #409, #5876 ) ) ;
#3009 = CARTESIAN_POINT ( 'NONE',  ( 4.335212641700700000, 1.050000000000000300, -5.775000000000000400 ) ) ;
#3010 = EDGE_CURVE ( 'NONE', #1865, #368, #1325, .T. ) ;
#3011 = ORIENTED_EDGE ( 'NONE', *, *, #4374, .F. ) ;
#3012 = AXIS2_PLACEMENT_3D ( 'NONE', #824, #7072, #6374 ) ;
#3013 = CARTESIAN_POINT ( 'NONE',  ( 6.589999999999999000, 1.576386051322852700, 4.171510050329749800 ) ) ;
#3014 = PLANE ( 'NONE',  #5445 ) ;
#3015 = ORIENTED_EDGE ( 'NONE', *, *, #6842, .T. ) ;
#3016 = DIRECTION ( 'NONE',  ( -1.000000000000000000, 0.0000000000000000000, 0.0000000000000000000 ) ) ;
#3017 = VERTEX_POINT ( 'NONE', #1149 ) ;
#3018 = ORIENTED_EDGE ( 'NONE', *, *, #4009, .F. ) ;
#3019 = CARTESIAN_POINT ( 'NONE',  ( -5.803248313036694300, 1.276242965462106600, 1.066239039752058200 ) ) ;
#3020 = DIRECTION ( 'NONE',  ( -1.000000000000000000, 3.011672701348624000E-016, 0.0000000000000000000 ) ) ;
#3021 = CC_DESIGN_APPROVAL ( #4121, ( #2897 ) ) ;
#3022 = VERTEX_POINT ( 'NONE', #1794 ) ;
#3023 = ORIENTED_EDGE ( 'NONE', *, *, #1802, .T. ) ;
#3024 = ORIENTED_EDGE ( 'NONE', *, *, #3652, .F. ) ;
#3025 = VECTOR ( 'NONE', #8007, 1000.000000000000000 ) ;
#3026 = ORIENTED_EDGE ( 'NONE', *, *, #7490, .F. ) ;
#3027 = CARTESIAN_POINT ( 'NONE',  ( 2.424084846277508600, -2.516311570751021100, 4.143227682101551700 ) ) ;
#3028 = CARTESIAN_POINT ( 'NONE',  ( -6.590000000000000700, 2.879999999999999900, -6.775000000000000400 ) ) ;
#3029 = EDGE_CURVE ( 'NONE', #8398, #5185, #3926, .T. ) ;
#3030 = EDGE_LOOP ( 'NONE', ( #8614, #7155, #6201, #5084 ) ) ;
#3031 = DIRECTION ( 'NONE',  ( -3.285461128743965400E-016, 1.000000000000000000, -2.062312011738056000E-017 ) ) ;
#3032 = ADVANCED_FACE ( 'NONE', ( #6848 ), #1822, .T. ) ;
#3033 = CARTESIAN_POINT ( 'NONE',  ( -13.67140971646411500, 2.218232652604843900, 3.736759503280686200 ) ) ;
#3034 = EDGE_CURVE ( 'NONE', #5009, #6774, #6953, .T. ) ;
#3035 = VERTEX_POINT ( 'NONE', #4771 ) ;
#3036 = PERSON_AND_ORGANIZATION ( #2266, #3475 ) ;
#3037 = ORIENTED_EDGE ( 'NONE', *, *, #2428, .F. ) ;
#3038 = ORIENTED_EDGE ( 'NONE', *, *, #895, .T. ) ;
#3039 = CARTESIAN_POINT ( 'NONE',  ( -2.418971131836033600, -2.814368043255626200, 4.045652197861752300 ) ) ;
#3040 = ADVANCED_FACE ( 'NONE', ( #5648 ), #4043, .T. ) ;
#3041 = VERTEX_POINT ( 'NONE', #8999 ) ;
#3042 = VECTOR ( 'NONE', #8226, 1000.000000000000000 ) ;
#3043 = DIRECTION ( 'NONE',  ( -1.000000000000000000, 0.0000000000000000000, 0.0000000000000000000 ) ) ;
#3044 = ORIENTED_EDGE ( 'NONE', *, *, #7218, .T. ) ;
#3045 = VECTOR ( 'NONE', #3918, 1000.000000000000000 ) ;
#3046 = ORIENTED_EDGE ( 'NONE', *, *, #128, .F. ) ;
#3047 = EDGE_CURVE ( 'NONE', #8650, #2288, #1647, .T. ) ;
#3048 = AXIS2_PLACEMENT_3D ( 'NONE', #2790, #5483, #1389 ) ;
#3049 = VERTEX_POINT ( 'NONE', #8177 ) ;
#3050 = EDGE_LOOP ( 'NONE', ( #4637, #7667, #6710, #3344 ) ) ;
#3051 = VECTOR ( 'NONE', #6936, 1000.000000000000000 ) ;
#3052 = CARTESIAN_POINT ( 'NONE',  ( -3.164787358299299600, -1.150000000000052300, -5.775000000000000400 ) ) ;
#3053 = CARTESIAN_POINT ( 'NONE',  ( 3.524742925103062900, -0.9000000000000000200, -4.275000000000001200 ) ) ;
#3054 = ORIENTED_EDGE ( 'NONE', *, *, #8030, .F. ) ;
#3055 = LINE ( 'NONE', #5943, #6410 ) ;
#3056 = CARTESIAN_POINT ( 'NONE',  ( -1.075257074896937200, -0.8999999999999998000, -9.124999999999998200 ) ) ;
#3057 = ORIENTED_EDGE ( 'NONE', *, *, #5199, .T. ) ;
#3058 = CARTESIAN_POINT ( 'NONE',  ( -2.321346103522036400, -2.550000000000001200, 2.182855688459062600 ) ) ;
#3059 = VECTOR ( 'NONE', #3378, 1000.000000000000000 ) ;
#3060 = ORIENTED_EDGE ( 'NONE', *, *, #1220, .T. ) ;
#3061 = LINE ( 'NONE', #40, #2189 ) ;
#3062 = ORIENTED_EDGE ( 'NONE', *, *, #470, .T. ) ;
#3063 = EDGE_CURVE ( 'NONE', #301, #7669, #3929, .T. ) ;
#3064 = CARTESIAN_POINT ( 'NONE',  ( -6.263847163821742100, -5.263181610785591300, 4.087694446229456900 ) ) ;
#3065 = AXIS2_PLACEMENT_3D ( 'NONE', #3861, #7231, #8701 ) ;
#3066 = B_SPLINE_CURVE_WITH_KNOTS ( 'NONE', 3,
 ( #3348, #7553, #4013, #3424 ),
 .UNSPECIFIED., .F., .F.,
 ( 4, 4 ),
 ( 0.0000000000000000000, 1.000000000000000000 ),
 .UNSPECIFIED. ) ;
#3067 = EDGE_CURVE ( 'NONE', #223, #2396, #5451, .T. ) ;
#3068 = DIRECTION ( 'NONE',  ( 0.0000000000000000000, -1.000000000000000000, 0.0000000000000000000 ) ) ;
#3069 = CARTESIAN_POINT ( 'NONE',  ( -6.260000000000000700, 1.478223484310471800, 4.274984218714779500 ) ) ;
#3070 = CIRCLE ( 'NONE', #8211, 0.1000000000000000500 ) ;
#3071 = AXIS2_PLACEMENT_3D ( 'NONE', #1779, #3180, #3807 ) ;
#3072 = LINE ( 'NONE', #1512, #8471 ) ;
#3073 = ORIENTED_EDGE ( 'NONE', *, *, #4024, .T. ) ;
#3074 = FACE_OUTER_BOUND ( 'NONE', #4429, .T. ) ;
#3075 = VERTEX_POINT ( 'NONE', #5405 ) ;
#3076 = ORIENTED_EDGE ( 'NONE', *, *, #8415, .T. ) ;
#3077 = ORIENTED_EDGE ( 'NONE', *, *, #1102, .T. ) ;
#3078 = LINE ( 'NONE', #340, #3831 ) ;
#3079 = CARTESIAN_POINT ( 'NONE',  ( 4.528222536950280200, -2.813259355862363500, 2.381897885445646500 ) ) ;
#3081 = DIRECTION ( 'NONE',  ( -0.04222409276774593400, -0.5908391699278818800, -0.8056836856166769100 ) ) ;
#3080 = CARTESIAN_POINT ( 'NONE',  ( -6.405202790790658800, 1.974165769936618400, -10.59865379181251300 ) ) ;
#3082 = LINE ( 'NONE', #1177, #2854 ) ;
#3083 = ADVANCED_FACE ( 'NONE', ( #6740 ), #8301, .F. ) ;
#3084 = VECTOR ( 'NONE', #1142, 1000.000000000000000 ) ;
#3085 = ORIENTED_EDGE ( 'NONE', *, *, #6559, .F. ) ;
#3086 = AXIS2_PLACEMENT_3D ( 'NONE', #5022, #2820, #8364 ) ;
#3087 = CARTESIAN_POINT ( 'NONE',  ( -6.260000000000000700, 2.549999999999999800, -6.775000000000000400 ) ) ;
#3088 = LINE ( 'NONE', #1085, #6880 ) ;
#3089 = EDGE_CURVE ( 'NONE', #851, #7858, #6085, .T. ) ;
#3090 = CARTESIAN_POINT ( 'NONE',  ( 1.424742925103062800, -0.8999999999999998000, -9.124999999999998200 ) ) ;
#3091 = VECTOR ( 'NONE', #2077, 1000.000000000000000 ) ;
#3092 = DIRECTION ( 'NONE',  ( -0.0000000000000000000, 1.000000000000000000, -0.0000000000000000000 ) ) ;
#3093 = ORIENTED_EDGE ( 'NONE', *, *, #153, .F. ) ;
#3094 = EDGE_CURVE ( 'NONE', #3782, #8240, #7488, .T. ) ;
#3095 = CARTESIAN_POINT ( 'NONE',  ( -4.590000000000000700, -2.449999999999999700, -5.775000000000000400 ) ) ;
#3096 = LINE ( 'NONE', #8708, #5687 ) ;
#3097 = CARTESIAN_POINT ( 'NONE',  ( 2.178939694247144800, 2.879999999999999900, -0.5344204721237292300 ) ) ;
#3098 = VECTOR ( 'NONE', #5280, 1000.000000000000000 ) ;
#3099 = CARTESIAN_POINT ( 'NONE',  ( 1.769999999999998900, 2.549999999999999800, 5.534999999999999300 ) ) ;
#3100 = DIRECTION ( 'NONE',  ( 2.124908078801903100E-016, -1.000000000000000000, -0.0000000000000000000 ) ) ;
#3101 = EDGE_CURVE ( 'NONE', #1305, #3880, #540, .T. ) ;
#3102 = DIRECTION ( 'NONE',  ( 0.0000000000000000000, -1.000000000000000000, 0.0000000000000000000 ) ) ;
#3103 = VECTOR ( 'NONE', #2433, 1000.000000000000100 ) ;
#3104 = ORIENTED_EDGE ( 'NONE', *, *, #2374, .F. ) ;
#3105 = VECTOR ( 'NONE', #6898, 1000.000000000000000 ) ;
#3106 = EDGE_CURVE ( 'NONE', #6990, #2401, #1750, .T. ) ;
#3107 = CARTESIAN_POINT ( 'NONE',  ( 0.2664338688640217100, 2.779999999999999800, -4.201714464797489300 ) ) ;
#3108 = DIRECTION ( 'NONE',  ( -0.0000000000000000000, -1.000000000000000000, 0.0000000000000000000 ) ) ;
#3109 = FACE_OUTER_BOUND ( 'NONE', #7362, .T. ) ;
#3110 = VERTEX_POINT ( 'NONE', #1382 ) ;
#3111 = FACE_OUTER_BOUND ( 'NONE', #5226, .T. ) ;
#3112 = ORIENTED_EDGE ( 'NONE', *, *, #6830, .T. ) ;
#3113 = PLANE ( 'NONE',  #4793 ) ;
#3114 = CARTESIAN_POINT ( 'NONE',  ( -4.479841560701152600, -2.076906743079788100, 3.305061906340967400 ) ) ;
#3115 = DIRECTION ( 'NONE',  ( -0.05233595624294380700, 1.956469775142901800E-015, 0.9986295347545739400 ) ) ;
#3116 = EDGE_CURVE ( 'NONE', #7885, #6774, #2616, .T. ) ;
#3117 = AXIS2_PLACEMENT_3D ( 'NONE', #7494, #1295, #4020 ) ;
#3118 = DIRECTION ( 'NONE',  ( -0.04222409276774567000, 0.5908391699278821000, 0.8056836856166768000 ) ) ;
#3119 = VERTEX_POINT ( 'NONE', #6219 ) ;
#3120 = ORIENTED_EDGE ( 'NONE', *, *, #815, .F. ) ;
#3121 = CARTESIAN_POINT ( 'NONE',  ( -4.519156786797971400, -2.686402863664273600, 2.554882703278618500 ) ) ;
#3122 = DIRECTION ( 'NONE',  ( -1.000000000000000000, -0.0000000000000000000, -0.0000000000000000000 ) ) ;
#3123 = ORIENTED_EDGE ( 'NONE', *, *, #2179, .F. ) ;
#3124 = ORIENTED_EDGE ( 'NONE', *, *, #1689, .T. ) ;
#3125 = EDGE_LOOP ( 'NONE', ( #3359, #4462, #7899, #3764, #7013, #3760, #2548, #7896, #1800, #8321, #2644, #4910 ) ) ;
#3126 = AXIS2_PLACEMENT_3D ( 'NONE', #6143, #6254, #5489 ) ;
#3127 = FACE_OUTER_BOUND ( 'NONE', #2672, .T. ) ;
#3128 = EDGE_CURVE ( 'NONE', #1723, #6220, #5552, .T. ) ;
#3129 = VERTEX_POINT ( 'NONE', #7579 ) ;
#3130 = ADVANCED_FACE ( 'NONE', ( #1438 ), #7608, .T. ) ;
#3131 = CARTESIAN_POINT ( 'NONE',  ( 6.589999999999999000, -0.7164469686209430400, 4.174999999999999800 ) ) ;
#3132 = VERTEX_POINT ( 'NONE', #7480 ) ;
#3133 = EDGE_LOOP ( 'NONE', ( #3498, #8347, #6114, #2494 ) ) ;
#3134 = EDGE_LOOP ( 'NONE', ( #4369, #4181, #6911, #2618, #8599, #646 ) ) ;
#3135 = EDGE_CURVE ( 'NONE', #2030, #3695, #8135, .T. ) ;
#3136 = CARTESIAN_POINT ( 'NONE',  ( 2.402782751676284500, 2.218232652604873200, 3.736759503280682600 ) ) ;
#3137 = LINE ( 'NONE', #1280, #6379 ) ;
#3138 = VERTEX_POINT ( 'NONE', #2041 ) ;
#3139 = DIRECTION ( 'NONE',  ( -0.1522505623211008200, -2.963863613920993900E-017, 0.9883419278128944300 ) ) ;
#3140 = CARTESIAN_POINT ( 'NONE',  ( -4.504716842426745400, -2.484345597614078500, 2.830413255589193400 ) ) ;
#3141 = CARTESIAN_POINT ( 'NONE',  ( -2.358909457634179600, -2.433603000734847900, 2.899607182722382200 ) ) ;
#3142 = ORIENTED_EDGE ( 'NONE', *, *, #7515, .T. ) ;
#3143 = ORIENTED_EDGE ( 'NONE', *, *, #2905, .F. ) ;
#3144 = CARTESIAN_POINT ( 'NONE',  ( 3.924742925103062800, -0.8999999999999998000, -9.324999999999995700 ) ) ;
#3145 = ORIENTED_EDGE ( 'NONE', *, *, #3678, .T. ) ;
#3146 = FACE_OUTER_BOUND ( 'NONE', #11, .T. ) ;
#3147 = EDGE_CURVE ( 'NONE', #8740, #2837, #4685, .T. ) ;
#3148 = ORIENTED_EDGE ( 'NONE', *, *, #4961, .T. ) ;
#3149 = CARTESIAN_POINT ( 'NONE',  ( -4.501090542365821200, -2.433603000734843000, 2.899607182722382600 ) ) ;
#3150 = CARTESIAN_POINT ( 'NONE',  ( 6.589999999999999900, 2.404999999999999800, -6.775000000000000400 ) ) ;
#3151 = ORIENTED_EDGE ( 'NONE', *, *, #6335, .F. ) ;
#3152 = CARTESIAN_POINT ( 'NONE',  ( 6.540000000000000000, 0.6099088255744773400, -3.830697027045894200 ) ) ;
#3153 = EDGE_CURVE ( 'NONE', #7393, #6256, #8903, .T. ) ;
#3154 = CARTESIAN_POINT ( 'NONE',  ( -6.371725516837170000, 2.377112676056338400, -7.022500000000000900 ) ) ;
#3155 = EDGE_LOOP ( 'NONE', ( #937, #4649, #4589, #6733, #6399, #5663 ) ) ;
#3156 = LINE ( 'NONE', #3052, #1634 ) ;
#3157 = VERTEX_POINT ( 'NONE', #786 ) ;
#3158 = VECTOR ( 'NONE', #61, 1000.000000000000000 ) ;
#3159 = EDGE_LOOP ( 'NONE', ( #3480, #7377, #8428, #5988 ) ) ;
#3160 = CARTESIAN_POINT ( 'NONE',  ( 6.589999999999999000, -0.6279359677314484400, -1.224994274580306000 ) ) ;
#3161 = VECTOR ( 'NONE', #1217, 1000.000000000000000 ) ;
#3162 = CARTESIAN_POINT ( 'NONE',  ( 6.259999999999999800, -0.4304909072515108500, -6.879081035944381000 ) ) ;
#3164 = CARTESIAN_POINT ( 'NONE',  ( 2.345055728690305800, -2.218232652604872800, 2.635262287109595600 ) ) ;
#3163 = CARTESIAN_POINT ( 'NONE',  ( 4.496816842840190500, -2.406906743079788100, 2.981154227533195000 ) ) ;
#3165 = EDGE_LOOP ( 'NONE', ( #7692, #7741, #5184, #8807 ) ) ;
#3166 = CARTESIAN_POINT ( 'NONE',  ( 0.0000000000000000000, 2.879999999999999900, 3.914026416602995400 ) ) ;
#3167 = ADVANCED_FACE ( 'NONE', ( #2087 ), #2128, .F. ) ;
#3168 = EDGE_CURVE ( 'NONE', #7066, #2691, #214, .T. ) ;
#3169 = AXIS2_PLACEMENT_3D ( 'NONE', #48, #3361, #3546 ) ;
#3170 = LINE ( 'NONE', #6109, #8466 ) ;
#3171 = AXIS2_PLACEMENT_3D ( 'NONE', #7168, #5804, #5123 ) ;
#3172 = ORIENTED_EDGE ( 'NONE', *, *, #6010, .F. ) ;
#3173 = DIRECTION ( 'NONE',  ( 1.000000000000000000, -3.285461128743965800E-016, 0.0000000000000000000 ) ) ;
#3174 = LINE ( 'NONE', #8856, #3826 ) ;
#3175 = ORIENTED_EDGE ( 'NONE', *, *, #2408, .F. ) ;
#3176 = DIRECTION ( 'NONE',  ( 0.0000000000000000000, -1.000000000000000000, 0.0000000000000000000 ) ) ;
#3177 = LINE ( 'NONE', #645, #2958 ) ;
#3178 = ORIENTED_EDGE ( 'NONE', *, *, #6191, .F. ) ;
#3179 = ORIENTED_EDGE ( 'NONE', *, *, #3668, .T. ) ;
#3180 = DIRECTION ( 'NONE',  ( -1.000000000000000000, 0.0000000000000000000, 0.0000000000000000000 ) ) ;
#3181 = ADVANCED_FACE ( 'NONE', ( #1868 ), #4909, .F. ) ;
#3182 = LINE ( 'NONE', #3993, #561 ) ;
#3183 = FACE_OUTER_BOUND ( 'NONE', #2202, .T. ) ;
#3184 = CARTESIAN_POINT ( 'NONE',  ( -0.1000000000000000100, 2.779999999999999800, -4.826190669741540900 ) ) ;
#3185 = ORIENTED_EDGE ( 'NONE', *, *, #3816, .F. ) ;
#3186 = AXIS2_PLACEMENT_3D ( 'NONE', #5091, #5773, #3643 ) ;
#3187 = EDGE_CURVE ( 'NONE', #4256, #4865, #5863, .T. ) ;
#3188 = FACE_OUTER_BOUND ( 'NONE', #8312, .T. ) ;
#3189 = CARTESIAN_POINT ( 'NONE',  ( -4.860813622008679500, 2.879999999999999900, -0.7050000000000007400 ) ) ;
#3190 = ORIENTED_EDGE ( 'NONE', *, *, #628, .F. ) ;
#3191 = CARTESIAN_POINT ( 'NONE',  ( 7.058913045251232500, 0.9523075998409842300, -9.857354948588740800 ) ) ;
#3192 = ORIENTED_EDGE ( 'NONE', *, *, #8945, .F. ) ;
#3193 = CYLINDRICAL_SURFACE ( 'NONE', #6138, 0.8999999999999998000 ) ;
#3194 = CARTESIAN_POINT ( 'NONE',  ( 0.2664338688640217100, 2.879999999999999900, -4.201714464797489300 ) ) ;
#3195 = FACE_OUTER_BOUND ( 'NONE', #1347, .T. ) ;
#3196 = FACE_BOUND ( 'NONE', #5461, .T. ) ;
#3197 = VERTEX_POINT ( 'NONE', #6243 ) ;
#3198 = DIRECTION ( 'NONE',  ( 0.0000000000000000000, 0.0000000000000000000, -1.000000000000000000 ) ) ;
#3200 = CARTESIAN_POINT ( 'NONE',  ( -6.133248313036694400, -0.5075322874385812500, 0.8167978576046399700 ) ) ;
#3199 = DIRECTION ( 'NONE',  ( -2.992734897828183500E-016, 0.9937118653325240900, 0.1119675341219746000 ) ) ;
#3201 = DIRECTION ( 'NONE',  ( -1.000000000000000000, 0.0000000000000000000, 1.431289996680534200E-016 ) ) ;
#3202 = FACE_OUTER_BOUND ( 'NONE', #4131, .T. ) ;
#3203 = VECTOR ( 'NONE', #3277, 1000.000000000000000 ) ;
#3204 = PLANE ( 'NONE',  #2492 ) ;
#3205 = DIRECTION ( 'NONE',  ( -1.000000000000000000, -0.0000000000000000000, -0.0000000000000000000 ) ) ;
#3206 = EDGE_CURVE ( 'NONE', #3938, #5268, #4795, .T. ) ;
#3207 = ORIENTED_EDGE ( 'NONE', *, *, #112, .T. ) ;
#3208 = CARTESIAN_POINT ( 'NONE',  ( 6.133248313036694400, 1.275655272142576000, 1.049409705001405500 ) ) ;
#3209 = VECTOR ( 'NONE', #7580, 1000.000000000000000 ) ;
#3210 = EDGE_CURVE ( 'NONE', #8459, #16, #8243, .T. ) ;
#3211 = CARTESIAN_POINT ( 'NONE',  ( 6.579582153929098200, 1.359683964438148000, -10.21301438724703400 ) ) ;
#3212 = DIRECTION ( 'NONE',  ( -2.992558513228112800E-016, -1.000000000000000000, 0.0000000000000000000 ) ) ;
#3213 = CIRCLE ( 'NONE', #4115, 0.1800000000000003500 ) ;
#3214 = ORIENTED_EDGE ( 'NONE', *, *, #7243, .T. ) ;
#3215 = CARTESIAN_POINT ( 'NONE',  ( 6.709128150655201000, -0.6200000000000002200, 4.019100492326974600 ) ) ;
#3216 = CARTESIAN_POINT ( 'NONE',  ( -6.371725516837170000, 2.404999999999999800, -6.775000000000000400 ) ) ;
#3217 = LINE ( 'NONE', #2115, #7202 ) ;
#3218 = EDGE_LOOP ( 'NONE', ( #6840, #6234, #1087, #1639 ) ) ;
#3219 = EDGE_CURVE ( 'NONE', #8788, #8529, #2946, .T. ) ;
#3220 = CARTESIAN_POINT ( 'NONE',  ( 6.159999999999998400, -2.449999999999999700, -4.275000000000001200 ) ) ;
#3221 = ORIENTED_EDGE ( 'NONE', *, *, #3382, .F. ) ;
#3222 = EDGE_CURVE ( 'NONE', #1174, #4607, #2781, .T. ) ;
#3223 = DIRECTION ( 'NONE',  ( -1.000000000000000000, 1.181048118175931000E-016, -0.0000000000000000000 ) ) ;
#3224 = ADVANCED_FACE ( 'NONE', ( #2888 ), #7637, .F. ) ;
#3225 = CARTESIAN_POINT ( 'NONE',  ( -13.67140971646411700, -2.484345597614054500, 3.541608534801088400 ) ) ;
#3226 = CARTESIAN_POINT ( 'NONE',  ( -4.517461965990142000, 2.406906743079788600, 2.587221810773985700 ) ) ;
#3227 = CARTESIAN_POINT ( 'NONE',  ( -6.590000000000000700, 2.879999999999999900, -6.775000000000000400 ) ) ;
#3228 = PLANE ( 'NONE',  #5153 ) ;
#3229 = DIRECTION ( 'NONE',  ( -1.044387859644465800E-017, 0.03489949670250109400, 0.9993908270190956500 ) ) ;
#3230 = VERTEX_POINT ( 'NONE', #8387 ) ;
#3231 = DIRECTION ( 'NONE',  ( 0.0000000000000000000, 0.0000000000000000000, -1.000000000000000000 ) ) ;
#3232 = ORIENTED_EDGE ( 'NONE', *, *, #2528, .T. ) ;
#3233 = ORIENTED_EDGE ( 'NONE', *, *, #8447, .F. ) ;
#3234 = ORIENTED_EDGE ( 'NONE', *, *, #4915, .F. ) ;
#3235 = CARTESIAN_POINT ( 'NONE',  ( 4.640307561336753000, 1.879999999999999700, 0.2431882144799621700 ) ) ;
#3236 = CARTESIAN_POINT ( 'NONE',  ( 1.624742925103062500, -1.150000000000017200, -4.275000000000001200 ) ) ;
#3237 = EDGE_CURVE ( 'NONE', #3528, #7955, #5163, .T. ) ;
#3238 = AXIS2_PLACEMENT_3D ( 'NONE', #3780, #1781, #8647 ) ;
#3239 = EDGE_CURVE ( 'NONE', #8171, #578, #59, .T. ) ;
#3240 = CARTESIAN_POINT ( 'NONE',  ( -13.67140971646411500, -2.218232652604843900, 3.736759503280686200 ) ) ;
#3241 = VERTEX_POINT ( 'NONE', #4983 ) ;
#3242 = EDGE_LOOP ( 'NONE', ( #4011, #1370, #6457, #7135 ) ) ;
#3243 = VERTEX_POINT ( 'NONE', #3552 ) ;
#3244 = DIRECTION ( 'NONE',  ( 0.0000000000000000000, 0.0000000000000000000, -1.000000000000000000 ) ) ;
#3245 = CARTESIAN_POINT ( 'NONE',  ( 5.803248313036694300, -0.5140524721802293100, 1.003511519317803900 ) ) ;
#3246 = VECTOR ( 'NONE', #6560, 1000.000000000000000 ) ;
#3247 = CARTESIAN_POINT ( 'NONE',  ( 0.3664338688640217400, 2.779999999999999800, -4.101714464797488800 ) ) ;
#3248 = CARTESIAN_POINT ( 'NONE',  ( -4.538906785764352100, -2.880000000000000300, 2.178030273418613200 ) ) ;
#3249 = CARTESIAN_POINT ( 'NONE',  ( -1.769999999999998900, 2.549999999999999800, 5.534999999999999300 ) ) ;
#3250 = DIRECTION ( 'NONE',  ( -1.000000000000000000, -2.628368902995162800E-015, -2.673649675311314200E-016 ) ) ;
#3251 = CARTESIAN_POINT ( 'NONE',  ( 1.835212641700700000, 1.049999999999982700, -4.275000000000001200 ) ) ;
#3252 = ORIENTED_EDGE ( 'NONE', *, *, #8995, .F. ) ;
#3253 = CARTESIAN_POINT ( 'NONE',  ( -6.703483325810645400, 2.056269049950290900, -9.869987181691179500 ) ) ;
#3254 = ORIENTED_EDGE ( 'NONE', *, *, #907, .F. ) ;
#3255 = LINE ( 'NONE', #3559, #4214 ) ;
#3256 = PLANE ( 'NONE',  #7158 ) ;
#3257 = EDGE_CURVE ( 'NONE', #7342, #5011, #7323, .T. ) ;
#3258 = CARTESIAN_POINT ( 'NONE',  ( -6.260000000000000700, 2.549999999999999800, -6.775000000000000400 ) ) ;
#3259 = ORIENTED_EDGE ( 'NONE', *, *, #5919, .F. ) ;
#3260 = ORIENTED_EDGE ( 'NONE', *, *, #2054, .F. ) ;
#3261 =( BOUNDED_CURVE ( )  B_SPLINE_CURVE ( 3, ( #7213, #3141, #7942, #6555 ),
 .UNSPECIFIED., .F., .F. ) 
 B_SPLINE_CURVE_WITH_KNOTS ( ( 4, 4 ),
 ( 4.079636539841127200, 4.712388980384739400 ),
 .UNSPECIFIED. ) 
 CURVE ( )  GEOMETRIC_REPRESENTATION_ITEM ( )  RATIONAL_B_SPLINE_CURVE ( ( 1.000000000000000000, 0.9669127352965452000, 0.9669127352965452000, 1.000000000000000000 ) ) 
 REPRESENTATION_ITEM ( '' )  );
#3262 = DIRECTION ( 'NONE',  ( -1.000000000000000000, 0.0000000000000000000, 0.0000000000000000000 ) ) ;
#3263 = CARTESIAN_POINT ( 'NONE',  ( 5.808037441567711800, 1.278427065181080700, 1.128783472499852000 ) ) ;
#3264 = ORIENTED_EDGE ( 'NONE', *, *, #3451, .T. ) ;
#3265 = LINE ( 'NONE', #4758, #3042 ) ;
#3266 = CARTESIAN_POINT ( 'NONE',  ( 2.380158439298849100, 2.076906743079793400, 3.305061906340967000 ) ) ;
#3267 = ORIENTED_EDGE ( 'NONE', *, *, #2158, .F. ) ;
#3268 = LINE ( 'NONE', #5438, #4896 ) ;
#3269 = CARTESIAN_POINT ( 'NONE',  ( 6.540000000000000000, 0.6099088255744773400, -3.371594611156200700 ) ) ;
#3270 = ORIENTED_EDGE ( 'NONE', *, *, #6543, .T. ) ;
#3271 = CARTESIAN_POINT ( 'NONE',  ( -0.1000000000000000100, 2.779999999999999800, 6.775000000000000400 ) ) ;
#3272 = ADVANCED_FACE ( 'NONE', ( #5599 ), #2184, .F. ) ;
#3273 = EDGE_CURVE ( 'NONE', #3274, #3683, #1028, .T. ) ;
#3274 = VERTEX_POINT ( 'NONE', #813 ) ;
#3275 = LINE ( 'NONE', #8071, #1088 ) ;
#3276 = CARTESIAN_POINT ( 'NONE',  ( 4.335212641700700000, -1.149999999999999700, -5.775000000000000400 ) ) ;
#3277 = DIRECTION ( 'NONE',  ( 0.05233595624294350200, 1.681353375347964600E-015, 0.9986295347545739400 ) ) ;
#3278 = VECTOR ( 'NONE', #1264, 1000.000000000000000 ) ;
#3279 = CARTESIAN_POINT ( 'NONE',  ( 4.860813622008679500, 1.879999999999999700, -0.7050000000000007400 ) ) ;
#3280 = ORIENTED_EDGE ( 'NONE', *, *, #7438, .T. ) ;
#3281 = PLANE ( 'NONE',  #5513 ) ;
#3282 = VECTOR ( 'NONE', #5308, 1000.000000000000000 ) ;
#3283 = ORIENTED_EDGE ( 'NONE', *, *, #3451, .F. ) ;
#3284 = CARTESIAN_POINT ( 'NONE',  ( -3.164787358299299600, -1.150000000000052300, -4.275000000000001200 ) ) ;
#3285 = LINE ( 'NONE', #126, #8139 ) ;
#3286 = ORIENTED_EDGE ( 'NONE', *, *, #8731, .F. ) ;
#3287 = LINE ( 'NONE', #5343, #8560 ) ;
#3288 = DIRECTION ( 'NONE',  ( -3.011672701348624000E-016, -1.000000000000000000, 0.0000000000000000000 ) ) ;
#3289 = DIRECTION ( 'NONE',  ( -0.0000000000000000000, 1.000000000000000000, -0.0000000000000000000 ) ) ;
#3290 = FACE_OUTER_BOUND ( 'NONE', #8992, .T. ) ;
#3291 = ORIENTED_EDGE ( 'NONE', *, *, #3187, .T. ) ;
#3292 = DIRECTION ( 'NONE',  ( 3.285461128743965800E-016, 1.000000000000000000, -2.062312011738056300E-017 ) ) ;
#3293 = LINE ( 'NONE', #2143, #7622 ) ;
#3294 = ORIENTED_EDGE ( 'NONE', *, *, #8765, .F. ) ;
#3295 = EDGE_CURVE ( 'NONE', #2895, #7858, #7752, .T. ) ;
#3296 = VERTEX_POINT ( 'NONE', #8442 ) ;
#3297 = AXIS2_PLACEMENT_3D ( 'NONE', #452, #7975, #1038 ) ;
#3298 = CARTESIAN_POINT ( 'NONE',  ( 6.371725516837170000, 2.404999999999999800, -7.022500000000000000 ) ) ;
#3299 = ORIENTED_EDGE ( 'NONE', *, *, #4956, .F. ) ;
#3300 = VECTOR ( 'NONE', #4757, 1000.000000000000000 ) ;
#3301 = DIRECTION ( 'NONE',  ( 3.285461128743965800E-016, 1.000000000000000000, -2.062312011738056300E-017 ) ) ;
#3302 = CARTESIAN_POINT ( 'NONE',  ( 6.540000000000000000, 0.6099088255744773400, -3.677662888415996500 ) ) ;
#3303 = LINE ( 'NONE', #1913, #3423 ) ;
#3304 = ORIENTED_EDGE ( 'NONE', *, *, #1078, .F. ) ;
#3305 = LINE ( 'NONE', #3377, #5577 ) ;
#3306 = CARTESIAN_POINT ( 'NONE',  ( -4.446142582605443000, 2.814368043255621300, 4.045652197861753200 ) ) ;
#3307 = AXIS2_PLACEMENT_3D ( 'NONE', #5617, #5707, #2924 ) ;
#3308 = EDGE_CURVE ( 'NONE', #4806, #5210, #3762, .T. ) ;
#3309 = FACE_OUTER_BOUND ( 'NONE', #5132, .T. ) ;
#3310 = PLANE ( 'NONE',  #5829 ) ;
#3311 = VERTEX_POINT ( 'NONE', #6967 ) ;
#3312 = DIRECTION ( 'NONE',  ( 0.04222409276774593400, -0.5908391699278819900, 0.8056836856166768000 ) ) ;
#3313 = LINE ( 'NONE', #7310, #8603 ) ;
#3314 = DIRECTION ( 'NONE',  ( -1.000000000000000000, 0.0000000000000000000, 0.0000000000000000000 ) ) ;
#3315 = EDGE_LOOP ( 'NONE', ( #4994, #7014, #830, #3457 ) ) ;
#3316 = VECTOR ( 'NONE', #7113, 1000.000000000000000 ) ;
#3317 = DIRECTION ( 'NONE',  ( -0.0000000000000000000, -1.000000000000000000, 0.0000000000000000000 ) ) ;
#3318 = ADVANCED_FACE ( 'NONE', ( #6463 ), #7920, .T. ) ;
#3319 = DIRECTION ( 'NONE',  ( 0.0000000000000000000, -1.000000000000000000, 0.0000000000000000000 ) ) ;
#3320 = DIRECTION ( 'NONE',  ( -0.05233595624294350200, 1.681353375347964600E-015, -0.9986295347545739400 ) ) ;
#3321 = CARTESIAN_POINT ( 'NONE',  ( 3.524742925103062900, -1.149999999999999900, -4.275000000000001200 ) ) ;
#3322 = VECTOR ( 'NONE', #8091, 1000.000000000000200 ) ;
#3323 = ORIENTED_EDGE ( 'NONE', *, *, #3388, .F. ) ;
#3324 = FACE_BOUND ( 'NONE', #3334, .T. ) ;
#3325 = CARTESIAN_POINT ( 'NONE',  ( 1.424742925103062800, -1.149999999999999700, -9.124999999999998200 ) ) ;
#3326 = EDGE_CURVE ( 'NONE', #2895, #3646, #7210, .T. ) ;
#3327 = CARTESIAN_POINT ( 'NONE',  ( -4.442883832775988800, 2.814368043255621300, 4.010257364548855300 ) ) ;
#3328 = CARTESIAN_POINT ( 'NONE',  ( 6.362222222222222900, 0.3033637248085074300, -3.524628749786100200 ) ) ;
#3329 = EDGE_LOOP ( 'NONE', ( #1308, #8664, #6802, #7596 ) ) ;
#3330 = DIRECTION ( 'NONE',  ( 0.0000000000000000000, 0.0000000000000000000, -1.000000000000000000 ) ) ;
#3331 = LINE ( 'NONE', #6236, #370 ) ;
#3332 = CARTESIAN_POINT ( 'NONE',  ( 4.471634747569174500, 2.076906743079788100, 3.461657229482880000 ) ) ;
#3333 = VERTEX_POINT ( 'NONE', #5013 ) ;
#3334 = EDGE_LOOP ( 'NONE', ( #3172, #5535, #1052, #7005 ) ) ;
#3335 = DIRECTION ( 'NONE',  ( -1.000000000000000000, 5.152850728067610400E-031, -3.316747347134612400E-015 ) ) ;
#3336 = VERTEX_POINT ( 'NONE', #3154 ) ;
#3337 = EDGE_CURVE ( 'NONE', #6483, #6665, #717, .T. ) ;
#3338 = DIRECTION ( 'NONE',  ( -1.000000000000000000, 2.628368902995162800E-015, -2.673649675311314200E-016 ) ) ;
#3340 = CARTESIAN_POINT ( 'NONE',  ( -1.475257074896937400, -0.9000000000000000200, -4.275000000000001200 ) ) ;
#3339 = DIRECTION ( 'NONE',  ( -1.000000000000000000, 0.0000000000000000000, 0.0000000000000000000 ) ) ;
#3341 = CARTESIAN_POINT ( 'NONE',  ( 4.492319958932258200, 2.076906743079788500, 3.066959884049311700 ) ) ;
#3342 = ORIENTED_EDGE ( 'NONE', *, *, #2942, .F. ) ;
#3343 = VERTEX_POINT ( 'NONE', #837 ) ;
#3344 = ORIENTED_EDGE ( 'NONE', *, *, #1560, .T. ) ;
#3345 = CARTESIAN_POINT ( 'NONE',  ( 1.769999999999999800, -1.879999999999999700, -0.5249999999999994700 ) ) ;
#3346 = LINE ( 'NONE', #7349, #3677 ) ;
#3347 = ORIENTED_EDGE ( 'NONE', *, *, #6172, .T. ) ;
#3348 = CARTESIAN_POINT ( 'NONE',  ( 7.058913045251232500, 2.057692400159014700, -9.857354948588742600 ) ) ;
#3349 = DIRECTION ( 'NONE',  ( 0.0000000000000000000, 0.0000000000000000000, 1.000000000000000000 ) ) ;
#3350 = ORIENTED_EDGE ( 'NONE', *, *, #8928, .F. ) ;
#3351 = ORIENTED_EDGE ( 'NONE', *, *, #7129, .T. ) ;
#3352 = ORIENTED_EDGE ( 'NONE', *, *, #3000, .T. ) ;
#3353 = EDGE_CURVE ( 'NONE', #7858, #7429, #5389, .T. ) ;
#3354 = FACE_OUTER_BOUND ( 'NONE', #2330, .T. ) ;
#3355 = EDGE_CURVE ( 'NONE', #8998, #761, #2336, .T. ) ;
#3356 = CARTESIAN_POINT ( 'NONE',  ( 6.811409716464077700, 2.613887054990807500, 2.095737635784122900 ) ) ;
#3357 = DIRECTION ( 'NONE',  ( 0.0000000000000000000, 0.0000000000000000000, 1.000000000000000000 ) ) ;
#3358 = ADVANCED_FACE ( 'NONE', ( #8624 ), #6542, .F. ) ;
#3359 = ORIENTED_EDGE ( 'NONE', *, *, #3337, .F. ) ;
#3360 = VECTOR ( 'NONE', #2160, 1000.000000000000000 ) ;
#3361 = DIRECTION ( 'NONE',  ( 0.0000000000000000000, 1.000000000000000000, 0.0000000000000000000 ) ) ;
#3362 = CARTESIAN_POINT ( 'NONE',  ( -6.424999999999999800, -0.7182234843104716700, 4.274984218714779500 ) ) ;
#3363 = CARTESIAN_POINT ( 'NONE',  ( 2.309851004465815800, -2.879999999999999900, 1.963516132128330100 ) ) ;
#3364 = VERTEX_POINT ( 'NONE', #5152 ) ;
#3365 = ORIENTED_EDGE ( 'NONE', *, *, #6446, .F. ) ;
#3366 = DIRECTION ( 'NONE',  ( -1.000000000000000000, 2.628368902995162800E-015, -2.673649675311314200E-016 ) ) ;
#3367 = ORIENTED_EDGE ( 'NONE', *, *, #5671, .T. ) ;
#3368 = LINE ( 'NONE', #2705, #1960 ) ;
#3369 = EDGE_LOOP ( 'NONE', ( #6159, #473, #1290, #135 ) ) ;
#3370 = CC_DESIGN_APPROVAL ( #7703, ( #7232 ) ) ;
#3371 = DIRECTION ( 'NONE',  ( 0.0000000000000000000, 0.0000000000000000000, -1.000000000000000000 ) ) ;
#3372 = DIRECTION ( 'NONE',  ( 0.0000000000000000000, 0.0000000000000000000, 1.000000000000000000 ) ) ;
#3373 = ORIENTED_EDGE ( 'NONE', *, *, #1237, .T. ) ;
#3374 = AXIS2_PLACEMENT_3D ( 'NONE', #8700, #5640, #1105 ) ;
#3375 = PLANE ( 'NONE',  #100 ) ;
#3376 = DIRECTION ( 'NONE',  ( -2.124908078801903100E-016, 1.000000000000000000, 0.0000000000000000000 ) ) ;
#3378 = DIRECTION ( 'NONE',  ( 3.285461128743965800E-016, 1.000000000000000000, -2.062312011738056300E-017 ) ) ;
#3377 = CARTESIAN_POINT ( 'NONE',  ( 1.835212641700700000, -1.150000000000017200, -5.775000000000000400 ) ) ;
#3379 = CARTESIAN_POINT ( 'NONE',  ( 6.811409716464075900, -2.218232652604862100, 3.736759503280684400 ) ) ;
#3380 = VERTEX_POINT ( 'NONE', #1788 ) ;
#3381 = VECTOR ( 'NONE', #4286, 1000.000000000000100 ) ;
#3382 = EDGE_CURVE ( 'NONE', #4325, #1327, #925, .T. ) ;
#3383 = CARTESIAN_POINT ( 'NONE',  ( 7.079320159114853800, 0.9532384635827558800, -9.865616364296961600 ) ) ;
#3384 = VERTEX_POINT ( 'NONE', #7953 ) ;
#3385 = CIRCLE ( 'NONE', #4980, 0.1000000000000000500 ) ;
#3386 = ORIENTED_EDGE ( 'NONE', *, *, #1293, .F. ) ;
#3387 = CARTESIAN_POINT ( 'NONE',  ( -3.164787358299299600, -1.150000000000052300, -4.275000000000001200 ) ) ;
#3388 = EDGE_CURVE ( 'NONE', #6694, #3384, #5807, .T. ) ;
#3389 = LINE ( 'NONE', #8050, #6300 ) ;
#3390 = CARTESIAN_POINT ( 'NONE',  ( 4.446142582605442200, -2.782424515760226800, 3.948076713621954800 ) ) ;
#3391 = ORIENTED_EDGE ( 'NONE', *, *, #1063, .T. ) ;
#3392 = LINE ( 'NONE', #3166, #8685 ) ;
#3393 = CARTESIAN_POINT ( 'NONE',  ( 4.475344676793219500, 2.406906743079788100, 3.390867562857084100 ) ) ;
#3394 = VECTOR ( 'NONE', #5794, 1000.000000000000000 ) ;
#3395 = ORIENTED_EDGE ( 'NONE', *, *, #1089, .T. ) ;
#3396 = EDGE_CURVE ( 'NONE', #1651, #578, #6025, .T. ) ;
#3397 = VECTOR ( 'NONE', #5675, 1000.000000000000000 ) ;
#3398 = VERTEX_POINT ( 'NONE', #8627 ) ;
#3399 = DIRECTION ( 'NONE',  ( 0.0000000000000000000, 0.0000000000000000000, 1.000000000000000000 ) ) ;
#3400 = CYLINDRICAL_SURFACE ( 'NONE', #3126, 0.1800000000000003500 ) ;
#3401 = ORIENTED_EDGE ( 'NONE', *, *, #8303, .T. ) ;
#3402 = ORIENTED_EDGE ( 'NONE', *, *, #8962, .F. ) ;
#3403 = CARTESIAN_POINT ( 'NONE',  ( 6.752806337296630300, 0.9383446437143893000, -9.733433712965208400 ) ) ;
#3404 = EDGE_CURVE ( 'NONE', #7813, #6483, #3549, .T. ) ;
#3405 = AXIS2_PLACEMENT_3D ( 'NONE', #6064, #2614, #8858 ) ;
#3406 = VECTOR ( 'NONE', #1242, 1000.000000000000000 ) ;
#3407 = DIRECTION ( 'NONE',  ( 0.0000000000000000000, 0.0000000000000000000, -1.000000000000000000 ) ) ;
#3408 = DIRECTION ( 'NONE',  ( 0.0000000000000000000, 1.000000000000000000, 0.0000000000000000000 ) ) ;
#3409 = VECTOR ( 'NONE', #292, 1000.000000000000000 ) ;
#3410 = VECTOR ( 'NONE', #7764, 1000.000000000000000 ) ;
#3411 = ORIENTED_EDGE ( 'NONE', *, *, #2435, .F. ) ;
#3412 = PLANE ( 'NONE',  #7238 ) ;
#3413 = ADVANCED_FACE ( 'NONE', ( #264 ), #1017, .T. ) ;
#3414 = CARTESIAN_POINT ( 'NONE',  ( -1.275257074896937400, -0.8999999999999998000, -9.124999999999998200 ) ) ;
#3416 = DIRECTION ( 'NONE',  ( 1.000000000000000000, 2.124908078801903600E-016, -0.0000000000000000000 ) ) ;
#3415 = CARTESIAN_POINT ( 'NONE',  ( -6.466548932916465400, 1.228021301603107400, -0.3620892943110485300 ) ) ;
#3417 = VERTEX_POINT ( 'NONE', #6596 ) ;
#3418 = CARTESIAN_POINT ( 'NONE',  ( 0.3664338688640216800, 2.779999999999999800, -4.926190669741541400 ) ) ;
#3419 = LINE ( 'NONE', #8786, #1083 ) ;
#3420 = VECTOR ( 'NONE', #8925, 1000.000000000000000 ) ;
#3421 = EDGE_CURVE ( 'NONE', #5936, #223, #2303, .T. ) ;
#3422 = EDGE_CURVE ( 'NONE', #8265, #4438, #8078, .T. ) ;
#3423 = VECTOR ( 'NONE', #1112, 1000.000000000000000 ) ;
#3424 = CARTESIAN_POINT ( 'NONE',  ( 6.752806337296630300, 2.071655356285609700, -9.733433712965210200 ) ) ;
#3425 = VERTEX_POINT ( 'NONE', #8480 ) ;
#3426 = CARTESIAN_POINT ( 'NONE',  ( 2.200902539776424100, -1.879999999999999700, -0.1153444145280875900 ) ) ;
#3427 = CARTESIAN_POINT ( 'NONE',  ( -4.483854187264652700, 2.254728318329634700, 3.228496430406000900 ) ) ;
#3428 = VECTOR ( 'NONE', #4510, 1000.000000000000000 ) ;
#3429 = CARTESIAN_POINT ( 'NONE',  ( -7.323455802956801500, 2.249669374980085600, -8.153559297051739200 ) ) ;
#3430 = DIRECTION ( 'NONE',  ( 0.0000000000000000000, 0.0000000000000000000, -1.000000000000000000 ) ) ;
#3431 = FACE_OUTER_BOUND ( 'NONE', #3050, .T. ) ;
#3432 = DIRECTION ( 'NONE',  ( -0.0000000000000000000, 1.000000000000000000, -0.0000000000000000000 ) ) ;
#3433 = CARTESIAN_POINT ( 'NONE',  ( -1.770000000000000700, -2.549999999999999800, -6.775000000000001200 ) ) ;
#3434 = LINE ( 'NONE', #4542, #1478 ) ;
#3435 = EDGE_CURVE ( 'NONE', #8278, #7889, #6248, .T. ) ;
#3436 = ORIENTED_EDGE ( 'NONE', *, *, #4355, .F. ) ;
#3437 = DIRECTION ( 'NONE',  ( 0.0000000000000000000, 0.0000000000000000000, -1.000000000000000000 ) ) ;
#3438 = LINE ( 'NONE', #7049, #7541 ) ;
#3439 = CARTESIAN_POINT ( 'NONE',  ( 1.770000000000001600, 2.549999999999999800, -6.774999999999999500 ) ) ;
#3440 = EDGE_CURVE ( 'NONE', #2153, #4399, #7966, .T. ) ;
#3441 = LINE ( 'NONE', #774, #2026 ) ;
#3442 = ORIENTED_EDGE ( 'NONE', *, *, #5556, .F. ) ;
#3443 = CARTESIAN_POINT ( 'NONE',  ( 6.539999999999999100, 0.6099088255744773400, -3.371594611156200700 ) ) ;
#3444 = VECTOR ( 'NONE', #6260, 1000.000000000000000 ) ;
#3445 = VERTEX_POINT ( 'NONE', #7444 ) ;
#3446 = PLANE ( 'NONE',  #1456 ) ;
#3447 = DIRECTION ( 'NONE',  ( -1.000000000000000000, 1.181048118175931000E-016, -0.0000000000000000000 ) ) ;
#3448 = ORIENTED_EDGE ( 'NONE', *, *, #1528, .T. ) ;
#3449 = CARTESIAN_POINT ( 'NONE',  ( 2.331777463049722300, 2.813259355862364000, 2.381897885445651800 ) ) ;
#3450 = AXIS2_PLACEMENT_3D ( 'NONE', #6437, #7007, #2866 ) ;
#3451 = EDGE_CURVE ( 'NONE', #342, #7885, #7000, .T. ) ;
#3452 = CARTESIAN_POINT ( 'NONE',  ( -4.538653896477963000, 2.549999999999999400, 2.182855688459061300 ) ) ;
#3453 = CARTESIAN_POINT ( 'NONE',  ( 6.133248313036694400, 1.274052472180228900, 1.003511519317804400 ) ) ;
#3454 = EDGE_CURVE ( 'NONE', #7245, #6756, #7547, .T. ) ;
#3455 = CARTESIAN_POINT ( 'NONE',  ( -6.259999999999999800, -0.8163860513228531300, 4.171510050329755100 ) ) ;
#3456 = ADVANCED_FACE ( 'NONE', ( #3111 ), #2556, .F. ) ;
#3457 = ORIENTED_EDGE ( 'NONE', *, *, #7563, .T. ) ;
#3458 = ORIENTED_EDGE ( 'NONE', *, *, #4734, .F. ) ;
#3459 = VERTEX_POINT ( 'NONE', #8817 ) ;
#3460 = CARTESIAN_POINT ( 'NONE',  ( -6.260000000000030000, 2.549999999999999800, 2.182855688459053800 ) ) ;
#3461 = CARTESIAN_POINT ( 'NONE',  ( 6.470232647422536200, 0.6426760702308146300, -7.109375123298480800 ) ) ;
#3462 = ORIENTED_EDGE ( 'NONE', *, *, #7712, .F. ) ;
#3463 = ORIENTED_EDGE ( 'NONE', *, *, #4981, .F. ) ;
#3464 = ORIENTED_EDGE ( 'NONE', *, *, #5525, .T. ) ;
#3465 = CYLINDRICAL_SURFACE ( 'NONE', #6993, 0.1000000000000000500 ) ;
#3466 = EDGE_CURVE ( 'NONE', #7704, #2801, #1698, .T. ) ;
#3467 = AXIS2_PLACEMENT_3D ( 'NONE', #785, #5697, #3585 ) ;
#3468 = DIRECTION ( 'NONE',  ( -0.0000000000000000000, -0.0000000000000000000, 1.000000000000000000 ) ) ;
#3470 = CARTESIAN_POINT ( 'NONE',  ( 6.089999999999998100, 1.576386051322852900, 4.171510050329749800 ) ) ;
#3469 = CARTESIAN_POINT ( 'NONE',  ( -6.160000000000000100, -2.449999999999999700, -4.275000000000001200 ) ) ;
#3471 = DIRECTION ( 'NONE',  ( 3.401418580346680800E-016, -1.000000000000000000, 4.361443595247804400E-015 ) ) ;
#3472 = DIRECTION ( 'NONE',  ( -0.0000000000000000000, -0.0000000000000000000, -1.000000000000000000 ) ) ;
#3473 = VERTEX_POINT ( 'NONE', #8134 ) ;
#3474 = EDGE_LOOP ( 'NONE', ( #1716, #1653, #2002, #7454 ) ) ;
#3475 = ORGANIZATION ( 'UNSPECIFIED', 'UNSPECIFIED', '' ) ;
#3476 = CARTESIAN_POINT ( 'NONE',  ( 2.413857417394557300, 2.649368043255626100, 4.045652197861752300 ) ) ;
#3477 = CARTESIAN_POINT ( 'NONE',  ( 2.413857417394557700, 2.782424515760231200, 3.948076713621953900 ) ) ;
#3478 = AXIS2_PLACEMENT_3D ( 'NONE', #322, #5251, #1125 ) ;
#3479 = EDGE_CURVE ( 'NONE', #5474, #4409, #3977, .T. ) ;
#3480 = ORIENTED_EDGE ( 'NONE', *, *, #3239, .F. ) ;
#3481 = ORIENTED_EDGE ( 'NONE', *, *, #5827, .F. ) ;
#3482 = DIRECTION ( 'NONE',  ( 4.930380657631322700E-032, 1.484869283384553200E-047, -1.000000000000000000 ) ) ;
#3483 = ORIENTED_EDGE ( 'NONE', *, *, #5671, .F. ) ;
#3484 = FACE_OUTER_BOUND ( 'NONE', #4974, .T. ) ;
#3485 = CARTESIAN_POINT ( 'NONE',  ( -6.260000000000000700, 2.549999999999999800, -6.775000000000000400 ) ) ;
#3486 = ORIENTED_EDGE ( 'NONE', *, *, #7904, .F. ) ;
#3487 = FACE_OUTER_BOUND ( 'NONE', #7660, .T. ) ;
#3488 = CARTESIAN_POINT ( 'NONE',  ( -13.67140971646411700, -2.484345597614054000, 3.541608534801088400 ) ) ;
#3489 = ORIENTED_EDGE ( 'NONE', *, *, #6446, .T. ) ;
#3490 = CC_DESIGN_APPROVAL ( #2095, ( #8579 ) ) ;
#3491 = ORIENTED_EDGE ( 'NONE', *, *, #1635, .F. ) ;
#3492 = LINE ( 'NONE', #634, #6507 ) ;
#3493 = ADVANCED_FACE ( 'NONE', ( #4394, #7437 ), #6660, .F. ) ;
#3494 = VERTEX_POINT ( 'NONE', #395 ) ;
#3495 = DIRECTION ( 'NONE',  ( 0.04222409276774567700, 0.5908391699278822100, 0.8056836856166766900 ) ) ;
#3496 = FACE_OUTER_BOUND ( 'NONE', #5731, .T. ) ;
#3497 = EDGE_CURVE ( 'NONE', #8224, #3674, #599, .T. ) ;
#3498 = ORIENTED_EDGE ( 'NONE', *, *, #5722, .F. ) ;
#3499 =( BOUNDED_CURVE ( )  B_SPLINE_CURVE ( 3, ( #8494, #7844, #963, #8575 ),
 .UNSPECIFIED., .F., .F. ) 
 B_SPLINE_CURVE_WITH_KNOTS ( ( 4, 4 ),
 ( 4.365772140354875900, 5.560451059366184400 ),
 .UNSPECIFIED. ) 
 CURVE ( )  GEOMETRIC_REPRESENTATION_ITEM ( )  RATIONAL_B_SPLINE_CURVE ( ( 1.000000000000000000, 0.8845566308302415000, 0.8845566308302415000, 1.000000000000000000 ) ) 
 REPRESENTATION_ITEM ( '' )  );
#3500 = ORIENTED_EDGE ( 'NONE', *, *, #7964, .T. ) ;
#3501 = CARTESIAN_POINT ( 'NONE',  ( 6.143516044474750100, -5.263181610785594000, -0.4095298483842152400 ) ) ;
#3502 = FACE_OUTER_BOUND ( 'NONE', #5925, .T. ) ;
#3503 = PLANE ( 'NONE',  #261 ) ;
#3504 = FACE_OUTER_BOUND ( 'NONE', #7581, .T. ) ;
#3505 = CARTESIAN_POINT ( 'NONE',  ( 2.380158439298849100, 2.406906743079792600, 3.305061906340967400 ) ) ;
#3506 = ORIENTED_EDGE ( 'NONE', *, *, #2634, .F. ) ;
#3507 = LINE ( 'NONE', #2238, #3410 ) ;
#3508 = ORIENTED_EDGE ( 'NONE', *, *, #3089, .T. ) ;
#3509 =( BOUNDED_CURVE ( )  B_SPLINE_CURVE ( 3, ( #5921, #6622, #8000, #3877 ),
 .UNSPECIFIED., .F., .F. ) 
 B_SPLINE_CURVE_WITH_KNOTS ( ( 4, 4 ),
 ( 1.279161390903540900, 1.570796326794881500 ),
 .UNSPECIFIED. ) 
 CURVE ( )  GEOMETRIC_REPRESENTATION_ITEM ( )  RATIONAL_B_SPLINE_CURVE ( ( 1.000000000000000000, 0.9929249715568843100, 0.9929249715568843100, 1.000000000000000000 ) ) 
 REPRESENTATION_ITEM ( '' )  );
#3510 = CARTESIAN_POINT ( 'NONE',  ( 2.358909457634179600, 2.433603000734848800, 2.899607182722382200 ) ) ;
#3511 = ORIENTED_EDGE ( 'NONE', *, *, #7218, .F. ) ;
#3512 = VERTEX_POINT ( 'NONE', #2561 ) ;
#3513 = LINE ( 'NONE', #7410, #3935 ) ;
#3514 = DIRECTION ( 'NONE',  ( 0.0000000000000000000, -1.000000000000000000, 0.0000000000000000000 ) ) ;
#3515 = CYLINDRICAL_SURFACE ( 'NONE', #739, 0.1000000000000000500 ) ;
#3516 = LINE ( 'NONE', #6218, #8276 ) ;
#3517 = CARTESIAN_POINT ( 'NONE',  ( -6.089999999999998100, 1.476446968620943400, 4.174999999999999800 ) ) ;
#3518 = ORIENTED_EDGE ( 'NONE', *, *, #6462, .F. ) ;
#3519 = EDGE_CURVE ( 'NONE', #7889, #8956, #2442, .T. ) ;
#3520 = CARTESIAN_POINT ( 'NONE',  ( 1.024742925103062600, -0.9000000000000000200, -9.124999999999998200 ) ) ;
#3521 = CARTESIAN_POINT ( 'NONE',  ( 6.589999999999999900, 2.879999999999999900, -6.775000000000000400 ) ) ;
#3522 = FACE_OUTER_BOUND ( 'NONE', #1062, .T. ) ;
#3523 = LINE ( 'NONE', #2023, #7941 ) ;
#3525 = CARTESIAN_POINT ( 'NONE',  ( 6.259999999999998900, 2.549999999999999800, 6.775000000000000400 ) ) ;
#3524 = CARTESIAN_POINT ( 'NONE',  ( 6.133248313036694400, -0.5105983995777984000, 0.9045998214170117800 ) ) ;
#3526 = EDGE_LOOP ( 'NONE', ( #7281, #2991, #5616, #6284 ) ) ;
#3527 = VECTOR ( 'NONE', #7395, 1000.000000000000000 ) ;
#3528 = VERTEX_POINT ( 'NONE', #8776 ) ;
#3529 = EDGE_CURVE ( 'NONE', #1865, #5448, #4290, .T. ) ;
#3530 = AXIS2_PLACEMENT_3D ( 'NONE', #3225, #4712, #6000 ) ;
#3531 = EDGE_CURVE ( 'NONE', #2209, #2232, #6144, .T. ) ;
#3532 = VECTOR ( 'NONE', #5779, 1000.000000000000000 ) ;
#3533 = CARTESIAN_POINT ( 'NONE',  ( -6.541225487300819100, 1.969168440702134400, -10.64300508876899600 ) ) ;
#3534 = AXIS2_PLACEMENT_3D ( 'NONE', #3056, #5714, #2284 ) ;
#3535 = CARTESIAN_POINT ( 'NONE',  ( -5.803248313036692500, -5.263181610785591300, 1.003511519317803900 ) ) ;
#3536 = DIRECTION ( 'NONE',  ( -3.011672701348624000E-016, 1.000000000000000000, 0.0000000000000000000 ) ) ;
#3537 = CARTESIAN_POINT ( 'NONE',  ( 2.392555322793334500, -2.484345597614083400, 3.541608534801085300 ) ) ;
#3538 = LINE ( 'NONE', #6557, #2657 ) ;
#3539 = VERTEX_POINT ( 'NONE', #1205 ) ;
#3540 = ADVANCED_FACE ( 'NONE', ( #2236 ), #3281, .F. ) ;
#3541 =( BOUNDED_CURVE ( )  B_SPLINE_CURVE ( 3, ( #6467, #5739, #7132, #2998 ),
 .UNSPECIFIED., .F., .F. ) 
 B_SPLINE_CURVE_WITH_KNOTS ( ( 4, 4 ),
 ( 0.9380438862512330300, 1.570796326794847000 ),
 .UNSPECIFIED. ) 
 CURVE ( )  GEOMETRIC_REPRESENTATION_ITEM ( )  RATIONAL_B_SPLINE_CURVE ( ( 1.000000000000000000, 0.9669127352965448700, 0.9669127352965448700, 1.000000000000000000 ) ) 
 REPRESENTATION_ITEM ( '' )  );
#3542 = VECTOR ( 'NONE', #2254, 1000.000000000000000 ) ;
#3543 = CARTESIAN_POINT ( 'NONE',  ( -4.496816842840190500, 2.406906743079788100, 2.981154227533195000 ) ) ;
#3544 = AXIS2_PLACEMENT_3D ( 'NONE', #7279, #3176, #8738 ) ;
#3545 = DIRECTION ( 'NONE',  ( -0.0000000000000000000, 1.000000000000000000, -0.0000000000000000000 ) ) ;
#3546 = DIRECTION ( 'NONE',  ( 0.0000000000000000000, 0.0000000000000000000, -1.000000000000000000 ) ) ;
#3547 = ORIENTED_EDGE ( 'NONE', *, *, #2882, .F. ) ;
#3548 = DIRECTION ( 'NONE',  ( 2.124908078801903100E-016, -1.000000000000000000, -0.0000000000000000000 ) ) ;
#3549 = LINE ( 'NONE', #4504, #8850 ) ;
#3550 = EDGE_CURVE ( 'NONE', #8758, #5592, #4387, .T. ) ;
#3552 = CARTESIAN_POINT ( 'NONE',  ( 5.089999999999999900, -2.549999999999999800, -0.5249999999999995800 ) ) ;
#3551 = DIRECTION ( 'NONE',  ( 0.0000000000000000000, -1.000000000000000000, 0.0000000000000000000 ) ) ;
#3553 = VERTEX_POINT ( 'NONE', #1940 ) ;
#3554 = CARTESIAN_POINT ( 'NONE',  ( 6.589999999999999000, 0.6099088255744773400, -3.371594611156200700 ) ) ;
#3555 = EDGE_CURVE ( 'NONE', #1257, #5866, #6550, .T. ) ;
#3556 = ORIENTED_EDGE ( 'NONE', *, *, #3624, .F. ) ;
#3557 = CARTESIAN_POINT ( 'NONE',  ( 0.2664338688640217600, 2.779999999999999800, 4.014026416602996000 ) ) ;
#3558 = EDGE_CURVE ( 'NONE', #8271, #5448, #8045, .T. ) ;
#3559 = CARTESIAN_POINT ( 'NONE',  ( -6.288207565366245300, -0.6272767695741946500, 4.245831177271616000 ) ) ;
#3560 = DIRECTION ( 'NONE',  ( 0.0000000000000000000, -1.000000000000000000, 0.0000000000000000000 ) ) ;
#3561 = ORIENTED_EDGE ( 'NONE', *, *, #781, .F. ) ;
#3562 = VERTEX_POINT ( 'NONE', #3220 ) ;
#3563 = ORIENTED_EDGE ( 'NONE', *, *, #7208, .F. ) ;
#3564 = VECTOR ( 'NONE', #4403, 1000.000000000000200 ) ;
#3565 = ORIENTED_EDGE ( 'NONE', *, *, #5201, .F. ) ;
#3566 = CARTESIAN_POINT ( 'NONE',  ( 4.435915153722492100, 2.516311570751015700, 4.143227682101552600 ) ) ;
#3567 = EDGE_CURVE ( 'NONE', #4742, #7445, #8509, .T. ) ;
#3568 = CARTESIAN_POINT ( 'NONE',  ( 5.803248313036694300, 1.266408046320872200, 0.7846038042067705600 ) ) ;
#3569 = CARTESIAN_POINT ( 'NONE',  ( -6.540000000000000000, 0.3033637248085074300, -3.371594611156200700 ) ) ;
#3570 = ORIENTED_EDGE ( 'NONE', *, *, #5017, .T. ) ;
#3571 = VERTEX_POINT ( 'NONE', #7601 ) ;
#3572 = VERTEX_POINT ( 'NONE', #2663 ) ;
#3573 = VECTOR ( 'NONE', #6087, 1000.000000000000000 ) ;
#3574 = CARTESIAN_POINT ( 'NONE',  ( 4.479841560701151700, -2.076906743079788500, 3.305061906340968300 ) ) ;
#3575 = CARTESIAN_POINT ( 'NONE',  ( 4.496816842840190500, 2.406906743079788100, 2.981154227533195000 ) ) ;
#3576 = DIRECTION ( 'NONE',  ( -0.1522505623211008200, 2.963863613920993900E-017, -0.9883419278128944300 ) ) ;
#3577 = ORIENTED_EDGE ( 'NONE', *, *, #6830, .F. ) ;
#3578 = VECTOR ( 'NONE', #7693, 1000.000000000000100 ) ;
#3579 = CARTESIAN_POINT ( 'NONE',  ( 6.811409716464077700, -2.806906743079782300, 3.305061906340968300 ) ) ;
#3580 = ORIENTED_EDGE ( 'NONE', *, *, #7515, .F. ) ;
#3581 = EDGE_CURVE ( 'NONE', #2350, #2056, #2310, .T. ) ;
#3582 = ORIENTED_EDGE ( 'NONE', *, *, #3222, .F. ) ;
#3583 = ADVANCED_FACE ( 'NONE', ( #8806 ), #4069, .T. ) ;
#3584 = AXIS2_PLACEMENT_3D ( 'NONE', #5095, #248, #3005 ) ;
#3586 = DIRECTION ( 'NONE',  ( 0.0000000000000000000, 0.0000000000000000000, -1.000000000000000000 ) ) ;
#3585 = DIRECTION ( 'NONE',  ( -1.000000000000000000, -2.124908078801903100E-016, 0.0000000000000000000 ) ) ;
#3587 = CARTESIAN_POINT ( 'NONE',  ( 6.259999999999999800, -0.8164469686209430100, 4.174999999999999800 ) ) ;
#3588 = VERTEX_POINT ( 'NONE', #8293 ) ;
#3589 = LINE ( 'NONE', #643, #2815 ) ;
#3590 = VERTEX_POINT ( 'NONE', #8991 ) ;
#3591 = ORIENTED_EDGE ( 'NONE', *, *, #85, .F. ) ;
#3592 = CARTESIAN_POINT ( 'NONE',  ( -4.479841560701151700, 2.406906743079787200, 3.305061906340970100 ) ) ;
#3593 = CARTESIAN_POINT ( 'NONE',  ( 6.811409716464075900, 2.218232652604862100, 3.736759503280684400 ) ) ;
#3594 = ORIENTED_EDGE ( 'NONE', *, *, #3168, .F. ) ;
#3595 = LINE ( 'NONE', #6466, #8894 ) ;
#3596 = CARTESIAN_POINT ( 'NONE',  ( 2.384655323206781800, -2.406906743079793500, 3.390867562857083700 ) ) ;
#3597 = AXIS2_PLACEMENT_3D ( 'NONE', #1999, #614, #3357 ) ;
#3598 = EDGE_CURVE ( 'NONE', #4993, #4193, #3331, .T. ) ;
#3599 = ORIENTED_EDGE ( 'NONE', *, *, #3904, .T. ) ;
#3600 = DIRECTION ( 'NONE',  ( 1.000000000000000000, 0.0000000000000000000, 0.0000000000000000000 ) ) ;
#3601 = LINE ( 'NONE', #1216, #1746 ) ;
#3602 = ORIENTED_EDGE ( 'NONE', *, *, #5385, .T. ) ;
#3603 = VECTOR ( 'NONE', #2067, 1000.000000000000100 ) ;
#3604 = CARTESIAN_POINT ( 'NONE',  ( -2.380158439298848600, -2.406906743079793000, 3.305061906340967000 ) ) ;
#3605 = DIRECTION ( 'NONE',  ( 3.285461128743965400E-016, 1.000000000000000000, -2.062312011738058800E-017 ) ) ;
#3606 = ORIENTED_EDGE ( 'NONE', *, *, #2105, .T. ) ;
#3607 = VECTOR ( 'NONE', #5310, 1000.000000000000000 ) ;
#3608 = EDGE_CURVE ( 'NONE', #7460, #3646, #6235, .T. ) ;
#3609 = DIRECTION ( 'NONE',  ( 0.0000000000000000000, -0.0000000000000000000, 1.000000000000000000 ) ) ;
#3610 = CARTESIAN_POINT ( 'NONE',  ( -13.67140971646411700, 2.484345597614054000, 3.541608534801088400 ) ) ;
#3611 = VECTOR ( 'NONE', #6810, 1000.000000000000000 ) ;
#3612 = CARTESIAN_POINT ( 'NONE',  ( -6.089999999999998100, -0.6200000000000000000, 4.174999999999999800 ) ) ;
#3613 = ORIENTED_EDGE ( 'NONE', *, *, #1078, .T. ) ;
#3614 = CARTESIAN_POINT ( 'NONE',  ( 6.089999999999999000, 1.576446968620943500, 4.174999999999999800 ) ) ;
#3615 = LINE ( 'NONE', #2818, #4046 ) ;
#3616 = ORIENTED_EDGE ( 'NONE', *, *, #2584, .F. ) ;
#3617 = FACE_OUTER_BOUND ( 'NONE', #635, .T. ) ;
#3618 = ORIENTED_EDGE ( 'NONE', *, *, #8988, .T. ) ;
#3619 = ORIENTED_EDGE ( 'NONE', *, *, #247, .T. ) ;
#3621 = DIRECTION ( 'NONE',  ( 0.0000000000000000000, 1.000000000000000000, 0.0000000000000000000 ) ) ;
#3620 = CARTESIAN_POINT ( 'NONE',  ( 0.8147429251030625700, 1.049999999999982700, -4.275000000000001200 ) ) ;
#3622 = DIRECTION ( 'NONE',  ( -0.0000000000000000000, -0.0000000000000000000, -1.000000000000000000 ) ) ;
#3623 = VECTOR ( 'NONE', #1809, 1000.000000000000000 ) ;
#3624 = EDGE_CURVE ( 'NONE', #3119, #8398, #5224, .T. ) ;
#3625 = VECTOR ( 'NONE', #3717, 1000.000000000000000 ) ;
#3626 = LINE ( 'NONE', #3694, #3723 ) ;
#3627 = CARTESIAN_POINT ( 'NONE',  ( -4.559493973142682700, -2.841613929174147600, 1.785203337036817700 ) ) ;
#3628 = VERTEX_POINT ( 'NONE', #1307 ) ;
#3629 = ORIENTED_EDGE ( 'NONE', *, *, #5463, .T. ) ;
#3630 = DIRECTION ( 'NONE',  ( -0.0000000000000000000, 1.000000000000000000, 0.0000000000000000000 ) ) ;
#3631 = APPROVAL_STATUS ( 'not_yet_approved' ) ;
#3632 = FACE_OUTER_BOUND ( 'NONE', #7938, .T. ) ;
#3633 = CARTESIAN_POINT ( 'NONE',  ( 2.367680041067741700, 2.406906743079793500, 3.066959884049310900 ) ) ;
#3634 = ADVANCED_FACE ( 'NONE', ( #7525 ), #1143, .F. ) ;
#3635 = ORIENTED_EDGE ( 'NONE', *, *, #5373, .F. ) ;
#3636 = DIRECTION ( 'NONE',  ( -0.3397178029957069700, 0.0000000000000000000, 0.9405274128529004200 ) ) ;
#3637 = VECTOR ( 'NONE', #8144, 1000.000000000000000 ) ;
#3638 = DIRECTION ( 'NONE',  ( -0.0000000000000000000, -1.000000000000000000, -0.0000000000000000000 ) ) ;
#3639 = LINE ( 'NONE', #531, #1786 ) ;
#3640 = CARTESIAN_POINT ( 'NONE',  ( 0.2664338688640217600, 2.779999999999999800, 4.638502621547047500 ) ) ;
#3641 = EDGE_CURVE ( 'NONE', #7696, #5997, #4557, .T. ) ;
#3642 = DIRECTION ( 'NONE',  ( 0.0000000000000000000, 0.0000000000000000000, -1.000000000000000000 ) ) ;
#3643 = DIRECTION ( 'NONE',  ( 1.000000000000000000, 0.0000000000000000000, 0.0000000000000000000 ) ) ;
#3644 = ADVANCED_FACE ( 'NONE', ( #2906 ), #562, .F. ) ;
#3645 = LINE ( 'NONE', #3900, #6131 ) ;
#3646 = VERTEX_POINT ( 'NONE', #2689 ) ;
#3647 = DIRECTION ( 'NONE',  ( -2.628368902995162400E-015, -1.000000000000000000, -1.821407751266292700E-015 ) ) ;
#3648 = VECTOR ( 'NONE', #3672, 1000.000000000000000 ) ;
#3649 = CARTESIAN_POINT ( 'NONE',  ( -4.430897119844612300, -2.814368043255621300, 4.238977472429032100 ) ) ;
#3650 = DIRECTION ( 'NONE',  ( -1.000000000000000000, 0.0000000000000000000, 0.0000000000000000000 ) ) ;
#3651 = LINE ( 'NONE', #807, #5792 ) ;
#3652 = EDGE_CURVE ( 'NONE', #6846, #5395, #7700, .T. ) ;
#3653 = ORIENTED_EDGE ( 'NONE', *, *, #1812, .F. ) ;
#3654 =( BOUNDED_CURVE ( )  B_SPLINE_CURVE ( 3, ( #7203, #7811, #5074, #848 ),
 .UNSPECIFIED., .F., .F. ) 
 B_SPLINE_CURVE_WITH_KNOTS ( ( 4, 4 ),
 ( 4.712388980384707400, 5.004023916276040000 ),
 .UNSPECIFIED. ) 
 CURVE ( )  GEOMETRIC_REPRESENTATION_ITEM ( )  RATIONAL_B_SPLINE_CURVE ( ( 1.000000000000000000, 0.9929249715568847500, 0.9929249715568847500, 1.000000000000000000 ) ) 
 REPRESENTATION_ITEM ( '' )  );
#3655 = EDGE_LOOP ( 'NONE', ( #3815, #3060, #5198, #1074, #7678, #6796, #833, #522, #2088, #2947 ) ) ;
#3656 = AXIS2_PLACEMENT_3D ( 'NONE', #7076, #6263, #2121 ) ;
#3657 = DIRECTION ( 'NONE',  ( 0.0000000000000000000, 0.0000000000000000000, -1.000000000000000000 ) ) ;
#3658 = CARTESIAN_POINT ( 'NONE',  ( -1.769999999999998900, -1.879999999999999700, 5.534999999999999300 ) ) ;
#3659 = ORIENTED_EDGE ( 'NONE', *, *, #8646, .T. ) ;
#3660 = CARTESIAN_POINT ( 'NONE',  ( -3.375257074896937000, -0.8999999999999998000, -9.124999999999998200 ) ) ;
#3661 = DIRECTION ( 'NONE',  ( 0.0000000000000000000, 1.000000000000000000, 0.0000000000000000000 ) ) ;
#3662 = DIRECTION ( 'NONE',  ( 1.000000000000000000, 2.628368902995162400E-015, -2.673649675311314200E-016 ) ) ;
#3663 = PLANE ( 'NONE',  #8028 ) ;
#3664 = CARTESIAN_POINT ( 'NONE',  ( -6.260000000000000700, 1.380000000000000100, 4.175000000000000700 ) ) ;
#3665 = CARTESIAN_POINT ( 'NONE',  ( 0.3664338688640217400, 2.779999999999999800, 4.738502621547048000 ) ) ;
#3666 = ORIENTED_EDGE ( 'NONE', *, *, #6938, .F. ) ;
#3667 = VERTEX_POINT ( 'NONE', #5469 ) ;
#3668 = EDGE_CURVE ( 'NONE', #1139, #1723, #7017, .T. ) ;
#3669 = ORIENTED_EDGE ( 'NONE', *, *, #7080, .F. ) ;
#3670 = ADVANCED_FACE ( 'NONE', ( #4499 ), #7543, .F. ) ;
#3671 = DIRECTION ( 'NONE',  ( -0.1522505623211008200, -2.963863613920993900E-017, 0.9883419278128944300 ) ) ;
#3672 = DIRECTION ( 'NONE',  ( -0.0000000000000000000, -1.000000000000000000, -0.0000000000000000000 ) ) ;
#3673 = EDGE_CURVE ( 'NONE', #8904, #5555, #4180, .T. ) ;
#3674 = VERTEX_POINT ( 'NONE', #6901 ) ;
#3675 = ORIENTED_EDGE ( 'NONE', *, *, #1806, .F. ) ;
#3676 = ORIENTED_EDGE ( 'NONE', *, *, #7455, .T. ) ;
#3677 = VECTOR ( 'NONE', #1146, 1000.000000000000000 ) ;
#3678 = EDGE_CURVE ( 'NONE', #5185, #840, #3651, .T. ) ;
#3679 = CARTESIAN_POINT ( 'NONE',  ( 4.589999999999999000, 1.050000000000000300, -5.775000000000000400 ) ) ;
#3680 = ADVANCED_FACE ( 'NONE', ( #4285 ), #6325, .T. ) ;
#3681 = APPLICATION_CONTEXT ( 'configuration controlled 3d designs of mechanical parts and assemblies' ) ;
#3682 = CARTESIAN_POINT ( 'NONE',  ( -4.435915153722492100, -2.516311570751015300, 4.143227682101551700 ) ) ;
#3683 = VERTEX_POINT ( 'NONE', #2840 ) ;
#3684 = DIRECTION ( 'NONE',  ( 0.0000000000000000000, -1.000000000000000000, 0.0000000000000000000 ) ) ;
#3685 = EDGE_CURVE ( 'NONE', #5703, #8981, #7645, .T. ) ;
#3686 = VERTEX_POINT ( 'NONE', #71 ) ;
#3687 = LINE ( 'NONE', #796, #4657 ) ;
#3688 = DIRECTION ( 'NONE',  ( -1.000000000000000000, 2.628368902995162800E-015, -2.673649675311314200E-016 ) ) ;
#3689 = CARTESIAN_POINT ( 'NONE',  ( -6.590000000000000700, 2.879999999999999900, -6.775000000000000400 ) ) ;
#3690 = PLANE ( 'NONE',  #8679 ) ;
#3691 = ORIENTED_EDGE ( 'NONE', *, *, #592, .T. ) ;
#3692 = ORIENTED_EDGE ( 'NONE', *, *, #1500, .T. ) ;
#3693 = DIRECTION ( 'NONE',  ( 2.628368902995162000E-015, -1.000000000000000000, -1.821407751266292700E-015 ) ) ;
#3694 = CARTESIAN_POINT ( 'NONE',  ( -6.709128150655201000, 1.379999999999999900, 4.019100492326974600 ) ) ;
#3695 = VERTEX_POINT ( 'NONE', #2899 ) ;
#3696 = LINE ( 'NONE', #7131, #5441 ) ;
#3697 = ORIENTED_EDGE ( 'NONE', *, *, #6505, .T. ) ;
#3698 = EDGE_CURVE ( 'NONE', #8542, #2178, #2326, .T. ) ;
#3699 = CARTESIAN_POINT ( 'NONE',  ( -6.464210014482588900, -0.4674829165390477200, -0.3300660712957967900 ) ) ;
#3700 = LINE ( 'NONE', #2824, #4233 ) ;
#3701 = B_SPLINE_CURVE_WITH_KNOTS ( 'NONE', 3,
 ( #7089, #5052, #4483, #1646, #2305, #198, #7838, #3741, #283, #8568 ),
 .UNSPECIFIED., .F., .F.,
 ( 4, 2, 2, 2, 4 ),
 ( 0.0000000000000000000, 0.2500000000000002200, 0.5000000000000001100, 0.7500000000000001100, 1.000000000000000000 ),
 .UNSPECIFIED. ) ;
#3702 = EDGE_CURVE ( 'NONE', #3572, #6593, #3865, .T. ) ;
#3703 = ORIENTED_EDGE ( 'NONE', *, *, #8316, .T. ) ;
#3704 = EDGE_LOOP ( 'NONE', ( #1836, #7971, #1070, #7396, #558 ) ) ;
#3705 = LINE ( 'NONE', #5502, #4559 ) ;
#3706 = VECTOR ( 'NONE', #5454, 1000.000000000000000 ) ;
#3707 = ORIENTED_EDGE ( 'NONE', *, *, #1137, .T. ) ;
#3708 = VECTOR ( 'NONE', #2813, 1000.000000000000100 ) ;
#3709 = CARTESIAN_POINT ( 'NONE',  ( 4.550148995534185800, -2.879999999999999900, 1.963516132128322800 ) ) ;
#3710 = CARTESIAN_POINT ( 'NONE',  ( -7.079320159114700100, 0.9532384635827528800, -9.865616364296931500 ) ) ;
#3711 = VERTEX_POINT ( 'NONE', #7655 ) ;
#3712 = VECTOR ( 'NONE', #5684, 1000.000000000000000 ) ;
#3713 = ORIENTED_EDGE ( 'NONE', *, *, #3904, .F. ) ;
#3714 = ADVANCED_FACE ( 'NONE', ( #1796 ), #8729, .F. ) ;
#3715 = AXIS2_PLACEMENT_3D ( 'NONE', #4410, #2269, #227 ) ;
#3716 = FACE_OUTER_BOUND ( 'NONE', #1559, .T. ) ;
#3717 = DIRECTION ( 'NONE',  ( -1.431289996680534200E-016, -0.0000000000000000000, -1.000000000000000000 ) ) ;
#3718 = DIRECTION ( 'NONE',  ( -0.04222409276774593400, 0.5908391699278818800, -0.8056836856166769100 ) ) ;
#3719 = VECTOR ( 'NONE', #8635, 1000.000000000000000 ) ;
#3720 = EDGE_CURVE ( 'NONE', #8305, #5434, #816, .T. ) ;
#3721 = ORIENTED_EDGE ( 'NONE', *, *, #4835, .T. ) ;
#3722 = DIRECTION ( 'NONE',  ( -0.04222409276774571200, -0.5908391699278814400, -0.8056836856166773600 ) ) ;
#3723 = VECTOR ( 'NONE', #7193, 1000.000000000000100 ) ;
#3724 = DIRECTION ( 'NONE',  ( -0.9883419278128943200, 3.278557802084007700E-016, 0.1522505623211014000 ) ) ;
#3725 = EDGE_LOOP ( 'NONE', ( #403, #298, #8123, #4788, #5466, #2256, #2667, #3666 ) ) ;
#3726 = ORIENTED_EDGE ( 'NONE', *, *, #3454, .T. ) ;
#3727 = DIRECTION ( 'NONE',  ( 1.000000000000000000, 0.0000000000000000000, 0.0000000000000000000 ) ) ;
#3728 = ADVANCED_FACE ( 'NONE', ( #3109 ), #5267, .T. ) ;
#3729 = LINE ( 'NONE', #5523, #5479 ) ;
#3730 = DESIGN_CONTEXT ( 'detailed design', #3681, 'design' ) ;
#3731 = LINE ( 'NONE', #2985, #5357 ) ;
#3732 = CARTESIAN_POINT ( 'NONE',  ( 6.539999999999999100, 0.6099088255744773400, -3.830697027045894200 ) ) ;
#3733 = LINE ( 'NONE', #1380, #6765 ) ;
#3734 = DIRECTION ( 'NONE',  ( 0.0000000000000000000, -1.000000000000000000, 0.0000000000000000000 ) ) ;
#3735 = VERTEX_POINT ( 'NONE', #7739 ) ;
#3736 = CARTESIAN_POINT ( 'NONE',  ( -3.164787358299299600, 1.049999999999947900, -4.275000000000001200 ) ) ;
#3737 = EDGE_CURVE ( 'NONE', #3745, #768, #159, .T. ) ;
#3738 = VECTOR ( 'NONE', #8520, 1000.000000000000000 ) ;
#3739 = FACE_OUTER_BOUND ( 'NONE', #2162, .T. ) ;
#3740 = ORIENTED_EDGE ( 'NONE', *, *, #5587, .T. ) ;
#3741 = CARTESIAN_POINT ( 'NONE',  ( -6.970609635237512900, 1.027711566973215100, -10.10182779350273400 ) ) ;
#3742 = DIRECTION ( 'NONE',  ( 1.000000000000000000, 2.124908078801903600E-016, -0.0000000000000000000 ) ) ;
#3743 = DIRECTION ( 'NONE',  ( -1.000000000000000000, 0.0000000000000000000, 1.431289996680534200E-016 ) ) ;
#3744 = VECTOR ( 'NONE', #5886, 1000.000000000000000 ) ;
#3745 = VERTEX_POINT ( 'NONE', #3520 ) ;
#3746 = VECTOR ( 'NONE', #6334, 1000.000000000000100 ) ;
#3747 = DIRECTION ( 'NONE',  ( 0.0000000000000000000, -1.000000000000000000, 0.0000000000000000000 ) ) ;
#3748 = CARTESIAN_POINT ( 'NONE',  ( -6.260000000000000700, 2.549999999999999800, 6.775000000000000400 ) ) ;
#3749 = VECTOR ( 'NONE', #1929, 1000.000000000000000 ) ;
#3750 = CARTESIAN_POINT ( 'NONE',  ( 1.024742925103062600, -0.9000000000000000200, -4.275000000000001200 ) ) ;
#3751 = VERTEX_POINT ( 'NONE', #716 ) ;
#3752 = EDGE_CURVE ( 'NONE', #1675, #3041, #3441, .T. ) ;
#3753 = AXIS2_PLACEMENT_3D ( 'NONE', #1520, #3724, #4314 ) ;
#3754 = AXIS2_PLACEMENT_3D ( 'NONE', #1200, #1908, #1337 ) ;
#3755 = LINE ( 'NONE', #7035, #8616 ) ;
#3756 = DIRECTION ( 'NONE',  ( -1.000000000000000000, -0.0000000000000000000, -0.0000000000000000000 ) ) ;
#3757 = CARTESIAN_POINT ( 'NONE',  ( 6.589999999999999000, 1.428971137077192900, -0.04990077168823354300 ) ) ;
#3758 = ADVANCED_FACE ( 'NONE', ( #8296 ), #4265, .F. ) ;
#3759 = PLANE ( 'NONE',  #7333 ) ;
#3760 = ORIENTED_EDGE ( 'NONE', *, *, #337, .T. ) ;
#3761 = DIRECTION ( 'NONE',  ( -0.05233595624294380700, -1.956469775142901800E-015, 0.9986295347545739400 ) ) ;
#3762 = LINE ( 'NONE', #1042, #5702 ) ;
#3763 = EDGE_CURVE ( 'NONE', #4241, #5927, #1265, .T. ) ;
#3764 = ORIENTED_EDGE ( 'NONE', *, *, #546, .T. ) ;
#3765 = CARTESIAN_POINT ( 'NONE',  ( 0.0000000000000000000, 2.779999999999999800, 3.914026416602995400 ) ) ;
#3766 = ADVANCED_FACE ( 'NONE', ( #2884 ), #1488, .T. ) ;
#3768 = DIRECTION ( 'NONE',  ( 1.000000000000000000, 0.0000000000000000000, -6.575096806820984800E-017 ) ) ;
#3767 = DIRECTION ( 'NONE',  ( 1.000000000000000000, 0.0000000000000000000, -0.0000000000000000000 ) ) ;
#3769 = ORIENTED_EDGE ( 'NONE', *, *, #8854, .F. ) ;
#3770 = DIRECTION ( 'NONE',  ( -2.124908078801903100E-016, 1.000000000000000000, 0.0000000000000000000 ) ) ;
#3771 = CARTESIAN_POINT ( 'NONE',  ( -2.380158439298848600, 2.406906743079793000, 3.305061906340967000 ) ) ;
#3772 = ORIENTED_EDGE ( 'NONE', *, *, #680, .T. ) ;
#3773 = ORIENTED_EDGE ( 'NONE', *, *, #3237, .F. ) ;
#3774 = ORIENTED_EDGE ( 'NONE', *, *, #3440, .T. ) ;
#3775 = ORIENTED_EDGE ( 'NONE', *, *, #3985, .T. ) ;
#3776 = CARTESIAN_POINT ( 'NONE',  ( -13.67140971646411900, 2.806906743079764100, 3.066959884049314000 ) ) ;
#3777 = CARTESIAN_POINT ( 'NONE',  ( 1.424742925103062800, -0.8999999999999998000, -9.124999999999998200 ) ) ;
#3778 =( BOUNDED_CURVE ( )  B_SPLINE_CURVE ( 3, ( #4395, #5817, #8549, #1688 ),
 .UNSPECIFIED., .F., .F. ) 
 B_SPLINE_CURVE_WITH_KNOTS ( ( 4, 4 ),
 ( 4.712388980384639900, 5.345141420928253100 ),
 .UNSPECIFIED. ) 
 CURVE ( )  GEOMETRIC_REPRESENTATION_ITEM ( )  RATIONAL_B_SPLINE_CURVE ( ( 1.000000000000000000, 0.9669127352965449800, 0.9669127352965449800, 1.000000000000000000 ) ) 
 REPRESENTATION_ITEM ( '' )  );
#3779 = CARTESIAN_POINT ( 'NONE',  ( -4.860813622008678600, 2.879999999999999900, -0.5250000000000006900 ) ) ;
#3780 = CARTESIAN_POINT ( 'NONE',  ( -1.999186377991321500, 2.879999999999999900, -0.5250000000000004700 ) ) ;
#3781 = EDGE_CURVE ( 'NONE', #7251, #3686, #1591, .T. ) ;
#3782 = VERTEX_POINT ( 'NONE', #6959 ) ;
#3783 = ORIENTED_EDGE ( 'NONE', *, *, #5827, .T. ) ;
#3784 = FACE_OUTER_BOUND ( 'NONE', #8677, .T. ) ;
#3785 = CARTESIAN_POINT ( 'NONE',  ( -13.67140971646411900, -2.613887054990789300, 2.095737635784124600 ) ) ;
#3786 = CARTESIAN_POINT ( 'NONE',  ( 4.124742925103063000, -0.8999999999999998000, -4.275000000000001200 ) ) ;
#3787 = ORIENTED_EDGE ( 'NONE', *, *, #5692, .T. ) ;
#3788 = CALENDAR_DATE ( 2023, 11, 7 ) ;
#3789 = ORIENTED_EDGE ( 'NONE', *, *, #2295, .T. ) ;
#3790 = ORIENTED_EDGE ( 'NONE', *, *, #3153, .F. ) ;
#3791 = EDGE_LOOP ( 'NONE', ( #3920, #8872, #5101, #4449 ) ) ;
#3792 = LINE ( 'NONE', #6163, #1309 ) ;
#3793 = DIRECTION ( 'NONE',  ( -5.256737805990317700E-015, 1.000000000000000000, 0.0000000000000000000 ) ) ;
#3795 = DIRECTION ( 'NONE',  ( 1.000000000000000000, 0.0000000000000000000, -0.0000000000000000000 ) ) ;
#3794 = CARTESIAN_POINT ( 'NONE',  ( -4.590000000000000700, 1.050000000000001400, -5.775000000000000400 ) ) ;
#3796 = ORIENTED_EDGE ( 'NONE', *, *, #8854, .T. ) ;
#3797 = ORIENTED_EDGE ( 'NONE', *, *, #2260, .F. ) ;
#3798 = DIRECTION ( 'NONE',  ( 2.168404344971009500E-014, 0.0000000000000000000, -1.000000000000000000 ) ) ;
#3799 = CLOSED_SHELL ( 'NONE', ( #7743, #6357, #375, #3860, #5748, #166, #5124, #4470, #2165, #7303, #2216, #3318, #7536, #3032, #1856, #567, #5756, #2799, #7831, #8523, #8338, #1671, #3040, #120, #1315, #3130, #7250, #5896, #3952, #7658, #6669, #7290, #8531, #1106, #8490, #25, #4824, #8704, #2342, #4414, #2524, #6769, #7163, #6753, #6854, #2993, #2125, #659, #1807, #6294, #5930, #498, #7197, #1056, #7078, #2306, #8663, #7782, #8424, #5882, #2224, #108, #7110 ) ) ;
#3800 = EDGE_CURVE ( 'NONE', #6691, #16, #7962, .T. ) ;
#3801 = CARTESIAN_POINT ( 'NONE',  ( -13.67140971646411700, -2.218232652604843000, 2.635262287109598800 ) ) ;
#3802 = CARTESIAN_POINT ( 'NONE',  ( -2.331777463049723200, -2.813259355862363500, 2.381897885445651800 ) ) ;
#3803 = ORIENTED_EDGE ( 'NONE', *, *, #23, .F. ) ;
#3804 = VECTOR ( 'NONE', #7508, 1000.000000000000000 ) ;
#3805 = CARTESIAN_POINT ( 'NONE',  ( -2.388365252430826800, 2.076906743079793400, 3.461657229482880000 ) ) ;
#3806 = ORIENTED_EDGE ( 'NONE', *, *, #827, .F. ) ;
#3807 = DIRECTION ( 'NONE',  ( 0.0000000000000000000, 0.0000000000000000000, 1.000000000000000000 ) ) ;
#3808 =( BOUNDED_CURVE ( )  B_SPLINE_CURVE ( 3, ( #5000, #883, #3568, #8401 ),
 .UNSPECIFIED., .F., .F. ) 
 B_SPLINE_CURVE_WITH_KNOTS ( ( 4, 4 ),
 ( 1.279161390903558800, 1.570796326794898600 ),
 .UNSPECIFIED. ) 
 CURVE ( )  GEOMETRIC_REPRESENTATION_ITEM ( )  RATIONAL_B_SPLINE_CURVE ( ( 1.000000000000000000, 0.9929249715568844200, 0.9929249715568844200, 1.000000000000000000 ) ) 
 REPRESENTATION_ITEM ( '' )  );
#3809 = VERTEX_POINT ( 'NONE', #5796 ) ;
#3810 = CARTESIAN_POINT ( 'NONE',  ( -5.360059963454983000, -1.430930462220299600, 6.774999999999999500 ) ) ;
#3811 = ADVANCED_FACE ( 'NONE', ( #6562 ), #5598, .T. ) ;
#3812 = LINE ( 'NONE', #3627, #3161 ) ;
#3813 = EDGE_LOOP ( 'NONE', ( #3902, #4851, #3676, #7075, #7118, #5196, #7919, #3351, #5530, #5037, #6377, #6525 ) ) ;
#3814 = LINE ( 'NONE', #5161, #1981 ) ;
#3815 = ORIENTED_EDGE ( 'NONE', *, *, #6625, .T. ) ;
#3816 = EDGE_CURVE ( 'NONE', #7001, #6962, #2996, .T. ) ;
#3817 = CARTESIAN_POINT ( 'NONE',  ( -0.1000000000000000100, 2.779999999999999800, 4.638502621547047500 ) ) ;
#3818 = AXIS2_PLACEMENT_3D ( 'NONE', #2420, #4577, #3832 ) ;
#3819 = EDGE_CURVE ( 'NONE', #125, #3274, #4616, .T. ) ;
#3820 = CARTESIAN_POINT ( 'NONE',  ( -6.589999999999971400, 2.879999999999999900, 1.963516132128359600 ) ) ;
#3821 = PLANE ( 'NONE',  #4997 ) ;
#3822 = VECTOR ( 'NONE', #388, 1000.000000000000000 ) ;
#3823 = EDGE_LOOP ( 'NONE', ( #5120, #6246, #3971, #7705 ) ) ;
#3824 = AXIS2_PLACEMENT_3D ( 'NONE', #1977, #8902, #4759 ) ;
#3825 = DIRECTION ( 'NONE',  ( -1.000000000000000000, 0.0000000000000000000, -0.0000000000000000000 ) ) ;
#3826 = VECTOR ( 'NONE', #8883, 1000.000000000000000 ) ;
#3827 = ORIENTED_EDGE ( 'NONE', *, *, #6505, .F. ) ;
#3828 = LINE ( 'NONE', #6400, #1990 ) ;
#3829 = ORIENTED_EDGE ( 'NONE', *, *, #2278, .F. ) ;
#3830 = ORIENTED_EDGE ( 'NONE', *, *, #1911, .F. ) ;
#3831 = VECTOR ( 'NONE', #8721, 1000.000000000000000 ) ;
#3832 = DIRECTION ( 'NONE',  ( -0.1522505623211013700, 0.0000000000000000000, -0.9883419278128942100 ) ) ;
#3834 = CARTESIAN_POINT ( 'NONE',  ( -6.259999999999999800, -0.6199999999999998800, 4.175000000000000700 ) ) ;
#3833 = DIRECTION ( 'NONE',  ( -0.0000000000000000000, -0.0000000000000000000, -1.000000000000000000 ) ) ;
#3835 = CARTESIAN_POINT ( 'NONE',  ( 1.999186377991321500, 2.549999999999999800, -0.5250000000000004700 ) ) ;
#3836 = VECTOR ( 'NONE', #4524, 999.9999999999998900 ) ;
#3837 = EDGE_LOOP ( 'NONE', ( #4636, #76, #2714, #154, #255, #5733, #8225, #5407, #5761, #8094, #6832, #3613 ) ) ;
#3838 = DIRECTION ( 'NONE',  ( 0.0000000000000000000, 0.0000000000000000000, -1.000000000000000000 ) ) ;
#3839 = ORIENTED_EDGE ( 'NONE', *, *, #2309, .F. ) ;
#3840 = FACE_OUTER_BOUND ( 'NONE', #2545, .T. ) ;
#3841 = EDGE_CURVE ( 'NONE', #1221, #2621, #3213, .T. ) ;
#3842 = CARTESIAN_POINT ( 'NONE',  ( -2.351673726301490400, -2.125627413300268800, 2.761541204127666600 ) ) ;
#3843 = LINE ( 'NONE', #4248, #2113 ) ;
#3844 = CARTESIAN_POINT ( 'NONE',  ( 0.0000000000000000000, 2.879999999999999900, 3.914026416602995400 ) ) ;
#3845 = ORIENTED_EDGE ( 'NONE', *, *, #6941, .T. ) ;
#3846 = EDGE_CURVE ( 'NONE', #3992, #8782, #1376, .T. ) ;
#3847 = VECTOR ( 'NONE', #4684, 1000.000000000000000 ) ;
#3848 = CARTESIAN_POINT ( 'NONE',  ( -4.492319958932258200, -2.406906743079788100, 3.066959884049311300 ) ) ;
#3849 = VECTOR ( 'NONE', #3910, 1000.000000000000000 ) ;
#3850 = DIRECTION ( 'NONE',  ( 1.000000000000000000, 2.628368902995162400E-015, -2.673649675311314200E-016 ) ) ;
#3851 = CARTESIAN_POINT ( 'NONE',  ( 3.924742925103062800, -0.8999999999999998000, -9.124999999999998200 ) ) ;
#3852 = EDGE_CURVE ( 'NONE', #3562, #1144, #4085, .T. ) ;
#3853 = CARTESIAN_POINT ( 'NONE',  ( 6.614369610058644400, 1.385524343809803500, 4.195648269222937500 ) ) ;
#3854 = CARTESIAN_POINT ( 'NONE',  ( -2.392555322793331800, -2.484345597614083800, 3.541608534801085300 ) ) ;
#3855 = VECTOR ( 'NONE', #6613, 1000.000000000000000 ) ;
#3856 = ORIENTED_EDGE ( 'NONE', *, *, #5704, .T. ) ;
#3857 = LINE ( 'NONE', #3554, #1588 ) ;
#3858 = EDGE_CURVE ( 'NONE', #3539, #5361, #1025, .T. ) ;
#3859 = DIRECTION ( 'NONE',  ( -1.000000000000000000, 0.0000000000000000000, 0.0000000000000000000 ) ) ;
#3860 = ADVANCED_FACE ( 'NONE', ( #6674 ), #243, .T. ) ;
#3861 = CARTESIAN_POINT ( 'NONE',  ( -5.089999999999999900, -1.879999999999999700, -7.285266083103919200E-016 ) ) ;
#3863 = CARTESIAN_POINT ( 'NONE',  ( -6.260000000000000700, -2.549999999999999800, -6.775000000000000400 ) ) ;
#3862 = CARTESIAN_POINT ( 'NONE',  ( -6.590000000000000700, -2.879999999999999900, -6.775000000000000400 ) ) ;
#3864 = CARTESIAN_POINT ( 'NONE',  ( 0.0000000000000000000, 2.779999999999999800, -4.926190669741541400 ) ) ;
#3865 = LINE ( 'NONE', #5006, #7099 ) ;
#3866 = ORIENTED_EDGE ( 'NONE', *, *, #2352, .T. ) ;
#3867 = VECTOR ( 'NONE', #7325, 1000.000000000000000 ) ;
#3868 = DIRECTION ( 'NONE',  ( 0.05233595624294380700, 0.0000000000000000000, -0.9986295347545739400 ) ) ;
#3869 = ORIENTED_EDGE ( 'NONE', *, *, #6852, .T. ) ;
#3870 = CARTESIAN_POINT ( 'NONE',  ( -2.380158439298849500, 2.076906743079793400, 3.305061906340967000 ) ) ;
#3871 = DIRECTION ( 'NONE',  ( -2.124908078801903100E-016, 1.000000000000000000, 0.0000000000000000000 ) ) ;
#3872 = EDGE_CURVE ( 'NONE', #1615, #1185, #8514, .T. ) ;
#3873 = EDGE_CURVE ( 'NONE', #3035, #3735, #6454, .T. ) ;
#3874 = ORIENTED_EDGE ( 'NONE', *, *, #3720, .T. ) ;
#3875 = CARTESIAN_POINT ( 'NONE',  ( 4.124742925103063000, -0.8999999999999998000, -4.275000000000001200 ) ) ;
#3876 = CARTESIAN_POINT ( 'NONE',  ( -6.260000000000000700, 1.380000000000000100, -6.775000000000000400 ) ) ;
#3877 = CARTESIAN_POINT ( 'NONE',  ( -5.803248313036694300, 1.270598399577802700, 0.9045998214170120100 ) ) ;
#3878 = CARTESIAN_POINT ( 'NONE',  ( -3.575257074896936800, -1.149999999999999700, -9.124999999999998200 ) ) ;
#3879 = CARTESIAN_POINT ( 'NONE',  ( -4.441028868163967600, -2.814368043255621300, 4.045652197861753200 ) ) ;
#3880 = VERTEX_POINT ( 'NONE', #4345 ) ;
#3881 = ORIENTED_EDGE ( 'NONE', *, *, #2158, .T. ) ;
#3882 = EDGE_CURVE ( 'NONE', #6691, #4438, #8067, .T. ) ;
#3883 = VERTEX_POINT ( 'NONE', #3664 ) ;
#3884 = AXIS2_PLACEMENT_3D ( 'NONE', #8393, #3630, #6340 ) ;
#3885 = DIRECTION ( 'NONE',  ( -1.000000000000000000, 0.0000000000000000000, -0.0000000000000000000 ) ) ;
#3886 = CARTESIAN_POINT ( 'NONE',  ( 4.514944271309695400, -2.218232652604867500, 2.635262287109596500 ) ) ;
#3887 = CARTESIAN_POINT ( 'NONE',  ( 1.835212641700700000, -1.150000000000017200, -4.275000000000001200 ) ) ;
#3888 = ORIENTED_EDGE ( 'NONE', *, *, #4130, .F. ) ;
#3889 = ORIENTED_EDGE ( 'NONE', *, *, #153, .T. ) ;
#3890 = ORIENTED_EDGE ( 'NONE', *, *, #1603, .T. ) ;
#3891 = EDGE_CURVE ( 'NONE', #979, #8171, #7849, .T. ) ;
#3892 = CARTESIAN_POINT ( 'NONE',  ( -2.413857417394556400, -2.782424515760231200, 3.948076713621953000 ) ) ;
#3893 = ADVANCED_FACE ( 'NONE', ( #4383 ), #2544, .T. ) ;
#3894 = FACE_OUTER_BOUND ( 'NONE', #5569, .T. ) ;
#3895 = UNCERTAINTY_MEASURE_WITH_UNIT (LENGTH_MEASURE( 1.000000000000000100E-005 ), #6429, 'distance_accuracy_value', 'NONE');
#3896 = CARTESIAN_POINT ( 'NONE',  ( -6.259999999999999800, -0.7164469686209430400, 4.174999999999999800 ) ) ;
#3897 = CARTESIAN_POINT ( 'NONE',  ( -2.367680041067741700, -2.076906743079793800, 3.066959884049310900 ) ) ;
#3898 = DIRECTION ( 'NONE',  ( 1.000000000000000000, -2.628368902995162800E-015, 2.673649675311313200E-016 ) ) ;
#3899 = ORIENTED_EDGE ( 'NONE', *, *, #4134, .F. ) ;
#3900 = CARTESIAN_POINT ( 'NONE',  ( 4.461414476889840100, 2.159501087769423000, 3.656671611300820900 ) ) ;
#3901 = ADVANCED_FACE ( 'NONE', ( #707 ), #7749, .F. ) ;
#3902 = ORIENTED_EDGE ( 'NONE', *, *, #7635, .T. ) ;
#3903 = VECTOR ( 'NONE', #2551, 1000.000000000000000 ) ;
#3904 = EDGE_CURVE ( 'NONE', #4241, #3588, #6139, .T. ) ;
#3905 = CARTESIAN_POINT ( 'NONE',  ( 6.089999999999998100, -0.6698967979784596900, -0.02339331166546568600 ) ) ;
#3906 = PLANE ( 'NONE',  #2339 ) ;
#3907 = CARTESIAN_POINT ( 'NONE',  ( -2.351673726301490400, 2.125627413300268800, 2.761541204127666600 ) ) ;
#3908 = ORIENTED_EDGE ( 'NONE', *, *, #337, .F. ) ;
#3909 = ORIENTED_EDGE ( 'NONE', *, *, #6913, .T. ) ;
#3910 = DIRECTION ( 'NONE',  ( -1.000000000000000000, -0.0000000000000000000, -0.0000000000000000000 ) ) ;
#3911 = EDGE_LOOP ( 'NONE', ( #6052, #6973, #34, #6166 ) ) ;
#3912 = FACE_OUTER_BOUND ( 'NONE', #57, .T. ) ;
#3913 = DIRECTION ( 'NONE',  ( -1.000000000000000000, 2.628368902995162800E-015, -2.673649675311314200E-016 ) ) ;
#3914 = ORIENTED_EDGE ( 'NONE', *, *, #4431, .F. ) ;
#3915 = LINE ( 'NONE', #5682, #5209 ) ;
#3916 = ORIENTED_EDGE ( 'NONE', *, *, #7120, .F. ) ;
#3917 = CARTESIAN_POINT ( 'NONE',  ( 6.811409716464076800, 2.484345597614072300, 3.541608534801086600 ) ) ;
#3918 = DIRECTION ( 'NONE',  ( 3.401418580346680800E-016, -1.000000000000000000, 0.0000000000000000000 ) ) ;
#3919 = DIRECTION ( 'NONE',  ( 0.0000000000000000000, 0.0000000000000000000, 1.000000000000000000 ) ) ;
#3920 = ORIENTED_EDGE ( 'NONE', *, *, #4610, .F. ) ;
#3921 = LINE ( 'NONE', #3321, #309 ) ;
#3922 = EDGE_CURVE ( 'NONE', #3343, #5203, #913, .T. ) ;
#3923 = AXIS2_PLACEMENT_3D ( 'NONE', #2848, #5631, #6332 ) ;
#3924 = VECTOR ( 'NONE', #4109, 1000.000000000000000 ) ;
#3925 = AXIS2_PLACEMENT_3D ( 'NONE', #1343, #4034, #2180 ) ;
#3926 =( BOUNDED_CURVE ( )  B_SPLINE_CURVE ( 3, ( #5344, #3200, #5963, #6027 ),
 .UNSPECIFIED., .F., .F. ) 
 B_SPLINE_CURVE_WITH_KNOTS ( ( 4, 4 ),
 ( 4.712388980384668400, 5.004023916276008100 ),
 .UNSPECIFIED. ) 
 CURVE ( )  GEOMETRIC_REPRESENTATION_ITEM ( )  RATIONAL_B_SPLINE_CURVE ( ( 1.000000000000000000, 0.9929249715568844200, 0.9929249715568844200, 1.000000000000000000 ) ) 
 REPRESENTATION_ITEM ( '' )  );
#3927 = ORIENTED_EDGE ( 'NONE', *, *, #3479, .T. ) ;
#3928 = PLANE ( 'NONE',  #4416 ) ;
#3929 = LINE ( 'NONE', #4838, #5119 ) ;
#3930 = ORIENTED_EDGE ( 'NONE', *, *, #3941, .F. ) ;
#3931 = VECTOR ( 'NONE', #2389, 1000.000000000000000 ) ;
#3932 = DIRECTION ( 'NONE',  ( 1.000000000000000000, 0.0000000000000000000, 0.0000000000000000000 ) ) ;
#3933 = EDGE_LOOP ( 'NONE', ( #1949, #7324, #8160, #2597 ) ) ;
#3934 = CARTESIAN_POINT ( 'NONE',  ( 6.540000000000000000, 0.3033637248085074300, -3.371594611156200700 ) ) ;
#3935 = VECTOR ( 'NONE', #8065, 1000.000000000000000 ) ;
#3936 = VECTOR ( 'NONE', #1291, 1000.000000000000100 ) ;
#3937 = DIRECTION ( 'NONE',  ( -4.336808689942015400E-015, 1.000000000000000000, 0.0000000000000000000 ) ) ;
#3938 = VERTEX_POINT ( 'NONE', #162 ) ;
#3939 = CARTESIAN_POINT ( 'NONE',  ( 2.367680041067742100, 2.076906743079793400, 3.066959884049310400 ) ) ;
#3940 = AXIS2_PLACEMENT_3D ( 'NONE', #5512, #6919, #6893 ) ;
#3941 = EDGE_CURVE ( 'NONE', #8205, #4742, #7954, .T. ) ;
#3942 = LINE ( 'NONE', #6384, #5237 ) ;
#3943 = CARTESIAN_POINT ( 'NONE',  ( -6.143516044474752700, -0.4647079802963994800, -0.4095298483842152400 ) ) ;
#3944 = EDGE_LOOP ( 'NONE', ( #3026, #1104, #3464, #8002, #8021 ) ) ;
#3945 = CARTESIAN_POINT ( 'NONE',  ( -6.136752553425243000, -0.5172533938881674900, 1.095173924085157700 ) ) ;
#3946 = ORIENTED_EDGE ( 'NONE', *, *, #5189, .T. ) ;
#3947 = VECTOR ( 'NONE', #2296, 1000.000000000000000 ) ;
#3948 = CIRCLE ( 'NONE', #2962, 0.1000000000000002600 ) ;
#3949 = FACE_OUTER_BOUND ( 'NONE', #8867, .T. ) ;
#3950 = EDGE_LOOP ( 'NONE', ( #6196, #1192, #8820, #5107 ) ) ;
#3951 = PLANE ( 'NONE',  #4453 ) ;
#3952 = ADVANCED_FACE ( 'NONE', ( #365 ), #5915, .F. ) ;
#3953 = CARTESIAN_POINT ( 'NONE',  ( 6.133248313036694400, -0.5156552721425768900, 1.049409705001406000 ) ) ;
#3954 = CARTESIAN_POINT ( 'NONE',  ( 6.259999999999998900, -2.549999999999999800, -6.775000000000000400 ) ) ;
#3955 = CYLINDRICAL_SURFACE ( 'NONE', #4482, 0.1999999999999994300 ) ;
#3956 = CARTESIAN_POINT ( 'NONE',  ( 6.541225487300680500, 1.040831559297856300, -10.64300508876890000 ) ) ;
#3957 = LINE ( 'NONE', #6770, #7299 ) ;
#3958 = CARTESIAN_POINT ( 'NONE',  ( 6.589999999999999900, 2.879999999999999900, -6.775000000000000400 ) ) ;
#3959 = EDGE_CURVE ( 'NONE', #6094, #2968, #5154, .T. ) ;
#3960 = LINE ( 'NONE', #8636, #1900 ) ;
#3961 = CARTESIAN_POINT ( 'NONE',  ( 6.263847163821743900, -0.6200000000000001100, 4.087694446229456900 ) ) ;
#3962 = CARTESIAN_POINT ( 'NONE',  ( 6.589999999999999000, 1.476446968620943200, 4.174999999999999800 ) ) ;
#3963 = VERTEX_POINT ( 'NONE', #5977 ) ;
#3964 = CARTESIAN_POINT ( 'NONE',  ( -6.590000000000000700, -2.879999999999999900, -6.775000000000000400 ) ) ;
#3965 = CIRCLE ( 'NONE', #2034, 0.1999999999999994300 ) ;
#3966 = CARTESIAN_POINT ( 'NONE',  ( 6.539999999999999100, 0.1500911744255224700, -3.830697027045894200 ) ) ;
#3967 = FACE_OUTER_BOUND ( 'NONE', #5904, .T. ) ;
#3968 = EDGE_LOOP ( 'NONE', ( #5839, #6870, #8873, #7246, #5694 ) ) ;
#3969 = DIRECTION ( 'NONE',  ( -1.000000000000000000, -0.0000000000000000000, -0.0000000000000000000 ) ) ;
#3970 = LINE ( 'NONE', #1513, #6241 ) ;
#3971 = ORIENTED_EDGE ( 'NONE', *, *, #7004, .T. ) ;
#3972 = CARTESIAN_POINT ( 'NONE',  ( -2.200902539776424100, 1.879999999999999700, -0.1153444145280875900 ) ) ;
#3973 = ORIENTED_EDGE ( 'NONE', *, *, #3598, .F. ) ;
#3974 = EDGE_CURVE ( 'NONE', #5584, #923, #2227, .T. ) ;
#3975 = CARTESIAN_POINT ( 'NONE',  ( -13.67140971646411500, -2.076906743079763600, 3.305061906340970100 ) ) ;
#3976 = CARTESIAN_POINT ( 'NONE',  ( 3.524742925103062900, -0.9000000000000000200, -4.275000000000001200 ) ) ;
#3977 = LINE ( 'NONE', #8844, #2135 ) ;
#3978 = CARTESIAN_POINT ( 'NONE',  ( 1.624742925103062500, -1.149999999999999700, -9.124999999999998200 ) ) ;
#3979 = DIRECTION ( 'NONE',  ( 0.0000000000000000000, 0.0000000000000000000, 1.000000000000000000 ) ) ;
#3980 = CARTESIAN_POINT ( 'NONE',  ( 6.263847163821742100, -5.263181610785594000, 4.087694446229456900 ) ) ;
#3981 = ORIENTED_EDGE ( 'NONE', *, *, #6806, .F. ) ;
#3982 = CARTESIAN_POINT ( 'NONE',  ( 4.457217248323717100, 2.218232652604868300, 3.736759503280683500 ) ) ;
#3983 = ORIENTED_EDGE ( 'NONE', *, *, #503, .F. ) ;
#3984 = CARTESIAN_POINT ( 'NONE',  ( 4.124742925103063000, -1.149999999999999700, -5.775000000000000400 ) ) ;
#3985 = EDGE_CURVE ( 'NONE', #3333, #8660, #6872, .T. ) ;
#3986 = CARTESIAN_POINT ( 'NONE',  ( 6.362222222222222900, 0.4566362751914924100, -3.677662888415998300 ) ) ;
#3987 = EDGE_CURVE ( 'NONE', #4218, #5361, #6553, .T. ) ;
#3988 = CARTESIAN_POINT ( 'NONE',  ( -5.360059963454983000, -1.430930462220299600, -4.275000000000001200 ) ) ;
#3989 = ADVANCED_FACE ( 'NONE', ( #3967 ), #8645, .F. ) ;
#3990 = ORIENTED_EDGE ( 'NONE', *, *, #118, .T. ) ;
#3991 = ORIENTED_EDGE ( 'NONE', *, *, #7096, .T. ) ;
#3992 = VERTEX_POINT ( 'NONE', #6650 ) ;
#3993 = CARTESIAN_POINT ( 'NONE',  ( 7.634279561791506900, 2.237177902196740800, -8.264421118003923500 ) ) ;
#3994 = CARTESIAN_POINT ( 'NONE',  ( 0.0000000000000000000, 2.779999999999999800, 4.738502621547048000 ) ) ;
#3995 = FACE_OUTER_BOUND ( 'NONE', #430, .T. ) ;
#3996 = EDGE_LOOP ( 'NONE', ( #1846, #3294, #4247, #3267 ) ) ;
#3998 = CARTESIAN_POINT ( 'NONE',  ( -6.146006049948739200, 1.264498714545265500, 0.7299276958792686500 ) ) ;
#3997 = CARTESIAN_POINT ( 'NONE',  ( 1.950000000000001300, 2.549999999999999800, -0.7050000000000005200 ) ) ;
#3999 = CARTESIAN_POINT ( 'NONE',  ( 6.371725516837170000, 2.404999999999999800, -6.775000000000000400 ) ) ;
#4000 = DIRECTION ( 'NONE',  ( -0.0000000000000000000, -0.0000000000000000000, 1.000000000000000000 ) ) ;
#4001 = ORIENTED_EDGE ( 'NONE', *, *, #5127, .F. ) ;
#4002 = LINE ( 'NONE', #1311, #4752 ) ;
#4003 = AXIS2_PLACEMENT_3D ( 'NONE', #1535, #2246, #2859 ) ;
#4004 = CARTESIAN_POINT ( 'NONE',  ( -2.418971131836033600, 2.814368043255626200, 4.045652197861752300 ) ) ;
#4005 = ORIENTED_EDGE ( 'NONE', *, *, #4496, .T. ) ;
#4006 = PERSON_AND_ORGANIZATION ( #2266, #3475 ) ;
#4008 = PLANE ( 'NONE',  #4083 ) ;
#4007 = CARTESIAN_POINT ( 'NONE',  ( 0.3664338688640217400, 2.879999999999999900, 3.914026416602995400 ) ) ;
#4009 = EDGE_CURVE ( 'NONE', #1872, #5465, #5491, .T. ) ;
#4010 = CARTESIAN_POINT ( 'NONE',  ( -4.681060305752854600, -2.879999999999999900, -0.5344204721237294500 ) ) ;
#4011 = ORIENTED_EDGE ( 'NONE', *, *, #7646, .F. ) ;
#4012 = ORIENTED_EDGE ( 'NONE', *, *, #5903, .F. ) ;
#4013 = CARTESIAN_POINT ( 'NONE',  ( 6.854841906614595400, 2.067001037576755800, -9.774740791506292900 ) ) ;
#4014 = PLANE ( 'NONE',  #237 ) ;
#4015 = EDGE_CURVE ( 'NONE', #5976, #5847, #3538, .T. ) ;
#4016 = ORIENTED_EDGE ( 'NONE', *, *, #8565, .F. ) ;
#4017 = LINE ( 'NONE', #543, #4779 ) ;
#4018 = ORIENTED_EDGE ( 'NONE', *, *, #23, .T. ) ;
#4019 = CARTESIAN_POINT ( 'NONE',  ( 0.0000000000000000000, 0.0000000000000000000, -4.275000000000001200 ) ) ;
#4020 = DIRECTION ( 'NONE',  ( 0.0000000000000000000, 0.0000000000000000000, -1.000000000000000000 ) ) ;
#4021 = EDGE_LOOP ( 'NONE', ( #4442, #6677, #7380, #382 ) ) ;
#4022 = CARTESIAN_POINT ( 'NONE',  ( 6.540000000000000000, 0.3033637248085074300, -3.830697027045894200 ) ) ;
#4023 = VERTEX_POINT ( 'NONE', #2402 ) ;
#4024 = EDGE_CURVE ( 'NONE', #7429, #6184, #6758, .T. ) ;
#4025 = VERTEX_POINT ( 'NONE', #3844 ) ;
#4026 = CARTESIAN_POINT ( 'NONE',  ( -4.185257074896937500, 0.0000000000000000000, -4.275000000000001200 ) ) ;
#4027 = ORIENTED_EDGE ( 'NONE', *, *, #1802, .F. ) ;
#4028 = FACE_OUTER_BOUND ( 'NONE', #8219, .T. ) ;
#4029 = CARTESIAN_POINT ( 'NONE',  ( 4.860813622008678600, -1.879999999999999700, -0.5250000000000006900 ) ) ;
#4030 = ORIENTED_EDGE ( 'NONE', *, *, #6191, .T. ) ;
#4031 = EDGE_CURVE ( 'NONE', #1630, #4643, #4078, .T. ) ;
#4032 = DIRECTION ( 'NONE',  ( 0.0000000000000000000, -0.0000000000000000000, -1.000000000000000000 ) ) ;
#4033 = VECTOR ( 'NONE', #1469, 1000.000000000000000 ) ;
#4034 = DIRECTION ( 'NONE',  ( -2.124908078801903100E-016, 1.000000000000000000, 0.0000000000000000000 ) ) ;
#4035 = ORIENTED_EDGE ( 'NONE', *, *, #2665, .F. ) ;
#4036 = VECTOR ( 'NONE', #5079, 1000.000000000000000 ) ;
#4037 = ORIENTED_EDGE ( 'NONE', *, *, #6106, .T. ) ;
#4038 = DIRECTION ( 'NONE',  ( -1.000000000000000000, 0.0000000000000000000, 0.0000000000000000000 ) ) ;
#4039 = ADVANCED_FACE ( 'NONE', ( #7538 ), #7284, .F. ) ;
#4040 = CYLINDRICAL_SURFACE ( 'NONE', #606, 0.1799999999999999900 ) ;
#4041 = DIRECTION ( 'NONE',  ( 0.0000000000000000000, -1.000000000000000000, 0.0000000000000000000 ) ) ;
#4043 = PLANE ( 'NONE',  #7946 ) ;
#4042 = CARTESIAN_POINT ( 'NONE',  ( 1.224742925103062800, -1.149999999999999700, -9.324999999999995700 ) ) ;
#4044 = ORIENTED_EDGE ( 'NONE', *, *, #3067, .T. ) ;
#4045 = DIRECTION ( 'NONE',  ( 0.0000000000000000000, -1.000000000000000000, 0.0000000000000000000 ) ) ;
#4046 = VECTOR ( 'NONE', #2, 1000.000000000000000 ) ;
#4047 = VERTEX_POINT ( 'NONE', #359 ) ;
#4048 = VECTOR ( 'NONE', #8891, 1000.000000000000100 ) ;
#4049 = EDGE_LOOP ( 'NONE', ( #3889, #4644, #7227, #7217, #1054, #8034 ) ) ;
#4050 = EDGE_CURVE ( 'NONE', #4501, #7612, #3645, .T. ) ;
#4051 = ORIENTED_EDGE ( 'NONE', *, *, #3010, .F. ) ;
#4052 = DIRECTION ( 'NONE',  ( 1.000000000000000000, 2.124908078801903600E-016, -0.0000000000000000000 ) ) ;
#4053 = CARTESIAN_POINT ( 'NONE',  ( -6.589999999999999900, 2.404999999999999800, -6.775000000000000400 ) ) ;
#4054 = CYLINDRICAL_SURFACE ( 'NONE', #5190, 0.4000000000000001900 ) ;
#4055 = DIRECTION ( 'NONE',  ( -2.376333528735352900E-015, -1.000000000000000000, 0.0000000000000000000 ) ) ;
#4056 = FACE_BOUND ( 'NONE', #4856, .T. ) ;
#4057 = LINE ( 'NONE', #1695, #4584 ) ;
#4058 = ORIENTED_EDGE ( 'NONE', *, *, #3959, .T. ) ;
#4059 = CARTESIAN_POINT ( 'NONE',  ( -0.1000000000000000100, 2.779999999999999800, -6.775000000000000400 ) ) ;
#4060 = ORIENTED_EDGE ( 'NONE', *, *, #6493, .T. ) ;
#4061 = VECTOR ( 'NONE', #5581, 1000.000000000000000 ) ;
#4062 = DIRECTION ( 'NONE',  ( 1.000000000000000000, 0.0000000000000000000, -0.0000000000000000000 ) ) ;
#4063 = CARTESIAN_POINT ( 'NONE',  ( 7.259372679795119700, 0.7803213460684410600, -8.330976946357422400 ) ) ;
#4064 = AXIS2_PLACEMENT_3D ( 'NONE', #3835, #7933, #3798 ) ;
#4065 = EDGE_CURVE ( 'NONE', #2795, #7801, #2203, .T. ) ;
#4066 = VECTOR ( 'NONE', #1218, 1000.000000000000000 ) ;
#4067 = ORIENTED_EDGE ( 'NONE', *, *, #3219, .T. ) ;
#4068 = AXIS2_PLACEMENT_3D ( 'NONE', #838, #6933, #1437 ) ;
#4069 = PLANE ( 'NONE',  #3824 ) ;
#4070 = LINE ( 'NONE', #4053, #3847 ) ;
#4071 = CARTESIAN_POINT ( 'NONE',  ( 4.550148995534185800, 2.879999999999999900, 1.963516132128322800 ) ) ;
#4072 = EDGE_CURVE ( 'NONE', #979, #2304, #2017, .T. ) ;
#4073 = FACE_BOUND ( 'NONE', #8235, .T. ) ;
#4074 = CARTESIAN_POINT ( 'NONE',  ( 6.811409716464075900, -2.218232652604862100, 3.736759503280684400 ) ) ;
#4075 = CARTESIAN_POINT ( 'NONE',  ( 6.811409716464078600, 2.880000000000018500, 2.290888604263720200 ) ) ;
#4076 = DIRECTION ( 'NONE',  ( 0.0000000000000000000, 0.0000000000000000000, 1.000000000000000000 ) ) ;
#4077 = DIRECTION ( 'NONE',  ( 0.0000000000000000000, 0.0000000000000000000, -1.000000000000000000 ) ) ;
#4078 = LINE ( 'NONE', #2461, #8504 ) ;
#4079 = ORIENTED_EDGE ( 'NONE', *, *, #2783, .T. ) ;
#4080 = VECTOR ( 'NONE', #4101, 1000.000000000000000 ) ;
#4081 = CARTESIAN_POINT ( 'NONE',  ( -6.590000000000000700, 2.879999999999999900, -6.775000000000000400 ) ) ;
#4082 = CARTESIAN_POINT ( 'NONE',  ( 5.089999999999998100, 2.549999999999999800, -6.775000000000002100 ) ) ;
#4083 = AXIS2_PLACEMENT_3D ( 'NONE', #2541, #2480, #5279 ) ;
#4084 = EDGE_CURVE ( 'NONE', #6820, #4256, #6989, .T. ) ;
#4085 = LINE ( 'NONE', #6468, #8186 ) ;
#4086 = EDGE_LOOP ( 'NONE', ( #1713, #3508, #872 ) ) ;
#4087 = CARTESIAN_POINT ( 'NONE',  ( -3.575257074896936800, -1.149999999999999700, -9.324999999999995700 ) ) ;
#4088 = ADVANCED_FACE ( 'NONE', ( #6663 ), #5359, .T. ) ;
#4089 = VECTOR ( 'NONE', #5954, 1000.000000000000000 ) ;
#4090 = ORIENTED_EDGE ( 'NONE', *, *, #1578, .T. ) ;
#4091 = CARTESIAN_POINT ( 'NONE',  ( -6.125512200874072600, -0.5068827080282716200, 0.7981963370836487900 ) ) ;
#4092 = DIRECTION ( 'NONE',  ( 0.0000000000000000000, 0.5913665711502955600, 0.8064028636642743800 ) ) ;
#4093 = VERTEX_POINT ( 'NONE', #3964 ) ;
#4094 = ORIENTED_EDGE ( 'NONE', *, *, #7786, .F. ) ;
#4095 = DIRECTION ( 'NONE',  ( -0.0000000000000000000, 1.000000000000000000, -0.0000000000000000000 ) ) ;
#4096 = CARTESIAN_POINT ( 'NONE',  ( 4.335212641700700000, -1.149999999999999700, -4.275000000000001200 ) ) ;
#4097 = EDGE_CURVE ( 'NONE', #4047, #5075, #7092, .T. ) ;
#4098 = CARTESIAN_POINT ( 'NONE',  ( 1.624742925103062500, -0.8999999999999998000, -4.275000000000001200 ) ) ;
#4099 = DIRECTION ( 'NONE',  ( -1.961413506046832800E-015, -0.8064028636642748300, -0.5913665711502950100 ) ) ;
#4100 = CARTESIAN_POINT ( 'NONE',  ( 6.089999999999998100, -0.7164469686209429300, 4.174999999999999800 ) ) ;
#4101 = DIRECTION ( 'NONE',  ( 0.0000000000000000000, 0.0000000000000000000, 1.000000000000000000 ) ) ;
#4102 = ORIENTED_EDGE ( 'NONE', *, *, #5979, .F. ) ;
#4103 = LINE ( 'NONE', #2908, #2684 ) ;
#4104 = ORIENTED_EDGE ( 'NONE', *, *, #1127, .F. ) ;
#4105 = DIRECTION ( 'NONE',  ( -1.431289996680534200E-016, 0.0000000000000000000, 1.000000000000000000 ) ) ;
#4106 = ORIENTED_EDGE ( 'NONE', *, *, #4031, .T. ) ;
#4107 = DIRECTION ( 'NONE',  ( 0.3378260905024652600, -0.1053848003180299200, 0.9352901028225141200 ) ) ;
#4108 = CARTESIAN_POINT ( 'NONE',  ( 4.498672067103321100, 2.076906743079789000, 2.945754439782035200 ) ) ;
#4109 = DIRECTION ( 'NONE',  ( 2.124908078801903100E-016, -1.000000000000000000, -0.0000000000000000000 ) ) ;
#4110 = ORIENTED_EDGE ( 'NONE', *, *, #5971, .F. ) ;
#4111 = ORIENTED_EDGE ( 'NONE', *, *, #8349, .T. ) ;
#4112 = ORIENTED_EDGE ( 'NONE', *, *, #8119, .T. ) ;
#4113 = VECTOR ( 'NONE', #1491, 1000.000000000000000 ) ;
#4114 = EDGE_CURVE ( 'NONE', #936, #2837, #2123, .T. ) ;
#4115 = AXIS2_PLACEMENT_3D ( 'NONE', #5742, #8467, #1631 ) ;
#4116 = ORIENTED_EDGE ( 'NONE', *, *, #2647, .T. ) ;
#4117 = CARTESIAN_POINT ( 'NONE',  ( 1.950000000000000000, 2.549999999999999800, -0.5250000000000005800 ) ) ;
#4118 = DIRECTION ( 'NONE',  ( -2.168404344971007700E-015, -1.000000000000000000, 0.0000000000000000000 ) ) ;
#4119 = EDGE_LOOP ( 'NONE', ( #6032, #5186, #8637, #708 ) ) ;
#4120 = LINE ( 'NONE', #7643, #93 ) ;
#4121 = APPROVAL ( #3631, 'UNSPECIFIED' ) ;
#4122 = ORIENTED_EDGE ( 'NONE', *, *, #4319, .F. ) ;
#4123 = CARTESIAN_POINT ( 'NONE',  ( -6.596241056188922900, 1.231768391857872100, -10.16689330055320500 ) ) ;
#4124 = ADVANCED_FACE ( 'NONE', ( #1910 ), #8285, .F. ) ;
#4126 = CARTESIAN_POINT ( 'NONE',  ( -0.6647873582993000200, -1.150000000000034800, -4.275000000000001200 ) ) ;
#4125 = DIRECTION ( 'NONE',  ( 0.0000000000000000000, -1.000000000000000000, 0.0000000000000000000 ) ) ;
#4127 = DIRECTION ( 'NONE',  ( -0.0000000000000000000, 1.000000000000000000, -0.0000000000000000000 ) ) ;
#4128 = ORIENTED_EDGE ( 'NONE', *, *, #926, .F. ) ;
#4129 = VECTOR ( 'NONE', #1627, 1000.000000000000000 ) ;
#4130 = EDGE_CURVE ( 'NONE', #4222, #1430, #5379, .T. ) ;
#4131 = EDGE_LOOP ( 'NONE', ( #6416, #1298, #226, #1517 ) ) ;
#4132 = ORIENTED_EDGE ( 'NONE', *, *, #8159, .T. ) ;
#4133 = CARTESIAN_POINT ( 'NONE',  ( 4.479841560701152600, -2.406906743079787700, 3.305061906340967900 ) ) ;
#4134 = EDGE_CURVE ( 'NONE', #2401, #4222, #7740, .T. ) ;
#4135 = ORIENTED_EDGE ( 'NONE', *, *, #4978, .T. ) ;
#4136 = PLANE ( 'NONE',  #5049 ) ;
#4137 = VECTOR ( 'NONE', #8090, 1000.000000000000000 ) ;
#4138 = VERTEX_POINT ( 'NONE', #7931 ) ;
#4139 = VECTOR ( 'NONE', #2613, 1000.000000000000000 ) ;
#4140 = ORIENTED_EDGE ( 'NONE', *, *, #1258, .F. ) ;
#4141 = DIRECTION ( 'NONE',  ( -1.000000000000000000, 2.628368902995162800E-015, 2.673649675311313700E-016 ) ) ;
#4142 = FACE_OUTER_BOUND ( 'NONE', #5842, .T. ) ;
#4143 = ORIENTED_EDGE ( 'NONE', *, *, #1155, .F. ) ;
#4144 = DIRECTION ( 'NONE',  ( 1.000000000000000000, -2.628368902995162400E-015, -2.673649675311314200E-016 ) ) ;
#4145 = EDGE_CURVE ( 'NONE', #940, #4256, #8724, .T. ) ;
#4146 = AXIS2_PLACEMENT_3D ( 'NONE', #355, #5969, #7991 ) ;
#4147 = LINE ( 'NONE', #1628, #6210 ) ;
#4148 = CARTESIAN_POINT ( 'NONE',  ( -6.752806337296631200, 0.9383446437143888600, -9.733433712965204900 ) ) ;
#4149 = CARTESIAN_POINT ( 'NONE',  ( 6.171250739718259700, -5.263181610785594000, 0.6458331628360932700 ) ) ;
#4150 = LINE ( 'NONE', #354, #4818 ) ;
#4151 = ORIENTED_EDGE ( 'NONE', *, *, #1475, .T. ) ;
#4152 = VECTOR ( 'NONE', #7657, 1000.000000000000100 ) ;
#4153 = ORIENTED_EDGE ( 'NONE', *, *, #2061, .T. ) ;
#4154 = DIRECTION ( 'NONE',  ( 0.0000000000000000000, -1.000000000000000000, 0.0000000000000000000 ) ) ;
#4155 = ORIENTED_EDGE ( 'NONE', *, *, #221, .T. ) ;
#4156 = CARTESIAN_POINT ( 'NONE',  ( 4.909999999999998400, -2.879999999999999900, -0.7050000000000007400 ) ) ;
#4157 = LINE ( 'NONE', #7833, #7397 ) ;
#4158 = CARTESIAN_POINT ( 'NONE',  ( -1.475257074896937400, -0.9000000000000000200, -4.275000000000001200 ) ) ;
#4159 = VECTOR ( 'NONE', #8518, 1000.000000000000000 ) ;
#4160 = EDGE_CURVE ( 'NONE', #8862, #525, #356, .T. ) ;
#4161 = EDGE_CURVE ( 'NONE', #6990, #6962, #1256, .T. ) ;
#4162 = LINE ( 'NONE', #4178, #2855 ) ;
#4163 = ORIENTED_EDGE ( 'NONE', *, *, #1041, .T. ) ;
#4164 = DIRECTION ( 'NONE',  ( -0.0000000000000000000, 1.000000000000000000, -0.0000000000000000000 ) ) ;
#4165 = DIRECTION ( 'NONE',  ( 2.628368902995162000E-015, 1.000000000000000000, -1.821407751266292700E-015 ) ) ;
#4166 = CYLINDRICAL_SURFACE ( 'NONE', #1854, 0.1649999999999997900 ) ;
#4167 = ADVANCED_BREP_SHAPE_REPRESENTATION ( 'USB CONNECTOR', ( #2828, #8325, #8342 ), #8692 ) ;
#4168 = CARTESIAN_POINT ( 'NONE',  ( 2.361327932896679600, -2.076906743079793800, 2.945754439782032600 ) ) ;
#4169 = ADVANCED_FACE ( 'NONE', ( #1789 ), #7269, .F. ) ;
#4170 = CARTESIAN_POINT ( 'NONE',  ( -6.540000000000000000, 0.4566362751914923000, -3.371594611156200700 ) ) ;
#4171 = AXIS2_PLACEMENT_3D ( 'NONE', #825, #2118, #6380 ) ;
#4172 = VECTOR ( 'NONE', #4815, 1000.000000000000200 ) ;
#4173 = VERTEX_POINT ( 'NONE', #7960 ) ;
#4174 = ORIENTED_EDGE ( 'NONE', *, *, #715, .F. ) ;
#4175 = VECTOR ( 'NONE', #3471, 1000.000000000000000 ) ;
#4176 = AXIS2_PLACEMENT_3D ( 'NONE', #5989, #1842, #6687 ) ;
#4177 = CARTESIAN_POINT ( 'NONE',  ( 2.361327932896679600, -2.406906743079793500, 2.945754439782032600 ) ) ;
#4178 = CARTESIAN_POINT ( 'NONE',  ( 1.224742925103062800, -0.8999999999999998000, -9.324999999999995700 ) ) ;
#4179 = EDGE_CURVE ( 'NONE', #8136, #7783, #3434, .T. ) ;
#4180 = LINE ( 'NONE', #3460, #2666 ) ;
#4181 = ORIENTED_EDGE ( 'NONE', *, *, #5861, .T. ) ;
#4182 = VECTOR ( 'NONE', #5002, 1000.000000000000100 ) ;
#4183 = DIRECTION ( 'NONE',  ( -3.285461128743965400E-016, 1.000000000000000000, -2.062312011738056000E-017 ) ) ;
#4184 = EDGE_LOOP ( 'NONE', ( #5426, #7687, #7167, #1403 ) ) ;
#4185 = CARTESIAN_POINT ( 'NONE',  ( 7.214600510584429700, 2.293355394562614600, -7.765845873256791000 ) ) ;
#4186 = VERTEX_POINT ( 'NONE', #3863 ) ;
#4187 = VECTOR ( 'NONE', #3312, 1000.000000000000200 ) ;
#4188 = EDGE_CURVE ( 'NONE', #6839, #1257, #5055, .T. ) ;
#4189 = DIRECTION ( 'NONE',  ( -2.628368902995165600E-015, -1.000000000000000000, 0.0000000000000000000 ) ) ;
#4190 = CARTESIAN_POINT ( 'NONE',  ( -1.769999999999999800, -2.879999999999999900, 2.533383294124545200E-016 ) ) ;
#4191 = DIRECTION ( 'NONE',  ( 2.124908078801903100E-016, -1.000000000000000000, -0.0000000000000000000 ) ) ;
#4192 =( BOUNDED_CURVE ( )  B_SPLINE_CURVE ( 3, ( #8707, #4546, #608, #8922 ),
 .UNSPECIFIED., .F., .F. ) 
 B_SPLINE_CURVE_WITH_KNOTS ( ( 4, 4 ),
 ( 1.224179486765078600, 2.418858405776386000 ),
 .UNSPECIFIED. ) 
 CURVE ( )  GEOMETRIC_REPRESENTATION_ITEM ( )  RATIONAL_B_SPLINE_CURVE ( ( 1.000000000000000000, 0.8845566308302418300, 0.8845566308302418300, 1.000000000000000000 ) ) 
 REPRESENTATION_ITEM ( '' )  );
#4193 = VERTEX_POINT ( 'NONE', #4511 ) ;
#4194 = ORIENTED_EDGE ( 'NONE', *, *, #2390, .T. ) ;
#4195 = ORIENTED_EDGE ( 'NONE', *, *, #8197, .F. ) ;
#4196 = CARTESIAN_POINT ( 'NONE',  ( -6.539999999999999100, 0.6099088255744773400, -3.371594611156200700 ) ) ;
#4197 = CARTESIAN_POINT ( 'NONE',  ( 6.589999999999999000, -0.6200000000000001100, -3.249120853379041000E-031 ) ) ;
#4198 = DIRECTION ( 'NONE',  ( -1.000000000000000000, 0.0000000000000000000, 0.0000000000000000000 ) ) ;
#4199 = ORIENTED_EDGE ( 'NONE', *, *, #5578, .F. ) ;
#4200 = EDGE_LOOP ( 'NONE', ( #3054, #8099, #1336, #6226, #2490 ) ) ;
#4201 = ORIENTED_EDGE ( 'NONE', *, *, #7804, .F. ) ;
#4202 = FACE_OUTER_BOUND ( 'NONE', #7549, .T. ) ;
#4203 = EDGE_LOOP ( 'NONE', ( #6333, #5622, #3561, #7867 ) ) ;
#4204 = EDGE_CURVE ( 'NONE', #3695, #90, #7428, .T. ) ;
#4205 = AXIS2_PLACEMENT_3D ( 'NONE', #2987, #2308, #5706 ) ;
#4206 = ADVANCED_FACE ( 'NONE', ( #8396 ), #7306, .F. ) ;
#4207 = AXIS2_PLACEMENT_3D ( 'NONE', #304, #1010, #6537 ) ;
#4209 = CARTESIAN_POINT ( 'NONE',  ( 2.312736542566323500, 2.670473064430254800, 2.018575479041755800 ) ) ;
#4208 = CARTESIAN_POINT ( 'NONE',  ( 6.133248313036694400, -0.5075322874385842500, 0.8167978576046400800 ) ) ;
#4210 = VERTEX_POINT ( 'NONE', #8631 ) ;
#4211 = CARTESIAN_POINT ( 'NONE',  ( 6.614369610058644400, -0.6255243438098041500, 4.195648269222937500 ) ) ;
#4212 = CARTESIAN_POINT ( 'NONE',  ( 0.0000000000000000000, 1.879999999999999700, -0.7050000000000007400 ) ) ;
#4213 = VERTEX_POINT ( 'NONE', #5846 ) ;
#4214 = VECTOR ( 'NONE', #4937, 1000.000000000000200 ) ;
#4215 = CARTESIAN_POINT ( 'NONE',  ( 6.259999999999999800, -0.6200000000000000000, 4.062720395229401800 ) ) ;
#4216 = EDGE_CURVE ( 'NONE', #4503, #8369, #4728, .T. ) ;
#4217 = ORIENTED_EDGE ( 'NONE', *, *, #7676, .F. ) ;
#4218 = VERTEX_POINT ( 'NONE', #5215 ) ;
#4219 = CARTESIAN_POINT ( 'NONE',  ( 3.724742925103062600, -0.8999999999999998000, -9.124999999999998200 ) ) ;
#4220 =( BOUNDED_CURVE ( )  B_SPLINE_CURVE ( 3, ( #3390, #8308, #5485, #5562 ),
 .UNSPECIFIED., .F., .F. ) 
 B_SPLINE_CURVE_WITH_KNOTS ( ( 4, 4 ),
 ( 4.079636539841129000, 7.221229193430915800 ),
 .UNSPECIFIED. ) 
 CURVE ( )  GEOMETRIC_REPRESENTATION_ITEM ( )  RATIONAL_B_SPLINE_CURVE ( ( 1.000000000000000000, 0.3333333333333354800, 0.3333333333333354800, 1.000000000000000000 ) ) 
 REPRESENTATION_ITEM ( '' )  );
#4221 = AXIS2_PLACEMENT_3D ( 'NONE', #2103, #8414, #4891 ) ;
#4222 = VERTEX_POINT ( 'NONE', #5907 ) ;
#4223 = DIRECTION ( 'NONE',  ( -0.9405274128529004200, 0.0000000000000000000, -0.3397178029957069700 ) ) ;
#4224 = ORIENTED_EDGE ( 'NONE', *, *, #4813, .F. ) ;
#4225 = CARTESIAN_POINT ( 'NONE',  ( -6.540000000000000000, 0.6099088255744773400, -3.830697027045894200 ) ) ;
#4226 = ORIENTED_EDGE ( 'NONE', *, *, #4458, .T. ) ;
#4227 = DIRECTION ( 'NONE',  ( 0.04222409276774567000, 0.5908391699278822100, -0.8056836856166765800 ) ) ;
#4228 = DIRECTION ( 'NONE',  ( -0.0000000000000000000, 0.0000000000000000000, -1.000000000000000000 ) ) ;
#4229 = VERTEX_POINT ( 'NONE', #260 ) ;
#4230 = ORIENTED_EDGE ( 'NONE', *, *, #8886, .F. ) ;
#4231 = LINE ( 'NONE', #8960, #6620 ) ;
#4232 = ORIENTED_EDGE ( 'NONE', *, *, #4894, .F. ) ;
#4233 = VECTOR ( 'NONE', #7756, 1000.000000000000100 ) ;
#4235 = DIRECTION ( 'NONE',  ( 3.401418580346680800E-016, -1.000000000000000000, 0.0000000000000000000 ) ) ;
#4234 = DIRECTION ( 'NONE',  ( -0.0000000000000000000, 0.0000000000000000000, 1.000000000000000000 ) ) ;
#4236 = ORIENTED_EDGE ( 'NONE', *, *, #1331, .T. ) ;
#4237 = CARTESIAN_POINT ( 'NONE',  ( 6.089999999999998100, -0.7200000000000000800, 4.174999999999999800 ) ) ;
#4238 = VECTOR ( 'NONE', #8824, 1000.000000000000000 ) ;
#4239 = AXIS2_PLACEMENT_3D ( 'NONE', #8498, #7124, #1482 ) ;
#4240 = EDGE_CURVE ( 'NONE', #5412, #3628, #26, .T. ) ;
#4241 = VERTEX_POINT ( 'NONE', #3834 ) ;
#4242 = ORIENTED_EDGE ( 'NONE', *, *, #172, .T. ) ;
#4243 = LINE ( 'NONE', #3258, #6956 ) ;
#4244 = VERTEX_POINT ( 'NONE', #8602 ) ;
#4245 = DIRECTION ( 'NONE',  ( -1.000000000000000000, 0.0000000000000000000, 0.0000000000000000000 ) ) ;
#4246 = FACE_BOUND ( 'NONE', #3813, .T. ) ;
#4247 = ORIENTED_EDGE ( 'NONE', *, *, #3685, .F. ) ;
#4248 = CARTESIAN_POINT ( 'NONE',  ( -0.8752570748969376000, -0.8999999999999998000, -4.275000000000001200 ) ) ;
#4249 = APPROVAL_STATUS ( 'not_yet_approved' ) ;
#4250 = LINE ( 'NONE', #7701, #5336 ) ;
#4251 = CARTESIAN_POINT ( 'NONE',  ( -2.424084846277508600, -2.516311570751021100, 4.143227682101551700 ) ) ;
#4252 = EDGE_LOOP ( 'NONE', ( #3787, #6021, #8371, #1594 ) ) ;
#4253 = FACE_OUTER_BOUND ( 'NONE', #3950, .T. ) ;
#4254 = ORIENTED_EDGE ( 'NONE', *, *, #1487, .F. ) ;
#4255 = CARTESIAN_POINT ( 'NONE',  ( -6.260000000000000700, -2.549999999999999800, -0.7050000000000007400 ) ) ;
#4256 = VERTEX_POINT ( 'NONE', #6604 ) ;
#4257 = ADVANCED_FACE ( 'NONE', ( #4279 ), #2333, .T. ) ;
#4258 = LINE ( 'NONE', #2630, #8372 ) ;
#4259 = DIRECTION ( 'NONE',  ( 1.000000000000000000, 0.0000000000000000000, 0.0000000000000000000 ) ) ;
#4260 = VECTOR ( 'NONE', #1120, 1000.000000000000000 ) ;
#4261 = CARTESIAN_POINT ( 'NONE',  ( -4.681060305752854600, 2.549999999999999800, -0.5344204721237294500 ) ) ;
#4262 = ORIENTED_EDGE ( 'NONE', *, *, #4179, .T. ) ;
#4263 = EDGE_CURVE ( 'NONE', #3129, #6054, #1584, .T. ) ;
#4264 = AXIS2_PLACEMENT_3D ( 'NONE', #8195, #6046, #1275 ) ;
#4265 = PLANE ( 'NONE',  #2245 ) ;
#4266 = ORIENTED_EDGE ( 'NONE', *, *, #6477, .F. ) ;
#4267 = VECTOR ( 'NONE', #7883, 1000.000000000000000 ) ;
#4268 = LINE ( 'NONE', #4674, #4066 ) ;
#4269 = CARTESIAN_POINT ( 'NONE',  ( -6.589999999999999000, -1.972096060217325800E-015, -1.224994274580306000 ) ) ;
#4270 = CARTESIAN_POINT ( 'NONE',  ( 3.314742925103062500, -1.149999999999999900, -4.275000000000001200 ) ) ;
#4271 = ORIENTED_EDGE ( 'NONE', *, *, #7120, .T. ) ;
#4272 = LINE ( 'NONE', #8822, #581 ) ;
#4273 = EDGE_CURVE ( 'NONE', #3553, #8322, #4948, .T. ) ;
#4274 = AXIS2_PLACEMENT_3D ( 'NONE', #893, #2286, #1666 ) ;
#4275 = EDGE_CURVE ( 'NONE', #3880, #8037, #5428, .T. ) ;
#4276 = LINE ( 'NONE', #7800, #2425 ) ;
#4277 = CARTESIAN_POINT ( 'NONE',  ( 2.413857417394557700, -2.782424515760231200, 3.948076713621953900 ) ) ;
#4278 = DIRECTION ( 'NONE',  ( 1.000000000000000000, -3.011672701348624000E-016, 1.537929931668901700E-033 ) ) ;
#4279 = FACE_OUTER_BOUND ( 'NONE', #1043, .T. ) ;
#4280 = ORIENTED_EDGE ( 'NONE', *, *, #715, .T. ) ;
#4281 = VECTOR ( 'NONE', #4127, 1000.000000000000000 ) ;
#4282 = CARTESIAN_POINT ( 'NONE',  ( -2.388929022732410700, -2.433603000734847900, 3.472414607667896100 ) ) ;
#4283 = CARTESIAN_POINT ( 'NONE',  ( 5.644719013166539200, 1.380000000000000300, 0.06859395390248321200 ) ) ;
#4284 = PRODUCT_RELATED_PRODUCT_CATEGORY ( 'detail', '', ( #5808 ) ) ;
#4285 = FACE_OUTER_BOUND ( 'NONE', #3823, .T. ) ;
#4286 = DIRECTION ( 'NONE',  ( -0.05233595624294350200, 0.0000000000000000000, -0.9986295347545739400 ) ) ;
#4287 = DIRECTION ( 'NONE',  ( 1.000000000000000000, -2.628368902995162400E-015, -2.673649675311314200E-016 ) ) ;
#4288 = EDGE_LOOP ( 'NONE', ( #3018, #559, #8337, #4417 ) ) ;
#4289 = DIRECTION ( 'NONE',  ( 1.000000000000000000, 0.0000000000000000000, 3.316747347134607700E-015 ) ) ;
#4290 = LINE ( 'NONE', #7416, #5911 ) ;
#4291 = VERTEX_POINT ( 'NONE', #7276 ) ;
#4292 = EDGE_CURVE ( 'NONE', #1853, #1306, #6782, .T. ) ;
#4293 = ADVANCED_FACE ( 'NONE', ( #1018 ), #6552, .T. ) ;
#4294 = ORIENTED_EDGE ( 'NONE', *, *, #6891, .T. ) ;
#4295 = CARTESIAN_POINT ( 'NONE',  ( -13.67140971646411900, -2.806906743079764100, 3.305061906340970100 ) ) ;
#4296 = EDGE_CURVE ( 'NONE', #7471, #2363, #6342, .T. ) ;
#4297 = DIRECTION ( 'NONE',  ( 0.0000000000000000000, 0.0000000000000000000, -1.000000000000000000 ) ) ;
#4298 = EDGE_CURVE ( 'NONE', #8861, #6952, #809, .T. ) ;
#4299 = CARTESIAN_POINT ( 'NONE',  ( -6.259999999999999800, 1.576386051322852700, 4.171510050329750600 ) ) ;
#4300 = CARTESIAN_POINT ( 'NONE',  ( -4.446142582605442200, 2.649368043255620800, 4.045652197861753200 ) ) ;
#4301 = ORIENTED_EDGE ( 'NONE', *, *, #3550, .F. ) ;
#4302 = FACE_OUTER_BOUND ( 'NONE', #3369, .T. ) ;
#4303 = ORIENTED_EDGE ( 'NONE', *, *, #4961, .F. ) ;
#4304 = ORIENTED_EDGE ( 'NONE', *, *, #4931, .F. ) ;
#4305 = DIRECTION ( 'NONE',  ( 1.000000000000000000, 3.614007241618349300E-016, -0.0000000000000000000 ) ) ;
#4306 = EDGE_CURVE ( 'NONE', #5321, #7393, #5583, .T. ) ;
#4307 = AXIS2_PLACEMENT_3D ( 'NONE', #7865, #3743, #8571 ) ;
#4308 = DIRECTION ( 'NONE',  ( -0.0000000000000000000, -0.0000000000000000000, -1.000000000000000000 ) ) ;
#4309 = ORIENTED_EDGE ( 'NONE', *, *, #2514, .F. ) ;
#4310 = ORIENTED_EDGE ( 'NONE', *, *, #1603, .F. ) ;
#4311 = ORIENTED_EDGE ( 'NONE', *, *, #2957, .F. ) ;
#4312 = CYLINDRICAL_SURFACE ( 'NONE', #661, 0.8999999999999998000 ) ;
#4313 = DIRECTION ( 'NONE',  ( -1.000000000000000000, -0.0000000000000000000, -0.0000000000000000000 ) ) ;
#4314 = DIRECTION ( 'NONE',  ( 0.1522505623211013700, 0.0000000000000000000, 0.9883419278128942100 ) ) ;
#4315 = CARTESIAN_POINT ( 'NONE',  ( 1.999186377991320200, 1.879999999999999700, -0.7050000000000005200 ) ) ;
#4316 = LOCAL_TIME ( 5, 31, 5.000000000000000000, #6171 ) ;
#4317 = CARTESIAN_POINT ( 'NONE',  ( -6.239458433748309200, -0.6218857104749384600, 4.091451443442147200 ) ) ;
#4318 = ORIENTED_EDGE ( 'NONE', *, *, #1669, .F. ) ;
#4319 = EDGE_CURVE ( 'NONE', #3751, #8538, #2422, .T. ) ;
#4320 = DIRECTION ( 'NONE',  ( 1.000000000000000000, -2.628368902995162400E-015, 0.0000000000000000000 ) ) ;
#4321 = EDGE_CURVE ( 'NONE', #7486, #3384, #3960, .T. ) ;
#4323 = CARTESIAN_POINT ( 'NONE',  ( 2.200902539776424100, -2.879999999999999900, -0.1153444145280875900 ) ) ;
#4322 = DIRECTION ( 'NONE',  ( -0.05233595624294350200, 0.0000000000000000000, 0.9986295347545739400 ) ) ;
#4324 = CARTESIAN_POINT ( 'NONE',  ( 4.479841560701151700, -2.076906743079788500, 3.305061906340968300 ) ) ;
#4325 = VERTEX_POINT ( 'NONE', #1031 ) ;
#4326 = FACE_OUTER_BOUND ( 'NONE', #2787, .T. ) ;
#4327 = VERTEX_POINT ( 'NONE', #8737 ) ;
#4328 = CARTESIAN_POINT ( 'NONE',  ( -2.396164754065100300, -2.125627413300268400, 3.610480586262613500 ) ) ;
#4329 = ORIENTED_EDGE ( 'NONE', *, *, #8496, .F. ) ;
#4330 =( NAMED_UNIT ( * ) PLANE_ANGLE_UNIT ( ) SI_UNIT ( $, .RADIAN. ) );
#4331 = VECTOR ( 'NONE', #2661, 1000.000000000000000 ) ;
#4332 = EDGE_CURVE ( 'NONE', #5133, #6586, #459, .T. ) ;
#4333 = ORIENTED_EDGE ( 'NONE', *, *, #5861, .F. ) ;
#4334 = ADVANCED_FACE ( 'NONE', ( #804 ), #3113, .T. ) ;
#4335 = VECTOR ( 'NONE', #8456, 1000.000000000000000 ) ;
#4336 = ORIENTED_EDGE ( 'NONE', *, *, #1012, .F. ) ;
#4337 = AXIS2_PLACEMENT_3D ( 'NONE', #5678, #5729, #119 ) ;
#4338 = CARTESIAN_POINT ( 'NONE',  ( 6.589999999999999000, 1.379999999999999900, 4.174999999999999800 ) ) ;
#4339 = DIRECTION ( 'NONE',  ( 1.000000000000000000, -0.0000000000000000000, -0.0000000000000000000 ) ) ;
#4340 = ORIENTED_EDGE ( 'NONE', *, *, #2166, .F. ) ;
#4341 = VECTOR ( 'NONE', #8774, 1000.000000000000000 ) ;
#4342 = EDGE_CURVE ( 'NONE', #6926, #106, #2222, .T. ) ;
#4343 = CARTESIAN_POINT ( 'NONE',  ( 1.950000000000000000, -1.879999999999999700, -0.5250000000000005800 ) ) ;
#4344 = VECTOR ( 'NONE', #2025, 1000.000000000000000 ) ;
#4345 = CARTESIAN_POINT ( 'NONE',  ( -2.309851004465816700, -2.879999999999999900, 1.963516132128329000 ) ) ;
#4346 = ORIENTED_EDGE ( 'NONE', *, *, #8866, .F. ) ;
#4347 = CARTESIAN_POINT ( 'NONE',  ( -13.67140971646411500, 2.076906743079763600, 3.305061906340970100 ) ) ;
#4348 = ADVANCED_FACE ( 'NONE', ( #2116 ), #4515, .T. ) ;
#4349 = CIRCLE ( 'NONE', #1751, 0.1799999999999999400 ) ;
#4350 = ORIENTED_EDGE ( 'NONE', *, *, #6157, .F. ) ;
#4351 = VECTOR ( 'NONE', #8932, 1000.000000000000000 ) ;
#4352 = ORIENTED_EDGE ( 'NONE', *, *, #276, .T. ) ;
#4353 = CARTESIAN_POINT ( 'NONE',  ( 6.089999999999998100, 1.387935967731448500, -1.224994274580306000 ) ) ;
#4354 = CIRCLE ( 'NONE', #6706, 0.1800000000000003500 ) ;
#4355 = EDGE_CURVE ( 'NONE', #6054, #4222, #3313, .T. ) ;
#4356 = VECTOR ( 'NONE', #5851, 1000.000000000000000 ) ;
#4357 = ORIENTED_EDGE ( 'NONE', *, *, #8907, .T. ) ;
#4358 = FACE_OUTER_BOUND ( 'NONE', #3155, .T. ) ;
#4359 = VERTEX_POINT ( 'NONE', #4588 ) ;
#4360 = EDGE_CURVE ( 'NONE', #3473, #1119, #3096, .T. ) ;
#4361 = VERTEX_POINT ( 'NONE', #2453 ) ;
#4362 = FACE_OUTER_BOUND ( 'NONE', #6726, .T. ) ;
#4363 =( NAMED_UNIT ( * ) SI_UNIT ( $, .STERADIAN. ) SOLID_ANGLE_UNIT ( ) );
#4364 = PLANE ( 'NONE',  #4680 ) ;
#4365 = DIRECTION ( 'NONE',  ( -3.285461128743965400E-016, 1.000000000000000000, -2.062312011738056000E-017 ) ) ;
#4366 = VECTOR ( 'NONE', #5304, 1000.000000000000000 ) ;
#4367 = PLANE ( 'NONE',  #951 ) ;
#4368 = LINE ( 'NONE', #8346, #2107 ) ;
#4369 = ORIENTED_EDGE ( 'NONE', *, *, #2233, .T. ) ;
#4370 = DIRECTION ( 'NONE',  ( -0.0000000000000000000, 0.0000000000000000000, 1.000000000000000000 ) ) ;
#4371 = FACE_OUTER_BOUND ( 'NONE', #4184, .T. ) ;
#4372 = PLANE ( 'NONE',  #4943 ) ;
#4373 = LINE ( 'NONE', #1859, #3098 ) ;
#4374 = EDGE_CURVE ( 'NONE', #7895, #6145, #2984, .T. ) ;
#4375 = DIRECTION ( 'NONE',  ( -0.0000000000000000000, 1.000000000000000000, -0.0000000000000000000 ) ) ;
#4376 = AXIS2_PLACEMENT_3D ( 'NONE', #3284, #1077, #426 ) ;
#4377 = DIRECTION ( 'NONE',  ( -0.0000000000000000000, 0.0000000000000000000, 1.000000000000000000 ) ) ;
#4378 = VECTOR ( 'NONE', #2134, 1000.000000000000000 ) ;
#4379 = ORIENTED_EDGE ( 'NONE', *, *, #5939, .F. ) ;
#4380 = ADVANCED_FACE ( 'NONE', ( #7529 ), #6033, .F. ) ;
#4381 = VECTOR ( 'NONE', #7522, 1000.000000000000200 ) ;
#4382 = CARTESIAN_POINT ( 'NONE',  ( 0.0000000000000000000, 1.879999999999999700, -0.7050000000000007400 ) ) ;
#4383 = FACE_OUTER_BOUND ( 'NONE', #7102, .T. ) ;
#4384 = EDGE_CURVE ( 'NONE', #4359, #934, #8390, .T. ) ;
#4385 = DIRECTION ( 'NONE',  ( -1.000000000000000000, -0.0000000000000000000, -0.0000000000000000000 ) ) ;
#4386 = ORIENTED_EDGE ( 'NONE', *, *, #5979, .T. ) ;
#4387 = LINE ( 'NONE', #8105, #7430 ) ;
#4388 = ORIENTED_EDGE ( 'NONE', *, *, #861, .T. ) ;
#4389 = AXIS2_PLACEMENT_3D ( 'NONE', #8341, #7154, #7188 ) ;
#4390 = CARTESIAN_POINT ( 'NONE',  ( -6.590000000000000700, -0.7164469686209431500, 4.174999999999999800 ) ) ;
#4391 = CARTESIAN_POINT ( 'NONE',  ( 6.288207565366246100, 1.387276769574197700, 4.245831177271616900 ) ) ;
#4392 = CARTESIAN_POINT ( 'NONE',  ( -6.854841906614686800, 0.9429989624232499900, -9.774740791506344500 ) ) ;
#4393 = EDGE_LOOP ( 'NONE', ( #2516, #4809, #3869, #683 ) ) ;
#4394 = FACE_BOUND ( 'NONE', #321, .T. ) ;
#4395 = CARTESIAN_POINT ( 'NONE',  ( -4.479841560701152600, 2.076906743079788100, 3.305061906340967400 ) ) ;
#4396 = PLANE ( 'NONE',  #2956 ) ;
#4397 = CARTESIAN_POINT ( 'NONE',  ( -7.570196438629825900, 0.7928128188517860100, -8.441838767309608500 ) ) ;
#4398 = ORIENTED_EDGE ( 'NONE', *, *, #4145, .T. ) ;
#4399 = VERTEX_POINT ( 'NONE', #1227 ) ;
#4400 = ORIENTED_EDGE ( 'NONE', *, *, #6891, .F. ) ;
#4401 = EDGE_CURVE ( 'NONE', #7507, #7682, #7418, .T. ) ;
#4402 = ORIENTED_EDGE ( 'NONE', *, *, #3147, .F. ) ;
#4403 = DIRECTION ( 'NONE',  ( -1.187077965286348300E-017, 0.03489949670250105900, -0.9993908270190956500 ) ) ;
#4404 = DIRECTION ( 'NONE',  ( 3.285461128743965800E-016, 1.000000000000000000, -2.062312011738056300E-017 ) ) ;
#4405 = ORIENTED_EDGE ( 'NONE', *, *, #250, .F. ) ;
#4406 = ORIENTED_EDGE ( 'NONE', *, *, #8330, .T. ) ;
#4407 = VERTEX_POINT ( 'NONE', #3958 ) ;
#4408 = VECTOR ( 'NONE', #1116, 1000.000000000000000 ) ;
#4409 = VERTEX_POINT ( 'NONE', #2549 ) ;
#4410 = CARTESIAN_POINT ( 'NONE',  ( 0.0000000000000000000, 2.779999999999999800, -4.101714464797488800 ) ) ;
#4411 = CARTESIAN_POINT ( 'NONE',  ( -4.446142582605442200, 2.649368043255620800, 4.045652197861753200 ) ) ;
#4412 = CARTESIAN_POINT ( 'NONE',  ( -7.089523716046634200, 0.9537038954536417600, -9.869747072151071200 ) ) ;
#4413 = ORIENTED_EDGE ( 'NONE', *, *, #1293, .T. ) ;
#4414 = ADVANCED_FACE ( 'NONE', ( #2761 ), #3928, .F. ) ;
#4415 = EDGE_CURVE ( 'NONE', #7245, #7955, #6008, .T. ) ;
#4416 = AXIS2_PLACEMENT_3D ( 'NONE', #3325, #8831, #1958 ) ;
#4417 = ORIENTED_EDGE ( 'NONE', *, *, #6358, .F. ) ;
#4418 = APPROVAL_PERSON_ORGANIZATION ( #8111, #4121, #8454 ) ;
#4419 = PLANE ( 'NONE',  #2314 ) ;
#4420 = CARTESIAN_POINT ( 'NONE',  ( -7.729042042437245500, 2.266739044397565500, -8.002065980971602600 ) ) ;
#4421 = ORIENTED_EDGE ( 'NONE', *, *, #3819, .F. ) ;
#4422 = ORIENTED_EDGE ( 'NONE', *, *, #3673, .F. ) ;
#4423 =( BOUNDED_CURVE ( )  B_SPLINE_CURVE ( 3, ( #982, #3699, #1610, #1696 ),
 .UNSPECIFIED., .F., .F. ) 
 B_SPLINE_CURVE_WITH_KNOTS ( ( 4, 4 ),
 ( 4.420754044493378400, 4.712388980384707400 ),
 .UNSPECIFIED. ) 
 CURVE ( )  GEOMETRIC_REPRESENTATION_ITEM ( )  RATIONAL_B_SPLINE_CURVE ( ( 1.000000000000000000, 0.9929249715568848600, 0.9929249715568848600, 1.000000000000000000 ) ) 
 REPRESENTATION_ITEM ( '' )  );
#4424 = CARTESIAN_POINT ( 'NONE',  ( -4.860813622008679500, 1.879999999999999700, -0.7050000000000007400 ) ) ;
#4425 = DIRECTION ( 'NONE',  ( -0.9883419278128943200, -3.278557802084007700E-016, -0.1522505623211014300 ) ) ;
#4426 = ADVANCED_FACE ( 'NONE', ( #5897 ), #1292, .F. ) ;
#4427 = ORIENTED_EDGE ( 'NONE', *, *, #5939, .T. ) ;
#4428 = VECTOR ( 'NONE', #1003, 1000.000000000000000 ) ;
#4429 = EDGE_LOOP ( 'NONE', ( #714, #1585, #4110, #3721, #3803, #6607, #8073, #7903 ) ) ;
#4430 = ORIENTED_EDGE ( 'NONE', *, *, #7856, .T. ) ;
#4431 = EDGE_CURVE ( 'NONE', #2955, #8542, #5370, .T. ) ;
#4432 = CARTESIAN_POINT ( 'NONE',  ( -6.590000000000000700, 2.879999999999999900, 6.775000000000000400 ) ) ;
#4433 = AXIS2_PLACEMENT_3D ( 'NONE', #3976, #1917, #8268 ) ;
#4434 = EDGE_CURVE ( 'NONE', #8862, #4643, #4070, .T. ) ;
#4435 = DIRECTION ( 'NONE',  ( 0.1521599633690915700, 0.03449312277525661700, -0.9877538003109518300 ) ) ;
#4436 = ORIENTED_EDGE ( 'NONE', *, *, #4494, .T. ) ;
#4437 = CARTESIAN_POINT ( 'NONE',  ( 4.124742925103063000, -1.149999999999999700, -4.275000000000001200 ) ) ;
#4438 = VERTEX_POINT ( 'NONE', #4743 ) ;
#4439 = VECTOR ( 'NONE', #4105, 1000.000000000000000 ) ;
#4440 = ORIENTED_EDGE ( 'NONE', *, *, #4625, .T. ) ;
#4441 = LINE ( 'NONE', #7620, #4344 ) ;
#4442 = ORIENTED_EDGE ( 'NONE', *, *, #7039, .F. ) ;
#4443 = CARTESIAN_POINT ( 'NONE',  ( 0.2664338688640217100, 2.779999999999999800, -4.201714464797489300 ) ) ;
#4444 = VECTOR ( 'NONE', #530, 1000.000000000000000 ) ;
#4445 = CARTESIAN_POINT ( 'NONE',  ( 1.024742925103062600, -0.8999999999999999100, -4.275000000000001200 ) ) ;
#4447 = CARTESIAN_POINT ( 'NONE',  ( -0.8752570748969376000, -1.149999999999999700, -4.275000000000001200 ) ) ;
#4446 = CARTESIAN_POINT ( 'NONE',  ( -7.079320159114702800, 2.056761536417246900, -9.865616364296933200 ) ) ;
#4448 = ORIENTED_EDGE ( 'NONE', *, *, #8988, .F. ) ;
#4449 = ORIENTED_EDGE ( 'NONE', *, *, #3219, .F. ) ;
#4450 = FACE_OUTER_BOUND ( 'NONE', #5728, .T. ) ;
#4451 = ORIENTED_EDGE ( 'NONE', *, *, #6253, .F. ) ;
#4452 = CARTESIAN_POINT ( 'NONE',  ( -5.817587741826835100, 1.280592021534152600, 1.190779710972765400 ) ) ;
#4453 = AXIS2_PLACEMENT_3D ( 'NONE', #7329, #6600, #4508 ) ;
#4454 = CIRCLE ( 'NONE', #1558, 0.1999999999999992300 ) ;
#4455 = ORIENTED_EDGE ( 'NONE', *, *, #942, .F. ) ;
#4456 = CARTESIAN_POINT ( 'NONE',  ( 4.504716842426743600, -2.484345597614078500, 2.830413255589193900 ) ) ;
#4457 = VECTOR ( 'NONE', #3447, 1000.000000000000000 ) ;
#4458 = EDGE_CURVE ( 'NONE', #125, #5518, #2868, .T. ) ;
#4459 = ORIENTED_EDGE ( 'NONE', *, *, #1246, .T. ) ;
#4460 = DIRECTION ( 'NONE',  ( 1.000000000000000000, 0.0000000000000000000, 0.0000000000000000000 ) ) ;
#4461 = CARTESIAN_POINT ( 'NONE',  ( 5.328437190809231600, 0.0000000000000000000, 17.55885521993058900 ) ) ;
#4462 = ORIENTED_EDGE ( 'NONE', *, *, #2695, .F. ) ;
#4463 = EDGE_LOOP ( 'NONE', ( #3458, #6905, #7587, #1422 ) ) ;
#4464 =( BOUNDED_CURVE ( )  B_SPLINE_CURVE ( 3, ( #5593, #62, #5029, #1480 ),
 .UNSPECIFIED., .F., .F. ) 
 B_SPLINE_CURVE_WITH_KNOTS ( ( 4, 4 ),
 ( 2.203548767338562500, 5.345141420928351600 ),
 .UNSPECIFIED. ) 
 CURVE ( )  GEOMETRIC_REPRESENTATION_ITEM ( )  RATIONAL_B_SPLINE_CURVE ( ( 1.000000000000000000, 0.3333333333333347000, 0.3333333333333347000, 1.000000000000000000 ) ) 
 REPRESENTATION_ITEM ( '' )  );
#4465 = EDGE_CURVE ( 'NONE', #2972, #6101, #392, .T. ) ;
#4466 = DIRECTION ( 'NONE',  ( 1.000000000000000000, 0.0000000000000000000, 0.0000000000000000000 ) ) ;
#4467 = LINE ( 'NONE', #8654, #2636 ) ;
#4468 = VECTOR ( 'NONE', #7302, 1000.000000000000000 ) ;
#4469 = CARTESIAN_POINT ( 'NONE',  ( -6.259999999999999800, -0.4304909072515108500, -6.879081035944381000 ) ) ;
#4470 = ADVANCED_FACE ( 'NONE', ( #1249 ), #4014, .T. ) ;
#4471 = LINE ( 'NONE', #6903, #8819 ) ;
#4472 = CARTESIAN_POINT ( 'NONE',  ( 6.159999999999998400, 2.449999999999999700, -6.775000000000000400 ) ) ;
#4473 = ORIENTED_EDGE ( 'NONE', *, *, #5066, .F. ) ;
#4474 = DIRECTION ( 'NONE',  ( 1.000000000000000000, 0.0000000000000000000, -0.0000000000000000000 ) ) ;
#4475 = EDGE_CURVE ( 'NONE', #3243, #3711, #7639, .T. ) ;
#4476 = ORIENTED_EDGE ( 'NONE', *, *, #8183, .T. ) ;
#4477 = FACE_OUTER_BOUND ( 'NONE', #387, .T. ) ;
#4478 = CARTESIAN_POINT ( 'NONE',  ( 6.811409716464075900, -2.076906743079782300, 3.066959884049312200 ) ) ;
#4479 = FACE_OUTER_BOUND ( 'NONE', #744, .T. ) ;
#4480 = EDGE_LOOP ( 'NONE', ( #3691, #644, #6569, #3481 ) ) ;
#4481 = EDGE_CURVE ( 'NONE', #8904, #2795, #906, .T. ) ;
#4482 = AXIS2_PLACEMENT_3D ( 'NONE', #4738, #7520, #1317 ) ;
#4483 = CARTESIAN_POINT ( 'NONE',  ( -6.970787788287619700, 1.982231739575804200, -10.10133456698993400 ) ) ;
#4484 = ADVANCED_FACE ( 'NONE', ( #2989 ), #5383, .F. ) ;
#4486 = CARTESIAN_POINT ( 'NONE',  ( 4.498672067103321100, -2.076906743079789000, 2.945754439782035200 ) ) ;
#4485 = CARTESIAN_POINT ( 'NONE',  ( -13.67140971646411700, -2.782424515760201900, 3.948076713621956600 ) ) ;
#4487 = LINE ( 'NONE', #6944, #4723 ) ;
#4488 = CARTESIAN_POINT ( 'NONE',  ( -6.133248313036692600, -5.263181610785591300, 1.003511519317804600 ) ) ;
#4489 = VECTOR ( 'NONE', #4580, 1000.000000000000000 ) ;
#4490 = CARTESIAN_POINT ( 'NONE',  ( 6.288207565366245300, -0.6272767695741982000, 4.245831177271616000 ) ) ;
#4491 = CARTESIAN_POINT ( 'NONE',  ( -5.809414597324541200, -0.5035730890307031900, 0.7034212491993551100 ) ) ;
#4492 = VECTOR ( 'NONE', #3319, 1000.000000000000000 ) ;
#4493 = ORIENTED_EDGE ( 'NONE', *, *, #6672, .T. ) ;
#4494 = EDGE_CURVE ( 'NONE', #1185, #8709, #1473, .T. ) ;
#4495 = DIRECTION ( 'NONE',  ( 0.0000000000000000000, 0.0000000000000000000, 1.000000000000000000 ) ) ;
#4496 = EDGE_CURVE ( 'NONE', #6519, #1327, #8288, .T. ) ;
#4497 = VECTOR ( 'NONE', #3622, 1000.000000000000000 ) ;
#4498 = CARTESIAN_POINT ( 'NONE',  ( 6.371725516837170000, 2.404999999999999800, -6.775000000000000400 ) ) ;
#4499 = FACE_OUTER_BOUND ( 'NONE', #3315, .T. ) ;
#4500 = DIRECTION ( 'NONE',  ( -1.000000000000000000, 0.0000000000000000000, 1.431289996680534200E-016 ) ) ;
#4501 = VERTEX_POINT ( 'NONE', #3982 ) ;
#4502 = CARTESIAN_POINT ( 'NONE',  ( 6.890049822376258100, 1.363344256721285700, -10.32486206401245000 ) ) ;
#4503 = VERTEX_POINT ( 'NONE', #6247 ) ;
#4504 = CARTESIAN_POINT ( 'NONE',  ( 2.178939694247144800, -1.879999999999999700, -0.5344204721237292300 ) ) ;
#4505 = AXIS2_PLACEMENT_3D ( 'NONE', #4029, #517, #2500 ) ;
#4506 = EDGE_CURVE ( 'NONE', #1991, #6839, #6549, .T. ) ;
#4507 = EDGE_LOOP ( 'NONE', ( #45, #5421, #8563, #6291 ) ) ;
#4508 = DIRECTION ( 'NONE',  ( 0.0000000000000000000, 0.1119675341219745900, 0.9937118653325239800 ) ) ;
#4509 = DIRECTION ( 'NONE',  ( 1.000000000000000000, 0.0000000000000000000, 0.0000000000000000000 ) ) ;
#4511 = CARTESIAN_POINT ( 'NONE',  ( -7.432874993747258700, 0.6887572814937224000, -7.518345873256790500 ) ) ;
#4510 = DIRECTION ( 'NONE',  ( 1.000000000000000000, 0.0000000000000000000, 0.0000000000000000000 ) ) ;
#4512 = EDGE_CURVE ( 'NONE', #8148, #4325, #4487, .T. ) ;
#4513 = CARTESIAN_POINT ( 'NONE',  ( 3.314742925103062500, -1.149999999999999900, -4.275000000000001200 ) ) ;
#4514 = ADVANCED_FACE ( 'NONE', ( #2536 ), #6194, .T. ) ;
#4515 = PLANE ( 'NONE',  #4146 ) ;
#4516 = VERTEX_POINT ( 'NONE', #5528 ) ;
#4517 = VECTOR ( 'NONE', #2239, 1000.000000000000000 ) ;
#4518 = ORIENTED_EDGE ( 'NONE', *, *, #2447, .F. ) ;
#4519 = LINE ( 'NONE', #1272, #4853 ) ;
#4520 = VERTEX_POINT ( 'NONE', #4899 ) ;
#4521 = DIRECTION ( 'NONE',  ( -4.336808689942015400E-015, 1.000000000000000000, 0.0000000000000000000 ) ) ;
#4522 = PLANE ( 'NONE',  #5260 ) ;
#4523 = DIRECTION ( 'NONE',  ( 1.000000000000000000, 0.0000000000000000000, -0.0000000000000000000 ) ) ;
#4524 = DIRECTION ( 'NONE',  ( -0.04222409276774571200, 0.5908391699278814400, -0.8056836856166773600 ) ) ;
#4525 = ADVANCED_FACE ( 'NONE', ( #6982 ), #728, .F. ) ;
#4526 = EDGE_CURVE ( 'NONE', #4566, #3049, #5145, .T. ) ;
#4527 = VERTEX_POINT ( 'NONE', #8306 ) ;
#4528 = ORIENTED_EDGE ( 'NONE', *, *, #1313, .T. ) ;
#4529 = ORIENTED_EDGE ( 'NONE', *, *, #82, .T. ) ;
#4530 = VECTOR ( 'NONE', #7570, 1000.000000000000000 ) ;
#4531 = CARTESIAN_POINT ( 'NONE',  ( -13.67140971646411900, -2.806906743079764100, 3.305061906340970100 ) ) ;
#4532 = CARTESIAN_POINT ( 'NONE',  ( 6.906217752870157200, 1.238405701530559000, -10.28010025964270300 ) ) ;
#4533 = DATE_AND_TIME ( #2472, #4316 ) ;
#4534 = CARTESIAN_POINT ( 'NONE',  ( -6.956877475934521500, 2.062346718867811300, -9.816047870048169700 ) ) ;
#4535 = ORIENTED_EDGE ( 'NONE', *, *, #3094, .F. ) ;
#4536 = VERTEX_POINT ( 'NONE', #7614 ) ;
#4537 = DIRECTION ( 'NONE',  ( -0.05233595624294380700, -0.0000000000000000000, -0.9986295347545739400 ) ) ;
#4538 = ORIENTED_EDGE ( 'NONE', *, *, #1672, .T. ) ;
#4539 = FACE_OUTER_BOUND ( 'NONE', #399, .T. ) ;
#4540 = CARTESIAN_POINT ( 'NONE',  ( 0.0000000000000000000, 2.879999999999999900, 4.738502621547048000 ) ) ;
#4542 = CARTESIAN_POINT ( 'NONE',  ( 2.398585523110160300, 2.159501087769431800, 3.656671611300824900 ) ) ;
#4541 = DIRECTION ( 'NONE',  ( 0.0000000000000000000, 0.0000000000000000000, -1.000000000000000000 ) ) ;
#4543 = DIRECTION ( 'NONE',  ( -1.000000000000000000, 2.628368902995162800E-015, -2.673649675311314200E-016 ) ) ;
#4544 = ORIENTED_EDGE ( 'NONE', *, *, #3421, .T. ) ;
#4545 = EDGE_CURVE ( 'NONE', #6580, #1675, #8057, .T. ) ;
#4546 = CARTESIAN_POINT ( 'NONE',  ( -7.371145950606280200, 2.264546309676581900, -8.021526501620334300 ) ) ;
#4547 = CARTESIAN_POINT ( 'NONE',  ( -2.388929022732410700, 2.433603000734847900, 3.472414607667896100 ) ) ;
#4548 = EDGE_LOOP ( 'NONE', ( #2200, #1748, #4174, #2504 ) ) ;
#4549 = VECTOR ( 'NONE', #6321, 1000.000000000000000 ) ;
#4550 = PLANE ( 'NONE',  #1396 ) ;
#4551 = CARTESIAN_POINT ( 'NONE',  ( 6.811409716464077700, 2.782424515760219700, 3.948076713621953900 ) ) ;
#4552 = ORIENTED_EDGE ( 'NONE', *, *, #3257, .T. ) ;
#4553 = LINE ( 'NONE', #5931, #1080 ) ;
#4554 = CARTESIAN_POINT ( 'NONE',  ( 4.498672067103321100, -2.406906743079788600, 2.945754439782035200 ) ) ;
#4555 = ORIENTED_EDGE ( 'NONE', *, *, #4747, .T. ) ;
#4556 = PLANE ( 'NONE',  #6939 ) ;
#4557 = LINE ( 'NONE', #8870, #2029 ) ;
#4558 = ORIENTED_EDGE ( 'NONE', *, *, #6347, .T. ) ;
#4559 = VECTOR ( 'NONE', #699, 1000.000000000000000 ) ;
#4560 = CARTESIAN_POINT ( 'NONE',  ( 6.259999999999998900, 2.549999999999999800, -6.775000000000000400 ) ) ;
#4561 = CARTESIAN_POINT ( 'NONE',  ( -4.492319958932258200, -2.076906743079788100, 3.066959884049311300 ) ) ;
#4562 = EDGE_CURVE ( 'NONE', #570, #8370, #6447, .T. ) ;
#4563 = DIRECTION ( 'NONE',  ( 0.0000000000000000000, 1.000000000000000000, 0.0000000000000000000 ) ) ;
#4564 = LINE ( 'NONE', #1830, #6736 ) ;
#4565 = DIRECTION ( 'NONE',  ( -1.000000000000000000, -2.628368902995162800E-015, -2.673649675311314200E-016 ) ) ;
#4566 = VERTEX_POINT ( 'NONE', #2076 ) ;
#4567 = DIRECTION ( 'NONE',  ( -1.000000000000000000, 0.0000000000000000000, 0.0000000000000000000 ) ) ;
#4568 = FACE_OUTER_BOUND ( 'NONE', #668, .T. ) ;
#4569 = ORIENTED_EDGE ( 'NONE', *, *, #6212, .T. ) ;
#4570 = CARTESIAN_POINT ( 'NONE',  ( -6.466548932916464500, -0.4663646409497493900, -0.3620892943110484700 ) ) ;
#4571 = VECTOR ( 'NONE', #7624, 1000.000000000000000 ) ;
#4572 = ORIENTED_EDGE ( 'NONE', *, *, #4114, .T. ) ;
#4573 = EDGE_LOOP ( 'NONE', ( #4102, #7031, #1662, #1425 ) ) ;
#4574 = CARTESIAN_POINT ( 'NONE',  ( -2.390120725279556000, -2.041053684971424700, 3.495153646861077800 ) ) ;
#4575 = ADVANCED_FACE ( 'NONE', ( #6123 ), #4606, .T. ) ;
#4576 = VECTOR ( 'NONE', #6043, 1000.000000000000200 ) ;
#4577 = DIRECTION ( 'NONE',  ( 0.9883419278128943200, -3.278557802084007700E-016, -0.1522505623211014000 ) ) ;
#4579 = CARTESIAN_POINT ( 'NONE',  ( 0.8147429251030625700, -1.150000000000017500, -4.275000000000001200 ) ) ;
#4578 = DIRECTION ( 'NONE',  ( 1.146609398287954500E-017, -0.03489949670250107300, 0.9993908270190956500 ) ) ;
#4580 = DIRECTION ( 'NONE',  ( 1.000000000000000000, 2.124908078801903600E-016, -0.0000000000000000000 ) ) ;
#4581 = FACE_OUTER_BOUND ( 'NONE', #1707, .T. ) ;
#4582 = ORIENTED_EDGE ( 'NONE', *, *, #5423, .T. ) ;
#4583 = CARTESIAN_POINT ( 'NONE',  ( 6.811409716464076800, 2.218232652604861200, 2.635262287109597000 ) ) ;
#4584 = VECTOR ( 'NONE', #5232, 1000.000000000000000 ) ;
#4585 = VERTEX_POINT ( 'NONE', #3387 ) ;
#4586 =( BOUNDED_CURVE ( )  B_SPLINE_CURVE ( 3, ( #2590, #1973, #8169, #3363 ),
 .UNSPECIFIED., .F., .F. ) 
 B_SPLINE_CURVE_WITH_KNOTS ( ( 4, 4 ),
 ( 0.9380438862512838800, 1.570796326794896600 ),
 .UNSPECIFIED. ) 
 CURVE ( )  GEOMETRIC_REPRESENTATION_ITEM ( )  RATIONAL_B_SPLINE_CURVE ( ( 1.000000000000000000, 0.9669127352965452000, 0.9669127352965452000, 1.000000000000000000 ) ) 
 REPRESENTATION_ITEM ( '' )  );
#4587 = CARTESIAN_POINT ( 'NONE',  ( -5.803248313036694300, -0.5064080463208693300, 0.7846038042067712300 ) ) ;
#4588 = CARTESIAN_POINT ( 'NONE',  ( -6.160000000000000100, 2.449999999999999700, -4.275000000000001200 ) ) ;
#4589 = ORIENTED_EDGE ( 'NONE', *, *, #3206, .T. ) ;
#4590 = LINE ( 'NONE', #8326, #443 ) ;
#4591 = EDGE_CURVE ( 'NONE', #4291, #2302, #1130, .T. ) ;
#4592 = CARTESIAN_POINT ( 'NONE',  ( -2.345055728690305800, -2.218232652604872800, 2.635262287109595600 ) ) ;
#4593 = VECTOR ( 'NONE', #1213, 1000.000000000000000 ) ;
#4594 = CARTESIAN_POINT ( 'NONE',  ( -4.446142582605442200, -2.782424515760226300, 3.948076713621953900 ) ) ;
#4595 = CARTESIAN_POINT ( 'NONE',  ( 6.143740578005090200, 1.278837508292852700, 1.140537025406801700 ) ) ;
#4596 = VECTOR ( 'NONE', #6988, 1000.000000000000000 ) ;
#4597 = ORIENTED_EDGE ( 'NONE', *, *, #844, .T. ) ;
#4598 = EDGE_CURVE ( 'NONE', #7253, #4520, #6233, .T. ) ;
#4599 = FACE_OUTER_BOUND ( 'NONE', #8961, .T. ) ;
#4600 = CARTESIAN_POINT ( 'NONE',  ( 6.752806337296630300, 0.9383446437143893000, -9.733433712965208400 ) ) ;
#4601 = CYLINDRICAL_SURFACE ( 'NONE', #4833, 0.1799999999999999400 ) ;
#4602 = DIRECTION ( 'NONE',  ( -0.0000000000000000000, -1.000000000000000000, -0.0000000000000000000 ) ) ;
#4603 = CARTESIAN_POINT ( 'NONE',  ( 7.058913045251232500, 2.057692400159014700, -9.857354948588742600 ) ) ;
#4604 = DIRECTION ( 'NONE',  ( -1.000000000000000000, 0.0000000000000000000, 0.0000000000000000000 ) ) ;
#4605 = CARTESIAN_POINT ( 'NONE',  ( -6.143740578005090200, 1.278837508292856700, 1.140537025406801700 ) ) ;
#4606 = CYLINDRICAL_SURFACE ( 'NONE', #6633, 1.000000000000000000 ) ;
#4607 = VERTEX_POINT ( 'NONE', #2702 ) ;
#4608 = ORIENTED_EDGE ( 'NONE', *, *, #2147, .F. ) ;
#4609 = VECTOR ( 'NONE', #6390, 1000.000000000000000 ) ;
#4610 = EDGE_CURVE ( 'NONE', #6353, #8788, #700, .T. ) ;
#4612 = CARTESIAN_POINT ( 'NONE',  ( -5.360059963454983000, 0.0000000000000000000, -4.275000000000001200 ) ) ;
#4611 = DIRECTION ( 'NONE',  ( -0.0000000000000000000, 1.000000000000000000, -0.0000000000000000000 ) ) ;
#4613 = CARTESIAN_POINT ( 'NONE',  ( 7.628237703307986500, 2.235293145312248400, -8.281148335353792700 ) ) ;
#4614 = CARTESIAN_POINT ( 'NONE',  ( 6.589999999999999000, 1.380000000000000100, 4.037451760663493900 ) ) ;
#4615 = ADVANCED_FACE ( 'NONE', ( #7842 ), #6864, .T. ) ;
#4616 = CIRCLE ( 'NONE', #3534, 0.1999999999999992300 ) ;
#4617 = EDGE_LOOP ( 'NONE', ( #3342, #8553, #6834, #1402 ) ) ;
#4618 = LINE ( 'NONE', #555, #1798 ) ;
#4619 = VERTEX_POINT ( 'NONE', #637 ) ;
#4620 = DIRECTION ( 'NONE',  ( -1.000000000000000000, -2.124908078801903100E-016, 0.0000000000000000000 ) ) ;
#4621 = CARTESIAN_POINT ( 'NONE',  ( -3.975257074896937100, -1.150000000000052500, -4.275000000000001200 ) ) ;
#4622 = EDGE_CURVE ( 'NONE', #7338, #7077, #6771, .T. ) ;
#4623 = AXIS2_PLACEMENT_3D ( 'NONE', #8741, #1930, #1236 ) ;
#4624 = CARTESIAN_POINT ( 'NONE',  ( 6.540000000000000000, 0.1500911744255225000, -3.677662888415996500 ) ) ;
#4625 = EDGE_CURVE ( 'NONE', #3243, #3473, #8280, .T. ) ;
#4626 = ORIENTED_EDGE ( 'NONE', *, *, #5558, .F. ) ;
#4627 = CARTESIAN_POINT ( 'NONE',  ( -7.259372679795119700, 0.7803213460684410600, -8.330976946357422400 ) ) ;
#4628 = ADVANCED_FACE ( 'NONE', ( #6440 ), #58, .T. ) ;
#4629 = VECTOR ( 'NONE', #5698, 1000.000000000000200 ) ;
#4630 = CARTESIAN_POINT ( 'NONE',  ( 6.703483325810384300, 0.9537309500497903600, -9.869987181691890000 ) ) ;
#4631 = CARTESIAN_POINT ( 'NONE',  ( -4.446142582605442200, 2.782424515760226300, 3.948076713621953900 ) ) ;
#4632 = DIRECTION ( 'NONE',  ( -0.0000000000000000000, -0.0000000000000000000, -1.000000000000000000 ) ) ;
#4633 = CARTESIAN_POINT ( 'NONE',  ( -13.67140971646411500, -2.076906743079764100, 3.066959884049314000 ) ) ;
#4634 = VERTEX_POINT ( 'NONE', #8361 ) ;
#4635 = ORIENTED_EDGE ( 'NONE', *, *, #2925, .F. ) ;
#4636 = ORIENTED_EDGE ( 'NONE', *, *, #427, .T. ) ;
#4637 = ORIENTED_EDGE ( 'NONE', *, *, #3891, .F. ) ;
#4638 = AXIS2_PLACEMENT_3D ( 'NONE', #6668, #5211, #6634 ) ;
#4639 = DIRECTION ( 'NONE',  ( -1.000000000000000000, -3.011672701348624000E-016, -0.0000000000000000000 ) ) ;
#4640 = CARTESIAN_POINT ( 'NONE',  ( 2.309851004465815800, -2.879999999999999900, 1.963516132128330100 ) ) ;
#4642 = DIRECTION ( 'NONE',  ( 2.277634914236021900E-015, -0.8064028636642743800, 0.5913665711502956700 ) ) ;
#4641 = CARTESIAN_POINT ( 'NONE',  ( 4.589999999999999000, -2.449999999999999700, -6.775000000000000400 ) ) ;
#4643 = VERTEX_POINT ( 'NONE', #5159 ) ;
#4644 = ORIENTED_EDGE ( 'NONE', *, *, #3819, .T. ) ;
#4645 = ORIENTED_EDGE ( 'NONE', *, *, #5673, .F. ) ;
#4646 = EDGE_CURVE ( 'NONE', #7171, #5492, #7134, .T. ) ;
#4647 = CARTESIAN_POINT ( 'NONE',  ( 6.541225487300680500, 1.969168440702132400, -10.64300508876890000 ) ) ;
#4648 = LINE ( 'NONE', #3251, #3025 ) ;
#4649 = ORIENTED_EDGE ( 'NONE', *, *, #2152, .T. ) ;
#4650 = CARTESIAN_POINT ( 'NONE',  ( -5.855184962834835400, -0.4982487474346417000, 0.5509520546897577200 ) ) ;
#4651 = DIRECTION ( 'NONE',  ( 1.000000000000000000, 2.124908078801903100E-016, 0.0000000000000000000 ) ) ;
#4652 = DIRECTION ( 'NONE',  ( 0.0000000000000000000, -0.5913665711502950100, -0.8064028636642748300 ) ) ;
#4653 = ORIENTED_EDGE ( 'NONE', *, *, #4084, .T. ) ;
#4654 = CARTESIAN_POINT ( 'NONE',  ( -4.492319958932258200, 2.076906743079788100, 3.066959884049311300 ) ) ;
#4655 = CARTESIAN_POINT ( 'NONE',  ( 4.124742925103063000, -1.149999999999999700, -4.275000000000001200 ) ) ;
#4656 = VERTEX_POINT ( 'NONE', #7864 ) ;
#4657 = VECTOR ( 'NONE', #2225, 1000.000000000000000 ) ;
#4658 = EDGE_CURVE ( 'NONE', #4361, #6314, #5250, .T. ) ;
#4659 = DIRECTION ( 'NONE',  ( 1.000000000000000000, -3.011672701348624000E-016, -0.0000000000000000000 ) ) ;
#4660 = ADVANCED_FACE ( 'NONE', ( #3202 ), #6004, .T. ) ;
#4661 = CARTESIAN_POINT ( 'NONE',  ( -2.345055728690305800, 2.218232652604872800, 2.635262287109595600 ) ) ;
#4662 = ORIENTED_EDGE ( 'NONE', *, *, #1405, .T. ) ;
#4663 = ORIENTED_EDGE ( 'NONE', *, *, #3685, .T. ) ;
#4664 = CARTESIAN_POINT ( 'NONE',  ( -1.475257074896937400, -0.9000000000000000200, -4.275000000000001200 ) ) ;
#4665 = ORIENTED_EDGE ( 'NONE', *, *, #3720, .F. ) ;
#4666 = VECTOR ( 'NONE', #7398, 1000.000000000000000 ) ;
#4667 = DIRECTION ( 'NONE',  ( -2.168404344971007700E-015, -1.000000000000000000, 0.0000000000000000000 ) ) ;
#4668 = ORIENTED_EDGE ( 'NONE', *, *, #2036, .T. ) ;
#4669 = ORIENTED_EDGE ( 'NONE', *, *, #7719, .T. ) ;
#4670 = ADVANCED_FACE ( 'NONE', ( #4599 ), #694, .T. ) ;
#4671 = CARTESIAN_POINT ( 'NONE',  ( 3.524742925103062900, -1.149999999999999900, -4.275000000000001200 ) ) ;
#4673 = CARTESIAN_POINT ( 'NONE',  ( -13.67140971646411500, 2.218232652604843900, 3.736759503280686200 ) ) ;
#4672 = PLANE ( 'NONE',  #70 ) ;
#4674 = CARTESIAN_POINT ( 'NONE',  ( -6.590000000000000700, 2.879999999999999900, -6.775000000000000400 ) ) ;
#4675 = ORIENTED_EDGE ( 'NONE', *, *, #6161, .F. ) ;
#4676 = VECTOR ( 'NONE', #8237, 1000.000000000000000 ) ;
#4677 = CARTESIAN_POINT ( 'NONE',  ( -6.589999999999999000, 0.1500911744255224400, -3.371594611156200700 ) ) ;
#4678 = VERTEX_POINT ( 'NONE', #349 ) ;
#4679 = EDGE_CURVE ( 'NONE', #7911, #4503, #8070, .T. ) ;
#4680 = AXIS2_PLACEMENT_3D ( 'NONE', #5784, #3043, #173 ) ;
#4681 = LINE ( 'NONE', #5534, #7376 ) ;
#4682 = EDGE_LOOP ( 'NONE', ( #5303, #1976, #3930, #2241 ) ) ;
#4683 = CARTESIAN_POINT ( 'NONE',  ( 0.0000000000000000000, 0.0000000000000000000, -6.775000000000000400 ) ) ;
#4684 = DIRECTION ( 'NONE',  ( -1.000000000000000000, 0.0000000000000000000, 0.0000000000000000000 ) ) ;
#4685 = LINE ( 'NONE', #1350, #5213 ) ;
#4686 = ORIENTED_EDGE ( 'NONE', *, *, #5891, .F. ) ;
#4687 = ORIENTED_EDGE ( 'NONE', *, *, #3128, .T. ) ;
#4688 = VECTOR ( 'NONE', #3684, 1000.000000000000000 ) ;
#4689 = PLANE ( 'NONE',  #8974 ) ;
#4690 = EDGE_LOOP ( 'NONE', ( #4518, #3635, #3179, #4153 ) ) ;
#4691 = CARTESIAN_POINT ( 'NONE',  ( 6.362222222222222900, 0.4566362751914923000, -3.524628749786100200 ) ) ;
#4692 = PLANE ( 'NONE',  #5901 ) ;
#4693 = LINE ( 'NONE', #2431, #8576 ) ;
#4694 = FACE_OUTER_BOUND ( 'NONE', #3968, .T. ) ;
#4695 = EDGE_LOOP ( 'NONE', ( #1490, #734, #4304, #6082 ) ) ;
#4696 = DIRECTION ( 'NONE',  ( 1.000000000000000000, 3.011672701348624000E-016, -0.0000000000000000000 ) ) ;
#4697 = EDGE_CURVE ( 'NONE', #3075, #4864, #8500, .T. ) ;
#4698 = LINE ( 'NONE', #6281, #670 ) ;
#4699 = CARTESIAN_POINT ( 'NONE',  ( -4.590000000000000700, 1.050000000000001400, -5.775000000000000400 ) ) ;
#4700 = EDGE_LOOP ( 'NONE', ( #8355, #7626, #8257, #8540, #8367, #6181, #8533, #8420, #3104, #2018, #2370, #2794 ) ) ;
#4701 = ORIENTED_EDGE ( 'NONE', *, *, #4930, .T. ) ;
#4702 = CARTESIAN_POINT ( 'NONE',  ( 7.058913045251232500, 0.9523075998409842300, -9.857354948588740800 ) ) ;
#4703 = AXIS2_PLACEMENT_3D ( 'NONE', #1576, #2965, #5736 ) ;
#4704 = EDGE_LOOP ( 'NONE', ( #6041, #2599, #2876, #731 ) ) ;
#4705 = VECTOR ( 'NONE', #4659, 1000.000000000000000 ) ;
#4706 = DIRECTION ( 'NONE',  ( 0.0000000000000000000, -1.000000000000000000, 0.0000000000000000000 ) ) ;
#4707 = CARTESIAN_POINT ( 'NONE',  ( -0.8752570748969376000, -0.8999999999999998000, -9.124999999999998200 ) ) ;
#4708 = CIRCLE ( 'NONE', #6489, 0.1999999999999992300 ) ;
#4709 = FACE_OUTER_BOUND ( 'NONE', #5992, .T. ) ;
#4710 = EDGE_LOOP ( 'NONE', ( #8314, #4035, #4051, #7944 ) ) ;
#4711 = CARTESIAN_POINT ( 'NONE',  ( -3.375257074896937000, -1.149999999999999700, -9.124999999999998200 ) ) ;
#4712 = DIRECTION ( 'NONE',  ( -2.277634914236021900E-015, -0.8064028636642743800, -0.5913665711502956700 ) ) ;
#4714 = DIRECTION ( 'NONE',  ( 0.0000000000000000000, -0.5913665711502956700, -0.8064028636642743800 ) ) ;
#4713 = CARTESIAN_POINT ( 'NONE',  ( 2.363183157159808500, -2.406906743079793500, 2.981154227533194600 ) ) ;
#4715 = DIRECTION ( 'NONE',  ( -3.285461128743965400E-016, 1.000000000000000000, -2.062312011738056000E-017 ) ) ;
#4716 = CIRCLE ( 'NONE', #6126, 0.1999999999999992300 ) ;
#4717 = CARTESIAN_POINT ( 'NONE',  ( 6.259999999999999800, -0.6279359677314483300, -1.224994274580306000 ) ) ;
#4718 = FACE_BOUND ( 'NONE', #3655, .T. ) ;
#4719 = DIRECTION ( 'NONE',  ( -3.285461128743965400E-016, 1.000000000000000000, -2.062312011738056000E-017 ) ) ;
#4720 = ORIENTED_EDGE ( 'NONE', *, *, #1360, .F. ) ;
#4721 = CARTESIAN_POINT ( 'NONE',  ( -6.160000000000000100, 2.449999999999999700, -5.775000000000000400 ) ) ;
#4722 = EDGE_CURVE ( 'NONE', #1991, #2056, #3088, .T. ) ;
#4723 = VECTOR ( 'NONE', #704, 1000.000000000000000 ) ;
#4724 = FACE_OUTER_BOUND ( 'NONE', #8008, .T. ) ;
#4725 = CARTESIAN_POINT ( 'NONE',  ( 0.2664338688640217100, 2.879999999999999900, -4.826190669741540900 ) ) ;
#4726 = ADVANCED_FACE ( 'NONE', ( #8382 ), #1821, .F. ) ;
#4727 = CARTESIAN_POINT ( 'NONE',  ( -2.424084846277508600, 2.516311570751021100, 4.143227682101551700 ) ) ;
#4728 = LINE ( 'NONE', #4486, #50 ) ;
#4729 = ORIENTED_EDGE ( 'NONE', *, *, #2020, .F. ) ;
#4730 = DIRECTION ( 'NONE',  ( -1.000000000000000000, -0.0000000000000000000, -0.0000000000000000000 ) ) ;
#4731 = CARTESIAN_POINT ( 'NONE',  ( -7.058913045251230800, 0.9523075998409846800, -9.857354948588744400 ) ) ;
#4732 = VECTOR ( 'NONE', #4198, 1000.000000000000000 ) ;
#4733 = VERTEX_POINT ( 'NONE', #7355 ) ;
#4734 = EDGE_CURVE ( 'NONE', #4138, #5725, #7633, .T. ) ;
#4735 = DIRECTION ( 'NONE',  ( -0.0000000000000000000, -1.000000000000000000, -0.0000000000000000000 ) ) ;
#4736 = DIRECTION ( 'NONE',  ( 1.000000000000000000, -0.0000000000000000000, 0.0000000000000000000 ) ) ;
#4737 = VECTOR ( 'NONE', #5900, 1000.000000000000000 ) ;
#4738 = CARTESIAN_POINT ( 'NONE',  ( 1.224742925103062800, -0.8999999999999998000, -9.124999999999998200 ) ) ;
#4739 = VERTEX_POINT ( 'NONE', #5278 ) ;
#4740 = CARTESIAN_POINT ( 'NONE',  ( -6.590000000000000700, 2.879999999999999900, -6.775000000000000400 ) ) ;
#4741 = CARTESIAN_POINT ( 'NONE',  ( 6.415666075137594700, 1.973781359995491600, -10.60206543003988800 ) ) ;
#4742 = VERTEX_POINT ( 'NONE', #6001 ) ;
#4743 = CARTESIAN_POINT ( 'NONE',  ( 4.681060305752854600, 2.549999999999999800, -0.5344204721237294500 ) ) ;
#4744 = PRODUCT_DEFINITION_SHAPE ( 'NONE', 'NONE',  #7232 ) ;
#4745 = CARTESIAN_POINT ( 'NONE',  ( -5.090000000000000700, -2.549999999999999800, 5.534999999999999300 ) ) ;
#4746 = CARTESIAN_POINT ( 'NONE',  ( -3.575257074896936800, -0.8999999999999998000, -9.324999999999995700 ) ) ;
#4747 = EDGE_CURVE ( 'NONE', #1221, #3809, #1466, .T. ) ;
#4748 = EDGE_CURVE ( 'NONE', #6156, #6820, #8052, .T. ) ;
#4749 = DIRECTION ( 'NONE',  ( -1.000000000000000000, -3.285461128743965400E-016, 0.0000000000000000000 ) ) ;
#4750 = AXIS2_PLACEMENT_3D ( 'NONE', #7214, #3001, #5117 ) ;
#4751 = ORIENTED_EDGE ( 'NONE', *, *, #5094, .F. ) ;
#4752 = VECTOR ( 'NONE', #1979, 1000.000000000000000 ) ;
#4753 = VERTEX_POINT ( 'NONE', #7305 ) ;
#4754 = DIRECTION ( 'NONE',  ( 0.0000000000000000000, -1.000000000000000000, 0.0000000000000000000 ) ) ;
#4755 = VECTOR ( 'NONE', #1971, 1000.000000000000100 ) ;
#4756 = EDGE_LOOP ( 'NONE', ( #7128, #9000, #2786, #7116 ) ) ;
#4757 = DIRECTION ( 'NONE',  ( 0.0000000000000000000, 0.0000000000000000000, 1.000000000000000000 ) ) ;
#4758 = CARTESIAN_POINT ( 'NONE',  ( -1.770000000000000700, 2.549999999999999800, -6.775000000000001200 ) ) ;
#4759 = DIRECTION ( 'NONE',  ( 0.0000000000000000000, 0.5913665711502956700, 0.8064028636642743800 ) ) ;
#4760 = CC_DESIGN_PERSON_AND_ORGANIZATION_ASSIGNMENT ( #511, #8394, ( #8579 ) ) ;
#4761 = ORIENTED_EDGE ( 'NONE', *, *, #4622, .T. ) ;
#4762 = CARTESIAN_POINT ( 'NONE',  ( 4.528222536950280200, 2.813259355862363500, 2.381897885445646500 ) ) ;
#4763 = ORIENTED_EDGE ( 'NONE', *, *, #656, .F. ) ;
#4764 = VERTEX_POINT ( 'NONE', #2421 ) ;
#4765 = FACE_OUTER_BOUND ( 'NONE', #313, .T. ) ;
#4766 = AXIS2_PLACEMENT_3D ( 'NONE', #5964, #6699, #8825 ) ;
#4767 = DIRECTION ( 'NONE',  ( -1.000000000000000000, -2.124908078801903100E-016, 0.0000000000000000000 ) ) ;
#4768 = ADVANCED_FACE ( 'NONE', ( #7189, #4371, #5364 ), #7984, .F. ) ;
#4769 = ORIENTED_EDGE ( 'NONE', *, *, #8488, .T. ) ;
#4770 = VECTOR ( 'NONE', #36, 1000.000000000000000 ) ;
#4771 = CARTESIAN_POINT ( 'NONE',  ( 1.835212641700700000, -1.150000000000017200, -4.275000000000001200 ) ) ;
#4772 = CARTESIAN_POINT ( 'NONE',  ( 6.259999999999998900, 2.550000000000046900, 4.062720395229390200 ) ) ;
#4773 = EDGE_CURVE ( 'NONE', #923, #2344, #6200, .T. ) ;
#4774 = CARTESIAN_POINT ( 'NONE',  ( 6.742602780364793900, 0.9378792118435025400, -9.729303005111084700 ) ) ;
#4775 = VERTEX_POINT ( 'NONE', #8049 ) ;
#4776 = ORIENTED_EDGE ( 'NONE', *, *, #8783, .F. ) ;
#4777 = EDGE_CURVE ( 'NONE', #8037, #6916, #2754, .T. ) ;
#4778 = ORIENTED_EDGE ( 'NONE', *, *, #5261, .F. ) ;
#4779 = VECTOR ( 'NONE', #8184, 1000.000000000000000 ) ;
#4780 = CARTESIAN_POINT ( 'NONE',  ( -1.475257074896937400, -0.9000000000000000200, -9.124999999999998200 ) ) ;
#4781 = CARTESIAN_POINT ( 'NONE',  ( -5.090000000000000700, 2.549999999999999800, 5.534999999999999300 ) ) ;
#4782 = ORIENTED_EDGE ( 'NONE', *, *, #861, .F. ) ;
#4783 = CARTESIAN_POINT ( 'NONE',  ( 6.259999999999996200, 1.380000000000000100, 4.062720395229362700 ) ) ;
#4784 = EDGE_CURVE ( 'NONE', #8069, #8709, #2982, .T. ) ;
#4785 = VERTEX_POINT ( 'NONE', #3794 ) ;
#4786 = FACE_OUTER_BOUND ( 'NONE', #2280, .T. ) ;
#4787 = DIRECTION ( 'NONE',  ( -1.000000000000000000, -0.0000000000000000000, -0.0000000000000000000 ) ) ;
#4788 = ORIENTED_EDGE ( 'NONE', *, *, #6423, .F. ) ;
#4789 = FACE_OUTER_BOUND ( 'NONE', #3996, .T. ) ;
#4790 = DIRECTION ( 'NONE',  ( 1.000000000000000000, 0.0000000000000000000, 0.0000000000000000000 ) ) ;
#4791 = ORIENTED_EDGE ( 'NONE', *, *, #628, .T. ) ;
#4792 = EDGE_CURVE ( 'NONE', #6088, #7843, #1577, .T. ) ;
#4793 = AXIS2_PLACEMENT_3D ( 'NONE', #5223, #7335, #1742 ) ;
#4794 = CARTESIAN_POINT ( 'NONE',  ( 7.332232615238415200, 2.281666181600678000, -7.869587638293979600 ) ) ;
#4795 = LINE ( 'NONE', #6932, #6618 ) ;
#4796 = PLANE ( 'NONE',  #3925 ) ;
#4797 = ORIENTED_EDGE ( 'NONE', *, *, #1373, .F. ) ;
#4798 = LINE ( 'NONE', #5844, #6407 ) ;
#4799 = LINE ( 'NONE', #5609, #6080 ) ;
#4800 = CARTESIAN_POINT ( 'NONE',  ( 6.371725516837170000, 0.6049999999999999800, -6.775000000000000400 ) ) ;
#4802 = CARTESIAN_POINT ( 'NONE',  ( -4.590000000000000700, 1.050000000000001400, -6.775000000000000400 ) ) ;
#4801 = DIRECTION ( 'NONE',  ( -1.000000000000000000, 3.011672701348624000E-016, 0.0000000000000000000 ) ) ;
#4803 = VERTEX_POINT ( 'NONE', #5183 ) ;
#4804 = PLANE ( 'NONE',  #4880 ) ;
#4805 = FACE_OUTER_BOUND ( 'NONE', #2959, .T. ) ;
#4806 = VERTEX_POINT ( 'NONE', #8203 ) ;
#4807 = DIRECTION ( 'NONE',  ( 1.146609398287955600E-017, 0.03489949670250109400, 0.9993908270190956500 ) ) ;
#4808 = LINE ( 'NONE', #4627, #2398 ) ;
#4809 = ORIENTED_EDGE ( 'NONE', *, *, #4784, .T. ) ;
#4810 = EDGE_CURVE ( 'NONE', #7801, #3132, #4834, .T. ) ;
#4811 = AXIS2_PLACEMENT_3D ( 'NONE', #408, #8122, #5320 ) ;
#4812 = ORIENTED_EDGE ( 'NONE', *, *, #2678, .T. ) ;
#4813 = EDGE_CURVE ( 'NONE', #4407, #7343, #692, .T. ) ;
#4814 = DIRECTION ( 'NONE',  ( -1.000000000000000000, -2.628368902995162000E-015, 0.0000000000000000000 ) ) ;
#4815 = DIRECTION ( 'NONE',  ( -0.04222409276774567000, -0.5908391699278821000, 0.8056836856166768000 ) ) ;
#4816 = VECTOR ( 'NONE', #2659, 1000.000000000000000 ) ;
#4817 = CARTESIAN_POINT ( 'NONE',  ( 0.8147429251030623400, -1.150000000000017500, -4.275000000000001200 ) ) ;
#4818 = VECTOR ( 'NONE', #8022, 1000.000000000000000 ) ;
#4819 = CARTESIAN_POINT ( 'NONE',  ( -3.975257074896937100, -0.9000000000000000200, -9.124999999999998200 ) ) ;
#4820 = VERTEX_POINT ( 'NONE', #4042 ) ;
#4821 = CIRCLE ( 'NONE', #4274, 0.1000000000000000500 ) ;
#4822 = ORIENTED_EDGE ( 'NONE', *, *, #7053, .T. ) ;
#4823 = CARTESIAN_POINT ( 'NONE',  ( 1.999186377991320200, -2.879999999999999900, -0.7050000000000005200 ) ) ;
#4824 = ADVANCED_FACE ( 'NONE', ( #3522 ), #3955, .T. ) ;
#4825 = ORIENTED_EDGE ( 'NONE', *, *, #8717, .F. ) ;
#4826 = VECTOR ( 'NONE', #1638, 1000.000000000000000 ) ;
#4827 = AXIS2_PLACEMENT_3D ( 'NONE', #6036, #4651, #6107 ) ;
#4828 = EDGE_CURVE ( 'NONE', #5172, #3588, #240, .T. ) ;
#4829 = LINE ( 'NONE', #7144, #5137 ) ;
#4830 = CARTESIAN_POINT ( 'NONE',  ( 4.860813622008679500, 2.549999999999999800, -0.7050000000000007400 ) ) ;
#4831 = CYLINDRICAL_SURFACE ( 'NONE', #7054, 0.6999999999999992900 ) ;
#4832 = ORIENTED_EDGE ( 'NONE', *, *, #6228, .F. ) ;
#4833 = AXIS2_PLACEMENT_3D ( 'NONE', #6095, #3289, #1954 ) ;
#4834 = LINE ( 'NONE', #317, #8826 ) ;
#4835 = EDGE_CURVE ( 'NONE', #295, #965, #2525, .T. ) ;
#4836 = CARTESIAN_POINT ( 'NONE',  ( -1.275257074896937400, -0.8999999999999998000, -9.124999999999998200 ) ) ;
#4838 = CARTESIAN_POINT ( 'NONE',  ( 5.328437190809231600, 0.0000000000000000000, 17.55885521993058900 ) ) ;
#4837 = DIRECTION ( 'NONE',  ( 0.0000000000000000000, 0.0000000000000000000, 1.000000000000000000 ) ) ;
#4839 = DIRECTION ( 'NONE',  ( -2.124908078801903100E-016, 1.000000000000000000, 0.0000000000000000000 ) ) ;
#4840 =( BOUNDED_CURVE ( )  B_SPLINE_CURVE ( 3, ( #6838, #6803, #8121, #1870 ),
 .UNSPECIFIED., .F., .F. ) 
 B_SPLINE_CURVE_WITH_KNOTS ( ( 4, 4 ),
 ( 2.203548767338562500, 5.345141420928351600 ),
 .UNSPECIFIED. ) 
 CURVE ( )  GEOMETRIC_REPRESENTATION_ITEM ( )  RATIONAL_B_SPLINE_CURVE ( ( 1.000000000000000000, 0.3333333333333347000, 0.3333333333333347000, 1.000000000000000000 ) ) 
 REPRESENTATION_ITEM ( '' )  );
#4841 = DIRECTION ( 'NONE',  ( -1.000000000000000000, 2.628368902995162800E-015, -2.673649675311314200E-016 ) ) ;
#4842 = VECTOR ( 'NONE', #7907, 1000.000000000000000 ) ;
#4843 = EDGE_LOOP ( 'NONE', ( #2449, #1714, #5514, #5543 ) ) ;
#4844 = LINE ( 'NONE', #5834, #2021 ) ;
#4845 = CARTESIAN_POINT ( 'NONE',  ( -1.950000000000000000, 2.879999999999999900, -0.5250000000000005800 ) ) ;
#4846 = EDGE_CURVE ( 'NONE', #3674, #8305, #7790, .T. ) ;
#4847 = CARTESIAN_POINT ( 'NONE',  ( -6.539999999999999100, 0.6099088255744773400, -3.371594611156200700 ) ) ;
#4848 = DIRECTION ( 'NONE',  ( 1.000000000000000000, 0.0000000000000000000, 0.0000000000000000000 ) ) ;
#4849 = CARTESIAN_POINT ( 'NONE',  ( 5.090000000000000700, -2.879999999999999900, 5.534999999999999300 ) ) ;
#4850 = VECTOR ( 'NONE', #7160, 1000.000000000000000 ) ;
#4851 = ORIENTED_EDGE ( 'NONE', *, *, #868, .T. ) ;
#4852 = CARTESIAN_POINT ( 'NONE',  ( 6.143740578005090200, 1.278837508292852700, 1.140537025406801700 ) ) ;
#4853 = VECTOR ( 'NONE', #8194, 1000.000000000000000 ) ;
#4854 = CARTESIAN_POINT ( 'NONE',  ( -6.540000000000000000, 0.6099088255744773400, -3.371594611156200700 ) ) ;
#4855 = CARTESIAN_POINT ( 'NONE',  ( 6.956877475933106700, 0.9476532811321235500, -9.816047870047597700 ) ) ;
#4856 = EDGE_LOOP ( 'NONE', ( #1508, #753, #3599, #6042, #7593, #6504, #2385, #3653, #5877, #802 ) ) ;
#4857 = DIRECTION ( 'NONE',  ( 0.0000000000000000000, 0.0000000000000000000, 1.000000000000000000 ) ) ;
#4858 = PLANE ( 'NONE',  #1964 ) ;
#4859 = EDGE_CURVE ( 'NONE', #6643, #5848, #576, .T. ) ;
#4860 = ADVANCED_FACE ( 'NONE', ( #1782 ), #3256, .T. ) ;
#4862 = DIRECTION ( 'NONE',  ( 2.124908078801903100E-016, -1.000000000000000000, -0.0000000000000000000 ) ) ;
#4861 = CARTESIAN_POINT ( 'NONE',  ( -1.685257074896937500, -1.150000000000035000, -4.275000000000001200 ) ) ;
#4863 = VERTEX_POINT ( 'NONE', #1952 ) ;
#4864 = VERTEX_POINT ( 'NONE', #4007 ) ;
#4865 = VERTEX_POINT ( 'NONE', #6825 ) ;
#4866 = PLANE ( 'NONE',  #5462 ) ;
#4867 = ORIENTED_EDGE ( 'NONE', *, *, #2054, .T. ) ;
#4868 = PLANE ( 'NONE',  #7317 ) ;
#4869 = DIRECTION ( 'NONE',  ( -1.000000000000000000, 0.0000000000000000000, 0.0000000000000000000 ) ) ;
#4870 = DIRECTION ( 'NONE',  ( 1.000000000000000000, -2.628368902995162000E-015, 0.0000000000000000000 ) ) ;
#4871 = DIRECTION ( 'NONE',  ( -0.0000000000000000000, 1.000000000000000000, -0.0000000000000000000 ) ) ;
#4872 = ORIENTED_EDGE ( 'NONE', *, *, #4160, .F. ) ;
#4873 = ORIENTED_EDGE ( 'NONE', *, *, #8801, .F. ) ;
#4874 = EDGE_LOOP ( 'NONE', ( #1035, #4493, #1420, #8857 ) ) ;
#4875 = VECTOR ( 'NONE', #1849, 1000.000000000000000 ) ;
#4876 = EDGE_CURVE ( 'NONE', #8847, #3445, #5780, .T. ) ;
#4877 = ORIENTED_EDGE ( 'NONE', *, *, #5312, .T. ) ;
#4878 = DIRECTION ( 'NONE',  ( 0.0000000000000000000, -0.0000000000000000000, -1.000000000000000000 ) ) ;
#4879 =( BOUNDED_CURVE ( )  B_SPLINE_CURVE ( 3, ( #4914, #3575, #7762, #7823 ),
 .UNSPECIFIED., .F., .F. ) 
 B_SPLINE_CURVE_WITH_KNOTS ( ( 4, 4 ),
 ( 1.570796326794947900, 2.203548767338560800 ),
 .UNSPECIFIED. ) 
 CURVE ( )  GEOMETRIC_REPRESENTATION_ITEM ( )  RATIONAL_B_SPLINE_CURVE ( ( 1.000000000000000000, 0.9669127352965449800, 0.9669127352965449800, 1.000000000000000000 ) ) 
 REPRESENTATION_ITEM ( '' )  );
#4880 = AXIS2_PLACEMENT_3D ( 'NONE', #5501, #8968, #1352 ) ;
#4881 = CARTESIAN_POINT ( 'NONE',  ( 4.421968765236090200, 2.711462539230613100, 4.409340627110760900 ) ) ;
#4882 = ORIENTED_EDGE ( 'NONE', *, *, #5752, .T. ) ;
#4883 = CARTESIAN_POINT ( 'NONE',  ( -6.260000000000000700, -2.549999999999999800, -0.7050000000000007400 ) ) ;
#4884 = DIRECTION ( 'NONE',  ( -2.376333528735352900E-015, -1.000000000000000000, 0.0000000000000000000 ) ) ;
#4885 = VERTEX_POINT ( 'NONE', #6731 ) ;
#4886 = CARTESIAN_POINT ( 'NONE',  ( -6.263847163821744800, 1.380000000000000100, 4.087694446229456900 ) ) ;
#4887 = ORIENTED_EDGE ( 'NONE', *, *, #6913, .F. ) ;
#4888 = ORIENTED_EDGE ( 'NONE', *, *, #483, .T. ) ;
#4890 = CARTESIAN_POINT ( 'NONE',  ( -5.855184962834833600, -5.263181610785591300, 0.5509520546897577200 ) ) ;
#4889 = PLANE ( 'NONE',  #6575 ) ;
#4891 = DIRECTION ( 'NONE',  ( 0.0000000000000000000, 0.0000000000000000000, 1.000000000000000000 ) ) ;
#4892 = VERTEX_POINT ( 'NONE', #1919 ) ;
#4893 = LINE ( 'NONE', #2802, #7794 ) ;
#4894 = EDGE_CURVE ( 'NONE', #5847, #4753, #3305, .T. ) ;
#4895 = ORIENTED_EDGE ( 'NONE', *, *, #6866, .F. ) ;
#4896 = VECTOR ( 'NONE', #4041, 1000.000000000000000 ) ;
#4897 = ORIENTED_EDGE ( 'NONE', *, *, #5199, .F. ) ;
#4898 = CARTESIAN_POINT ( 'NONE',  ( -1.950000000000000000, -1.879999999999999700, -0.5250000000000005800 ) ) ;
#4899 = CARTESIAN_POINT ( 'NONE',  ( 1.769999999999999800, 2.879999999999999900, -0.5249999999999994700 ) ) ;
#4900 = DIRECTION ( 'NONE',  ( -1.000000000000000000, 0.0000000000000000000, 0.0000000000000000000 ) ) ;
#4901 = ORIENTED_EDGE ( 'NONE', *, *, #7088, .F. ) ;
#4902 = DIRECTION ( 'NONE',  ( -1.146609398287955600E-017, -0.03489949670250109400, -0.9993908270190956500 ) ) ;
#4903 = CARTESIAN_POINT ( 'NONE',  ( -5.803248313036694300, 1.279836792125856700, 1.169152770350097000 ) ) ;
#4904 = ORIENTED_EDGE ( 'NONE', *, *, #6205, .F. ) ;
#4905 = DIRECTION ( 'NONE',  ( 1.000000000000000000, 0.0000000000000000000, 3.316747347134607700E-015 ) ) ;
#4906 = ADVANCED_FACE ( 'NONE', ( #8596 ), #4672, .F. ) ;
#4907 = LINE ( 'NONE', #3053, #660 ) ;
#4908 = VERTEX_POINT ( 'NONE', #465 ) ;
#4909 = CYLINDRICAL_SURFACE ( 'NONE', #8164, 0.1799999999999999900 ) ;
#4910 = ORIENTED_EDGE ( 'NONE', *, *, #6475, .F. ) ;
#4911 = FACE_OUTER_BOUND ( 'NONE', #5436, .T. ) ;
#4912 = ORIENTED_EDGE ( 'NONE', *, *, #1386, .T. ) ;
#4913 = DIRECTION ( 'NONE',  ( -0.0000000000000000000, 1.000000000000000000, -0.0000000000000000000 ) ) ;
#4914 = CARTESIAN_POINT ( 'NONE',  ( 4.492319958932258200, 2.406906743079788600, 3.066959884049311300 ) ) ;
#4915 = EDGE_CURVE ( 'NONE', #4923, #3459, #4716, .T. ) ;
#4916 = AXIS2_PLACEMENT_3D ( 'NONE', #4100, #4801, #4125 ) ;
#4917 = VECTOR ( 'NONE', #2971, 1000.000000000000000 ) ;
#4918 = DIRECTION ( 'NONE',  ( 2.992558513228112800E-016, -1.000000000000000000, 0.0000000000000000000 ) ) ;
#4919 = VECTOR ( 'NONE', #1501, 1000.000000000000000 ) ;
#4920 = VERTEX_POINT ( 'NONE', #4641 ) ;
#4921 = FACE_OUTER_BOUND ( 'NONE', #325, .T. ) ;
#4922 = ORIENTED_EDGE ( 'NONE', *, *, #4015, .T. ) ;
#4923 = VERTEX_POINT ( 'NONE', #3978 ) ;
#4925 = DIRECTION ( 'NONE',  ( -0.04222409276774594100, 0.5908391699278817700, -0.8056836856166769100 ) ) ;
#4924 = CARTESIAN_POINT ( 'NONE',  ( -7.033248313036693000, -5.263181610785591300, 0.9045998214170085600 ) ) ;
#4926 = EDGE_LOOP ( 'NONE', ( #1524, #652, #3123, #4720 ) ) ;
#4927 = CARTESIAN_POINT ( 'NONE',  ( 1.424742925103062800, -0.8999999999999998000, -9.324999999999995700 ) ) ;
#4928 = CIRCLE ( 'NONE', #4264, 0.1799999999999999400 ) ;
#4929 = VECTOR ( 'NONE', #4537, 1000.000000000000100 ) ;
#4930 = EDGE_CURVE ( 'NONE', #768, #8444, #4936, .T. ) ;
#4931 = EDGE_CURVE ( 'NONE', #3157, #7001, #2011, .T. ) ;
#4932 = LINE ( 'NONE', #2559, #1888 ) ;
#4933 = CARTESIAN_POINT ( 'NONE',  ( -0.1000000000000000100, 2.779999999999999800, -4.826190669741540900 ) ) ;
#4934 = ORIENTED_EDGE ( 'NONE', *, *, #6012, .T. ) ;
#4935 = CARTESIAN_POINT ( 'NONE',  ( -6.732399223433017900, 0.9374137799726178800, -9.725172297256985800 ) ) ;
#4936 = LINE ( 'NONE', #6026, #146 ) ;
#4937 = DIRECTION ( 'NONE',  ( -0.1521599633690915700, -0.03449312277525661700, 0.9877538003109518300 ) ) ;
#4938 = CARTESIAN_POINT ( 'NONE',  ( 2.384655323206781800, 2.406906743079793500, 3.390867562857083700 ) ) ;
#4939 = LINE ( 'NONE', #2951, #5366 ) ;
#4940 = CARTESIAN_POINT ( 'NONE',  ( -6.259999999999999800, 1.387935967731448500, -1.224994274580306000 ) ) ;
#4941 = ORIENTED_EDGE ( 'NONE', *, *, #7157, .T. ) ;
#4942 = CARTESIAN_POINT ( 'NONE',  ( 1.024742925103062600, -1.149999999999999900, -9.124999999999998200 ) ) ;
#4943 = AXIS2_PLACEMENT_3D ( 'NONE', #1579, #2997, #6494 ) ;
#4944 = VECTOR ( 'NONE', #6912, 1000.000000000000000 ) ;
#4945 = FACE_OUTER_BOUND ( 'NONE', #5286, .T. ) ;
#4946 = CARTESIAN_POINT ( 'NONE',  ( -6.590000000000000700, -2.879999999999999900, 6.775000000000000400 ) ) ;
#4947 = EDGE_CURVE ( 'NONE', #4359, #295, #1124, .T. ) ;
#4948 = LINE ( 'NONE', #1428, #2875 ) ;
#4949 = ORIENTED_EDGE ( 'NONE', *, *, #1450, .F. ) ;
#4950 = CARTESIAN_POINT ( 'NONE',  ( 4.500526772064236300, 2.076906743079788500, 2.910364560907400000 ) ) ;
#4951 = ADVANCED_FACE ( 'NONE', ( #6541 ), #5048, .F. ) ;
#4952 = VECTOR ( 'NONE', #5686, 1000.000000000000000 ) ;
#4954 = DIRECTION ( 'NONE',  ( -1.000000000000000000, 0.0000000000000000000, 0.0000000000000000000 ) ) ;
#4953 = CARTESIAN_POINT ( 'NONE',  ( -4.441028868163967600, -2.814368043255621300, 4.045652197861753200 ) ) ;
#4955 = CARTESIAN_POINT ( 'NONE',  ( 2.312736542566323500, -2.670473064430254800, 2.018575479041755800 ) ) ;
#4956 = EDGE_CURVE ( 'NONE', #1622, #2176, #8938, .T. ) ;
#4957 = VECTOR ( 'NONE', #6987, 1000.000000000000100 ) ;
#4958 = CARTESIAN_POINT ( 'NONE',  ( 4.471070977267589600, -2.433603000734842600, 3.472414607667896600 ) ) ;
#4959 = ORIENTED_EDGE ( 'NONE', *, *, #5558, .T. ) ;
#4960 = VECTOR ( 'NONE', #1728, 1000.000000000000000 ) ;
#4961 = EDGE_CURVE ( 'NONE', #6839, #1156, #2747, .T. ) ;
#4962 = DIRECTION ( 'NONE',  ( -1.431289996680534200E-016, 0.0000000000000000000, 1.000000000000000000 ) ) ;
#4963 = DIRECTION ( 'NONE',  ( 1.000000000000000000, 2.628368902995162400E-015, -2.673649675311314200E-016 ) ) ;
#4964 = CARTESIAN_POINT ( 'NONE',  ( -0.6647873582993000200, 1.049999999999965400, -5.775000000000000400 ) ) ;
#4965 = DIRECTION ( 'NONE',  ( 1.000000000000000000, 0.0000000000000000000, 0.0000000000000000000 ) ) ;
#4966 = VERTEX_POINT ( 'NONE', #2066 ) ;
#4967 = EDGE_CURVE ( 'NONE', #319, #2100, #7523, .T. ) ;
#4968 = ORIENTED_EDGE ( 'NONE', *, *, #2981, .F. ) ;
#4969 = CARTESIAN_POINT ( 'NONE',  ( -2.331777463049723200, 2.813259355862363500, 2.381897885445651800 ) ) ;
#4970 = CARTESIAN_POINT ( 'NONE',  ( 0.0000000000000000000, 2.779999999999999800, 6.775000000000000400 ) ) ;
#4971 = DIRECTION ( 'NONE',  ( -1.000000000000000000, 0.0000000000000000000, -0.0000000000000000000 ) ) ;
#4972 = CARTESIAN_POINT ( 'NONE',  ( 6.263847163821742100, -5.263181610785594000, 4.087694446229456900 ) ) ;
#4973 = ORIENTED_EDGE ( 'NONE', *, *, #4292, .F. ) ;
#4974 = EDGE_LOOP ( 'NONE', ( #935, #3839, #7293, #8289, #1730 ) ) ;
#4975 = EDGE_LOOP ( 'NONE', ( #2779, #1531, #2161, #2378, #3827, #2831, #7482, #3616, #8656, #1774, #5122, #4128, #2367, #4825, #2124 ) ) ;
#4976 = VECTOR ( 'NONE', #8558, 1000.000000000000000 ) ;
#4977 = ORIENTED_EDGE ( 'NONE', *, *, #621, .F. ) ;
#4978 = EDGE_CURVE ( 'NONE', #7753, #8594, #6327, .T. ) ;
#4979 = CARTESIAN_POINT ( 'NONE',  ( -6.160000000000000100, -2.449999999999999700, -4.275000000000001200 ) ) ;
#4980 = AXIS2_PLACEMENT_3D ( 'NONE', #2112, #7695, #3560 ) ;
#4981 = EDGE_CURVE ( 'NONE', #4516, #1430, #5680, .T. ) ;
#4983 = CARTESIAN_POINT ( 'NONE',  ( 6.171250739718261400, 1.261562068741344500, 0.6458331628360933800 ) ) ;
#4982 = PLANE ( 'NONE',  #6883 ) ;
#4984 = CARTESIAN_POINT ( 'NONE',  ( 1.999186377991320200, 2.879999999999999900, -0.7050000000000005200 ) ) ;
#4985 = ORIENTED_EDGE ( 'NONE', *, *, #1578, .F. ) ;
#4986 = ORIENTED_EDGE ( 'NONE', *, *, #2268, .F. ) ;
#4987 = ORIENTED_EDGE ( 'NONE', *, *, #7996, .F. ) ;
#4988 = VECTOR ( 'NONE', #167, 1000.000000000000000 ) ;
#4989 = VERTEX_POINT ( 'NONE', #6884 ) ;
#4990 = LINE ( 'NONE', #5508, #5099 ) ;
#4991 = CARTESIAN_POINT ( 'NONE',  ( 4.467444677206666300, -2.484345597614078000, 3.541608534801085700 ) ) ;
#4992 = EDGE_CURVE ( 'NONE', #4733, #6256, #5774, .T. ) ;
#4993 = VERTEX_POINT ( 'NONE', #1349 ) ;
#4994 = ORIENTED_EDGE ( 'NONE', *, *, #366, .F. ) ;
#4995 = CARTESIAN_POINT ( 'NONE',  ( -6.160000000000000100, 2.449999999999999700, -6.775000000000000400 ) ) ;
#4996 = ADVANCED_FACE ( 'NONE', ( #6874 ), #8041, .F. ) ;
#4997 = AXIS2_PLACEMENT_3D ( 'NONE', #8003, #1756, #7951 ) ;
#4998 = ORIENTED_EDGE ( 'NONE', *, *, #8962, .T. ) ;
#4999 = LINE ( 'NONE', #5257, #2704 ) ;
#5000 = CARTESIAN_POINT ( 'NONE',  ( 5.855184962834835400, 1.258248747434644700, 0.5509520546897577200 ) ) ;
#5001 = ORIENTED_EDGE ( 'NONE', *, *, #6409, .F. ) ;
#5002 = DIRECTION ( 'NONE',  ( 0.1522505623211013700, -4.585288623074385000E-017, 0.9883419278128942100 ) ) ;
#5003 = EDGE_CURVE ( 'NONE', #840, #6207, #3729, .T. ) ;
#5004 = CARTESIAN_POINT ( 'NONE',  ( -3.164787358299299600, 1.049999999999947900, -5.775000000000000400 ) ) ;
#5005 = VERTEX_POINT ( 'NONE', #6296 ) ;
#5006 = CARTESIAN_POINT ( 'NONE',  ( -2.348323354911687300, -2.076906743079794700, 2.697612309684155600 ) ) ;
#5007 = CARTESIAN_POINT ( 'NONE',  ( -7.628237703307986500, 2.235293145312248400, -8.281148335353792700 ) ) ;
#5008 = ADVANCED_FACE ( 'NONE', ( #2975 ), #4889, .T. ) ;
#5009 = VERTEX_POINT ( 'NONE', #632 ) ;
#5010 = VECTOR ( 'NONE', #7761, 1000.000000000000200 ) ;
#5011 = VERTEX_POINT ( 'NONE', #719 ) ;
#5012 = CYLINDRICAL_SURFACE ( 'NONE', #8929, 0.1650000000000002000 ) ;
#5013 = CARTESIAN_POINT ( 'NONE',  ( 2.402782751676284500, -2.218232652604873200, 3.736759503280682600 ) ) ;
#5014 = VERTEX_POINT ( 'NONE', #1408 ) ;
#5015 = DIRECTION ( 'NONE',  ( 0.0000000000000000000, 0.0000000000000000000, 1.000000000000000000 ) ) ;
#5016 = LINE ( 'NONE', #3226, #2832 ) ;
#5017 = EDGE_CURVE ( 'NONE', #4585, #931, #4590, .T. ) ;
#5018 = ORIENTED_EDGE ( 'NONE', *, *, #2198, .F. ) ;
#5019 = LINE ( 'NONE', #3864, #217 ) ;
#5020 = VECTOR ( 'NONE', #544, 1000.000000000000000 ) ;
#5021 = ORIENTED_EDGE ( 'NONE', *, *, #6205, .T. ) ;
#5022 = CARTESIAN_POINT ( 'NONE',  ( -6.089999999999998100, -0.6200000000000000000, -3.249120853379041000E-031 ) ) ;
#5023 = CARTESIAN_POINT ( 'NONE',  ( 0.3664338688640217400, 2.779999999999999800, 3.914026416602995400 ) ) ;
#5024 = LINE ( 'NONE', #5527, #6096 ) ;
#5025 = DIRECTION ( 'NONE',  ( 1.000000000000000000, 2.628368902995162400E-015, -2.673649675311314200E-016 ) ) ;
#5026 = ORIENTED_EDGE ( 'NONE', *, *, #8959, .F. ) ;
#5027 = LINE ( 'NONE', #8189, #779 ) ;
#5028 = ORIENTED_EDGE ( 'NONE', *, *, #5071, .F. ) ;
#5029 = CARTESIAN_POINT ( 'NONE',  ( 2.427803805880960600, -2.977575484239827200, 4.214189658631164000 ) ) ;
#5030 = ORIENTED_EDGE ( 'NONE', *, *, #4161, .T. ) ;
#5031 = VECTOR ( 'NONE', #6079, 1000.000000000000000 ) ;
#5032 = PLANE ( 'NONE',  #4703 ) ;
#5033 = FACE_BOUND ( 'NONE', #7890, .T. ) ;
#5034 = CARTESIAN_POINT ( 'NONE',  ( 6.589999999999999000, 0.6099088255744773400, -3.371594611156200700 ) ) ;
#5035 = LINE ( 'NONE', #4347, #1660 ) ;
#5036 = DIRECTION ( 'NONE',  ( 0.0000000000000000000, 1.000000000000000000, 0.0000000000000000000 ) ) ;
#5037 = ORIENTED_EDGE ( 'NONE', *, *, #6477, .T. ) ;
#5038 = EDGE_CURVE ( 'NONE', #1872, #4739, #1259, .T. ) ;
#5039 = DIRECTION ( 'NONE',  ( 2.124908078801903100E-016, -1.000000000000000000, -0.0000000000000000000 ) ) ;
#5040 = ORIENTED_EDGE ( 'NONE', *, *, #7039, .T. ) ;
#5041 = LINE ( 'NONE', #8512, #795 ) ;
#5042 = FACE_OUTER_BOUND ( 'NONE', #3933, .T. ) ;
#5043 = CARTESIAN_POINT ( 'NONE',  ( 1.624742925103062500, -0.8999999999999998000, -9.124999999999998200 ) ) ;
#5044 = ADVANCED_FACE ( 'NONE', ( #2003 ), #8710, .F. ) ;
#5045 = FACE_BOUND ( 'NONE', #7068, .T. ) ;
#5046 = CARTESIAN_POINT ( 'NONE',  ( -1.999186377991320200, 2.879999999999999900, -0.7050000000000005200 ) ) ;
#5047 = ORIENTED_EDGE ( 'NONE', *, *, #8245, .T. ) ;
#5048 = CYLINDRICAL_SURFACE ( 'NONE', #7787, 0.1799999999999997700 ) ;
#5049 = AXIS2_PLACEMENT_3D ( 'NONE', #8249, #8957, #4878 ) ;
#5050 = EDGE_CURVE ( 'NONE', #6366, #8227, #955, .T. ) ;
#5051 = FACE_OUTER_BOUND ( 'NONE', #8180, .T. ) ;
#5052 = CARTESIAN_POINT ( 'NONE',  ( -7.011002799247219900, 2.042746805812495600, -9.989997098414113100 ) ) ;
#5053 = ADVANCED_FACE ( 'NONE', ( #4477 ), #812, .F. ) ;
#5054 = APPROVAL_STATUS ( 'not_yet_approved' ) ;
#5055 = CIRCLE ( 'NONE', #8963, 0.1000000000000000500 ) ;
#5056 = ORIENTED_EDGE ( 'NONE', *, *, #1752, .T. ) ;
#5057 = PLANE ( 'NONE',  #6422 ) ;
#5058 = VECTOR ( 'NONE', #4045, 1000.000000000000000 ) ;
#5059 = CARTESIAN_POINT ( 'NONE',  ( -6.160000000000000100, 2.449999999999999700, -6.775000000000000400 ) ) ;
#5060 = VECTOR ( 'NONE', #7825, 1000.000000000000000 ) ;
#5061 = CARTESIAN_POINT ( 'NONE',  ( -1.685257074896937500, -1.150000000000035000, -4.275000000000001200 ) ) ;
#5062 = DIRECTION ( 'NONE',  ( -0.1521599633690915700, 0.03449312277525674200, 0.9877538003109518300 ) ) ;
#5063 = ORIENTED_EDGE ( 'NONE', *, *, #3558, .F. ) ;
#5064 = CARTESIAN_POINT ( 'NONE',  ( -6.260000000000000700, 2.549999999999999800, 6.775000000000000400 ) ) ;
#5065 = ORIENTED_EDGE ( 'NONE', *, *, #1862, .F. ) ;
#5066 = EDGE_CURVE ( 'NONE', #7342, #2218, #1353, .T. ) ;
#5067 = DIRECTION ( 'NONE',  ( -0.05233595624294350200, -0.0000000000000000000, -0.9986295347545739400 ) ) ;
#5068 = DIRECTION ( 'NONE',  ( 1.000000000000000000, -3.011672701348624000E-016, -0.0000000000000000000 ) ) ;
#5069 = ORIENTED_EDGE ( 'NONE', *, *, #5510, .T. ) ;
#5070 = CARTESIAN_POINT ( 'NONE',  ( 0.3664338688640217400, 2.779999999999999800, 4.738502621547048000 ) ) ;
#5071 = EDGE_CURVE ( 'NONE', #6461, #2553, #7627, .T. ) ;
#5072 = ORIENTED_EDGE ( 'NONE', *, *, #5387, .F. ) ;
#5073 = CARTESIAN_POINT ( 'NONE',  ( -6.260000000000000700, 1.380000000000000100, 4.062720395229402600 ) ) ;
#5074 = CARTESIAN_POINT ( 'NONE',  ( -6.464210014482590700, 1.227482916539055700, -0.3300660712957965700 ) ) ;
#5075 = VERTEX_POINT ( 'NONE', #5723 ) ;
#5076 = CARTESIAN_POINT ( 'NONE',  ( -6.854841906614686800, 2.067001037576750000, -9.774740791506344500 ) ) ;
#5077 = ORIENTED_EDGE ( 'NONE', *, *, #5878, .F. ) ;
#5078 = VERTEX_POINT ( 'NONE', #6361 ) ;
#5079 = DIRECTION ( 'NONE',  ( -1.000000000000000000, -2.628368902995162800E-015, -2.673649675311314200E-016 ) ) ;
#5080 = ADVANCED_FACE ( 'NONE', ( #138 ), #4982, .F. ) ;
#5081 = EDGE_CURVE ( 'NONE', #3129, #4361, #1775, .T. ) ;
#5082 = DIRECTION ( 'NONE',  ( 1.000000000000000000, 0.0000000000000000000, 0.0000000000000000000 ) ) ;
#5083 = PLANE ( 'NONE',  #2533 ) ;
#5084 = ORIENTED_EDGE ( 'NONE', *, *, #3678, .F. ) ;
#5085 = ORIENTED_EDGE ( 'NONE', *, *, #6423, .T. ) ;
#5086 = EDGE_LOOP ( 'NONE', ( #6930, #7824, #7773, #7365, #3234, #4310 ) ) ;
#5087 = LINE ( 'NONE', #2655, #8097 ) ;
#5088 = CARTESIAN_POINT ( 'NONE',  ( -7.432874993747258700, 2.321242718506276900, -7.518345873256791400 ) ) ;
#5089 = CARTESIAN_POINT ( 'NONE',  ( -13.67140971646411900, 2.880000000000000300, 2.290888604263722000 ) ) ;
#5090 = CARTESIAN_POINT ( 'NONE',  ( 4.910000000000000100, -1.879999999999999700, -0.5250000000000008000 ) ) ;
#5091 = CARTESIAN_POINT ( 'NONE',  ( 0.0000000000000000000, 0.0000000000000000000, -4.275000000000001200 ) ) ;
#5092 = ADVANCED_FACE ( 'NONE', ( #4362 ), #2240, .T. ) ;
#5093 = ORIENTED_EDGE ( 'NONE', *, *, #7080, .T. ) ;
#5094 = EDGE_CURVE ( 'NONE', #5078, #5786, #2517, .T. ) ;
#5095 = CARTESIAN_POINT ( 'NONE',  ( -3.975257074896937100, -0.9000000000000000200, -4.275000000000001200 ) ) ;
#5096 = EDGE_CURVE ( 'NONE', #5638, #1622, #5570, .T. ) ;
#5097 = CARTESIAN_POINT ( 'NONE',  ( 5.089999999999999900, 1.879999999999999700, -7.285266083103919200E-016 ) ) ;
#5098 = ORIENTED_EDGE ( 'NONE', *, *, #8472, .T. ) ;
#5099 = VECTOR ( 'NONE', #1418, 1000.000000000000000 ) ;
#5100 = ORIENTED_EDGE ( 'NONE', *, *, #296, .T. ) ;
#5101 = ORIENTED_EDGE ( 'NONE', *, *, #881, .F. ) ;
#5102 = ORIENTED_EDGE ( 'NONE', *, *, #5655, .T. ) ;
#5103 = LINE ( 'NONE', #293, #4129 ) ;
#5104 = CARTESIAN_POINT ( 'NONE',  ( 6.289999999999999100, 3.128659157688541200, -0.3525249755142022500 ) ) ;
#5105 = CARTESIAN_POINT ( 'NONE',  ( -6.541225487300819100, 1.040831559297865900, -10.64300508876899600 ) ) ;
#5106 = AXIS2_PLACEMENT_3D ( 'NONE', #267, #2969, #1690 ) ;
#5107 = ORIENTED_EDGE ( 'NONE', *, *, #5328, .T. ) ;
#5108 = CYLINDRICAL_SURFACE ( 'NONE', #7402, 1.230000000000000200 ) ;
#5109 = VERTEX_POINT ( 'NONE', #2879 ) ;
#5110 = CARTESIAN_POINT ( 'NONE',  ( -2.309851004465816700, -2.879999999999999900, 1.963516132128329000 ) ) ;
#5111 = ORIENTED_EDGE ( 'NONE', *, *, #547, .T. ) ;
#5112 = VERTEX_POINT ( 'NONE', #7798 ) ;
#5113 = LINE ( 'NONE', #1171, #8348 ) ;
#5114 = EDGE_CURVE ( 'NONE', #7889, #3571, #5041, .T. ) ;
#5115 = DIRECTION ( 'NONE',  ( -2.124908078801903100E-016, 1.000000000000000000, 0.0000000000000000000 ) ) ;
#5116 =( BOUNDED_CURVE ( )  B_SPLINE_CURVE ( 3, ( #4605, #2473, #8723, #8075 ),
 .UNSPECIFIED., .F., .F. ) 
 B_SPLINE_CURVE_WITH_KNOTS ( ( 4, 4 ),
 ( 4.559543995861962400, 4.712388980384710100 ),
 .UNSPECIFIED. ) 
 CURVE ( )  GEOMETRIC_REPRESENTATION_ITEM ( )  RATIONAL_B_SPLINE_CURVE ( ( 1.000000000000000000, 0.9980541482144369400, 0.9980541482144369400, 1.000000000000000000 ) ) 
 REPRESENTATION_ITEM ( '' )  );
#5117 = DIRECTION ( 'NONE',  ( -1.000000000000000000, -2.124908078801903100E-016, 0.0000000000000000000 ) ) ;
#5118 = ORIENTED_EDGE ( 'NONE', *, *, #3222, .T. ) ;
#5119 = VECTOR ( 'NONE', #664, 1000.000000000000000 ) ;
#5120 = ORIENTED_EDGE ( 'NONE', *, *, #2147, .T. ) ;
#5121 = FACE_OUTER_BOUND ( 'NONE', #4756, .T. ) ;
#5122 = ORIENTED_EDGE ( 'NONE', *, *, #8762, .T. ) ;
#5123 = DIRECTION ( 'NONE',  ( -1.000000000000000000, 0.0000000000000000000, 0.0000000000000000000 ) ) ;
#5124 = ADVANCED_FACE ( 'NONE', ( #572 ), #865, .T. ) ;
#5125 = CARTESIAN_POINT ( 'NONE',  ( -6.263847163821743900, -0.6199999999999998800, 4.087694446229456900 ) ) ;
#5126 = LINE ( 'NONE', #1271, #2392 ) ;
#5127 = EDGE_CURVE ( 'NONE', #90, #2350, #7296, .T. ) ;
#5128 = VECTOR ( 'NONE', #1029, 1000.000000000000000 ) ;
#5129 = EDGE_LOOP ( 'NONE', ( #5934, #8446, #622, #2631 ) ) ;
#5130 = LINE ( 'NONE', #187, #7822 ) ;
#5131 = ORIENTED_EDGE ( 'NONE', *, *, #2678, .F. ) ;
#5132 = EDGE_LOOP ( 'NONE', ( #6067, #1436, #2565, #6071 ) ) ;
#5133 = VERTEX_POINT ( 'NONE', #4270 ) ;
#5134 = CARTESIAN_POINT ( 'NONE',  ( 6.589999999999999000, -0.8163860513228528000, 4.171510050329749800 ) ) ;
#5135 = LINE ( 'NONE', #8770, #3623 ) ;
#5136 = CARTESIAN_POINT ( 'NONE',  ( -5.360059963454983000, 0.0000000000000000000, -4.275000000000001200 ) ) ;
#5137 = VECTOR ( 'NONE', #6511, 1000.000000000000000 ) ;
#5138 = DIRECTION ( 'NONE',  ( -0.0000000000000000000, 0.0000000000000000000, -1.000000000000000000 ) ) ;
#5139 = ORIENTED_EDGE ( 'NONE', *, *, #3873, .F. ) ;
#5140 = DIRECTION ( 'NONE',  ( 2.124908078801903100E-016, -1.000000000000000000, -0.0000000000000000000 ) ) ;
#5141 = VECTOR ( 'NONE', #3339, 1000.000000000000000 ) ;
#5142 = CARTESIAN_POINT ( 'NONE',  ( -3.375257074896937000, -1.150000000000052300, -5.775000000000000400 ) ) ;
#5143 = CYLINDRICAL_SURFACE ( 'NONE', #6791, 0.1799999999999999400 ) ;
#5144 = EDGE_CURVE ( 'NONE', #4908, #2232, #7079, .T. ) ;
#5145 =( BOUNDED_CURVE ( )  B_SPLINE_CURVE ( 3, ( #8242, #3449, #8951, #5560 ),
 .UNSPECIFIED., .F., .F. ) 
 B_SPLINE_CURVE_WITH_KNOTS ( ( 4, 4 ),
 ( 0.9380438862512838800, 1.570796326794896600 ),
 .UNSPECIFIED. ) 
 CURVE ( )  GEOMETRIC_REPRESENTATION_ITEM ( )  RATIONAL_B_SPLINE_CURVE ( ( 1.000000000000000000, 0.9669127352965452000, 0.9669127352965452000, 1.000000000000000000 ) ) 
 REPRESENTATION_ITEM ( '' )  );
#5146 = ORIENTED_EDGE ( 'NONE', *, *, #6106, .F. ) ;
#5147 = VECTOR ( 'NONE', #5316, 1000.000000000000000 ) ;
#5148 = VERTEX_POINT ( 'NONE', #5046 ) ;
#5149 = DIRECTION ( 'NONE',  ( 0.05233595624294380700, 1.956469775142901800E-015, -0.9986295347545739400 ) ) ;
#5150 = LINE ( 'NONE', #455, #6780 ) ;
#5151 = CARTESIAN_POINT ( 'NONE',  ( -6.171250739718260500, -0.5015620687413416800, 0.6458331628360934900 ) ) ;
#5152 = CARTESIAN_POINT ( 'NONE',  ( -0.6647873582993000200, -1.150000000000034800, -5.775000000000000400 ) ) ;
#5153 = AXIS2_PLACEMENT_3D ( 'NONE', #8633, #8670, #1055 ) ;
#5154 = LINE ( 'NONE', #2520, #3855 ) ;
#5155 = EDGE_CURVE ( 'NONE', #1119, #3711, #1884, .T. ) ;
#5156 = ORIENTED_EDGE ( 'NONE', *, *, #5752, .F. ) ;
#5157 = LINE ( 'NONE', #1395, #1593 ) ;
#5158 = AXIS2_PLACEMENT_3D ( 'NONE', #95, #5712, #6438 ) ;
#5160 = DIRECTION ( 'NONE',  ( 0.0000000000000000000, -1.000000000000000000, 0.0000000000000000000 ) ) ;
#5159 = CARTESIAN_POINT ( 'NONE',  ( -6.590000000000000700, 2.404999999999999800, -6.775000000000000400 ) ) ;
#5161 = CARTESIAN_POINT ( 'NONE',  ( -0.6647873582993000200, -1.150000000000034800, -5.775000000000000400 ) ) ;
#5162 = ORIENTED_EDGE ( 'NONE', *, *, #2481, .F. ) ;
#5163 = LINE ( 'NONE', #7747, #7656 ) ;
#5164 = DIRECTION ( 'NONE',  ( -1.000000000000000000, -2.124908078801903100E-016, 0.0000000000000000000 ) ) ;
#5165 = EDGE_LOOP ( 'NONE', ( #2348, #1178, #3037, #4413 ) ) ;
#5166 = DIRECTION ( 'NONE',  ( 0.0000000000000000000, -1.000000000000000000, 0.0000000000000000000 ) ) ;
#5167 = CARTESIAN_POINT ( 'NONE',  ( -4.508326273698511200, 2.125627413300262600, 2.761541204127667000 ) ) ;
#5168 = ORIENTED_EDGE ( 'NONE', *, *, #3673, .T. ) ;
#5169 = CARTESIAN_POINT ( 'NONE',  ( -3.164787358299299600, 1.049999999999947900, -4.275000000000001200 ) ) ;
#5170 = ADVANCED_FACE ( 'NONE', ( #6644 ), #8165, .F. ) ;
#5171 = AXIS2_PLACEMENT_3D ( 'NONE', #1922, #8950, #4814 ) ;
#5172 = VERTEX_POINT ( 'NONE', #5125 ) ;
#5173 = EDGE_CURVE ( 'NONE', #7564, #2343, #2415, .T. ) ;
#5174 = DIRECTION ( 'NONE',  ( -0.0000000000000000000, -0.0000000000000000000, -1.000000000000000000 ) ) ;
#5175 = DIRECTION ( 'NONE',  ( -3.285461128743965400E-016, 1.000000000000000000, -2.062312011738056000E-017 ) ) ;
#5176 = DIRECTION ( 'NONE',  ( 2.628368902995162400E-015, -1.000000000000000000, 1.821407751266292700E-015 ) ) ;
#5177 = VERTEX_POINT ( 'NONE', #8621 ) ;
#5178 = ORIENTED_EDGE ( 'NONE', *, *, #8159, .F. ) ;
#5179 = ORIENTED_EDGE ( 'NONE', *, *, #8011, .T. ) ;
#5180 = VECTOR ( 'NONE', #7196, 1000.000000000000000 ) ;
#5181 = ORIENTED_EDGE ( 'NONE', *, *, #1987, .F. ) ;
#5182 = CARTESIAN_POINT ( 'NONE',  ( 6.459581821358177900, 1.228021301603103000, -0.3146487402378808100 ) ) ;
#5183 = CARTESIAN_POINT ( 'NONE',  ( -1.769999999999999800, -2.549999999999999800, -0.5249999999999994700 ) ) ;
#5184 = ORIENTED_EDGE ( 'NONE', *, *, #7856, .F. ) ;
#5185 = VERTEX_POINT ( 'NONE', #5151 ) ;
#5186 = ORIENTED_EDGE ( 'NONE', *, *, #2658, .T. ) ;
#5187 = CARTESIAN_POINT ( 'NONE',  ( -2.413857417394556400, 2.782424515760231200, 3.948076713621953000 ) ) ;
#5188 = CIRCLE ( 'NONE', #2235, 0.1799999999999999400 ) ;
#5189 = EDGE_CURVE ( 'NONE', #3230, #306, #6115, .T. ) ;
#5190 = AXIS2_PLACEMENT_3D ( 'NONE', #480, #8768, #3937 ) ;
#5191 = EDGE_LOOP ( 'NONE', ( #4451, #957, #4090, #302, #2913 ) ) ;
#5192 = CARTESIAN_POINT ( 'NONE',  ( -4.640307561336753000, 1.879999999999999700, 0.2431882144799621700 ) ) ;
#5193 = CARTESIAN_POINT ( 'NONE',  ( 0.2664338688640217600, 2.779999999999999800, 4.638502621547047500 ) ) ;
#5194 = VERTEX_POINT ( 'NONE', #6539 ) ;
#5195 = ORIENTED_EDGE ( 'NONE', *, *, #7248, .F. ) ;
#5196 = ORIENTED_EDGE ( 'NONE', *, *, #641, .F. ) ;
#5197 = FACE_OUTER_BOUND ( 'NONE', #2692, .T. ) ;
#5198 = ORIENTED_EDGE ( 'NONE', *, *, #7490, .T. ) ;
#5199 = EDGE_CURVE ( 'NONE', #6510, #8115, #7939, .T. ) ;
#5200 = ADVANCED_FACE ( 'NONE', ( #3840 ), #7727, .F. ) ;
#5201 = EDGE_CURVE ( 'NONE', #1156, #1026, #2104, .T. ) ;
#5202 = DIRECTION ( 'NONE',  ( 0.0000000000000000000, -1.000000000000000000, 0.0000000000000000000 ) ) ;
#5203 = VERTEX_POINT ( 'NONE', #1725 ) ;
#5204 = AXIS2_PLACEMENT_3D ( 'NONE', #3779, #8680, #4495 ) ;
#5205 = DIRECTION ( 'NONE',  ( 0.05233595624294380700, 0.0000000000000000000, 0.9986295347545739400 ) ) ;
#5206 = VERTEX_POINT ( 'NONE', #7199 ) ;
#5207 = LINE ( 'NONE', #68, #5010 ) ;
#5208 = ORIENTED_EDGE ( 'NONE', *, *, #2763, .T. ) ;
#5209 = VECTOR ( 'NONE', #4871, 1000.000000000000000 ) ;
#5210 = VERTEX_POINT ( 'NONE', #252 ) ;
#5211 = DIRECTION ( 'NONE',  ( -2.124908078801903100E-016, 1.000000000000000000, 0.0000000000000000000 ) ) ;
#5212 = ADVANCED_FACE ( 'NONE', ( #228 ), #3759, .F. ) ;
#5213 = VECTOR ( 'NONE', #4154, 1000.000000000000000 ) ;
#5214 = CARTESIAN_POINT ( 'NONE',  ( -6.133248313036694400, 1.270598399577802300, 0.9045998214170116700 ) ) ;
#5215 = CARTESIAN_POINT ( 'NONE',  ( -4.681060305752854600, 2.879999999999999900, -0.5344204721237294500 ) ) ;
#5216 = CC_DESIGN_DATE_AND_TIME_ASSIGNMENT ( #6927, #2271, ( #7232 ) ) ;
#5217 = VERTEX_POINT ( 'NONE', #305 ) ;
#5218 = VECTOR ( 'NONE', #3292, 1000.000000000000000 ) ;
#5219 = CARTESIAN_POINT ( 'NONE',  ( 0.0000000000000000000, -1.879999999999999700, 5.534999999999999300 ) ) ;
#5220 = CIRCLE ( 'NONE', #297, 0.1000000000000000500 ) ;
#5221 = ORIENTED_EDGE ( 'NONE', *, *, #3558, .T. ) ;
#5222 = CARTESIAN_POINT ( 'NONE',  ( 7.332232615238415200, 0.7283338183993207600, -7.869587638293979600 ) ) ;
#5223 = CARTESIAN_POINT ( 'NONE',  ( -5.803248313036692500, -5.263181610785591300, 1.003511519317803900 ) ) ;
#5224 = LINE ( 'NONE', #6121, #7910 ) ;
#5225 = EDGE_CURVE ( 'NONE', #8562, #117, #2213, .T. ) ;
#5226 = EDGE_LOOP ( 'NONE', ( #2249, #7554, #5717, #5443 ) ) ;
#5227 = LINE ( 'NONE', #4255, #1223 ) ;
#5228 = DIRECTION ( 'NONE',  ( 2.124908078801903100E-016, -1.000000000000000000, -0.0000000000000000000 ) ) ;
#5229 = ORIENTED_EDGE ( 'NONE', *, *, #6529, .F. ) ;
#5230 = VERTEX_POINT ( 'NONE', #3099 ) ;
#5231 = EDGE_CURVE ( 'NONE', #4739, #1109, #1114, .T. ) ;
#5232 = DIRECTION ( 'NONE',  ( -0.0000000000000000000, 1.000000000000000000, -0.0000000000000000000 ) ) ;
#5233 = VECTOR ( 'NONE', #4563, 1000.000000000000000 ) ;
#5234 = VECTOR ( 'NONE', #6193, 1000.000000000000000 ) ;
#5235 = CARTESIAN_POINT ( 'NONE',  ( -2.321346103522036400, 2.550000000000001200, 2.182855688459062600 ) ) ;
#5236 = CARTESIAN_POINT ( 'NONE',  ( -4.496816842840190500, -2.406906743079788100, 2.981154227533195000 ) ) ;
#5237 = VECTOR ( 'NONE', #945, 1000.000000000000000 ) ;
#5238 = CARTESIAN_POINT ( 'NONE',  ( -4.467444677206665400, 2.484345597614078000, 3.541608534801085700 ) ) ;
#5239 = ORIENTED_EDGE ( 'NONE', *, *, #195, .F. ) ;
#5240 = CARTESIAN_POINT ( 'NONE',  ( 6.889950177623741300, 1.646655743278714800, -10.32513793598755400 ) ) ;
#5241 = EDGE_CURVE ( 'NONE', #6455, #2176, #5993, .T. ) ;
#5242 = ORIENTED_EDGE ( 'NONE', *, *, #2481, .T. ) ;
#5243 = VECTOR ( 'NONE', #6995, 1000.000000000000000 ) ;
#5244 = CARTESIAN_POINT ( 'NONE',  ( 6.259999999999998900, 1.576446968620943500, 4.174999999999999800 ) ) ;
#5245 = FACE_OUTER_BOUND ( 'NONE', #3242, .T. ) ;
#5246 = ORIENTED_EDGE ( 'NONE', *, *, #1475, .F. ) ;
#5247 = EDGE_CURVE ( 'NONE', #2264, #4656, #4157, .T. ) ;
#5248 = DIRECTION ( 'NONE',  ( -0.04222409276774592700, 0.5908391699278819900, 0.8056836856166768000 ) ) ;
#5249 = CARTESIAN_POINT ( 'NONE',  ( 1.769999999999999800, -2.549999999999999800, -0.5249999999999994700 ) ) ;
#5250 = LINE ( 'NONE', #6459, #3738 ) ;
#5251 = DIRECTION ( 'NONE',  ( 3.009838071711635500E-016, -0.9993908270190957600, 0.03489949670250110100 ) ) ;
#5252 = ADVANCED_FACE ( 'NONE', ( #6865 ), #5867, .T. ) ;
#5253 =( BOUNDED_CURVE ( )  B_SPLINE_CURVE ( 3, ( #7180, #1648, #7780, #7840 ),
 .UNSPECIFIED., .F., .F. ) 
 B_SPLINE_CURVE_WITH_KNOTS ( ( 4, 4 ),
 ( 4.712388980384687000, 5.004023916276027600 ),
 .UNSPECIFIED. ) 
 CURVE ( )  GEOMETRIC_REPRESENTATION_ITEM ( )  RATIONAL_B_SPLINE_CURVE ( ( 1.000000000000000000, 0.9929249715568843100, 0.9929249715568843100, 1.000000000000000000 ) ) 
 REPRESENTATION_ITEM ( '' )  );
#5254 = CARTESIAN_POINT ( 'NONE',  ( -3.975257074896937100, -0.9000000000000000200, -4.275000000000001200 ) ) ;
#5255 = DIRECTION ( 'NONE',  ( 0.0000000000000000000, -1.000000000000000000, 0.0000000000000000000 ) ) ;
#5256 = VECTOR ( 'NONE', #5812, 1000.000000000000000 ) ;
#5257 = CARTESIAN_POINT ( 'NONE',  ( 5.817587741826833400, -5.263181610785594000, 1.190779710972765800 ) ) ;
#5258 = ORIENTED_EDGE ( 'NONE', *, *, #6358, .T. ) ;
#5259 = EDGE_CURVE ( 'NONE', #3049, #3809, #5353, .T. ) ;
#5260 = AXIS2_PLACEMENT_3D ( 'NONE', #1661, #357, #268 ) ;
#5261 = EDGE_CURVE ( 'NONE', #7612, #8136, #4467, .T. ) ;
#5262 = LINE ( 'NONE', #6221, #2119 ) ;
#5263 = CARTESIAN_POINT ( 'NONE',  ( 7.655422218768310700, 0.7108720087190079100, -7.714614077381202000 ) ) ;
#5264 = DIRECTION ( 'NONE',  ( 0.0000000000000000000, 0.0000000000000000000, -1.000000000000000000 ) ) ;
#5265 = ADVANCED_FACE ( 'NONE', ( #882 ), #7916, .T. ) ;
#5266 = DIRECTION ( 'NONE',  ( 0.3397178029957069700, 0.0000000000000000000, 0.9405274128529004200 ) ) ;
#5267 = CYLINDRICAL_SURFACE ( 'NONE', #2890, 0.7299999999999997600 ) ;
#5268 = VERTEX_POINT ( 'NONE', #2410 ) ;
#5269 = PLANE ( 'NONE',  #7301 ) ;
#5270 = LINE ( 'NONE', #7819, #8516 ) ;
#5271 = AXIS2_PLACEMENT_3D ( 'NONE', #4019, #8089, #5356 ) ;
#5272 = DIRECTION ( 'NONE',  ( 0.0000000000000000000, -1.000000000000000000, 0.0000000000000000000 ) ) ;
#5273 = EDGE_CURVE ( 'NONE', #6704, #4619, #3078, .T. ) ;
#5274 = ORIENTED_EDGE ( 'NONE', *, *, #2736, .F. ) ;
#5275 = AXIS2_PLACEMENT_3D ( 'NONE', #757, #846, #5608 ) ;
#5276 = CARTESIAN_POINT ( 'NONE',  ( 7.317863657066530100, 2.404999999999999800, -8.169041460365205500 ) ) ;
#5277 = DIRECTION ( 'NONE',  ( -0.0000000000000000000, -0.0000000000000000000, -1.000000000000000000 ) ) ;
#5279 = DIRECTION ( 'NONE',  ( -1.000000000000000000, 2.628368902995162400E-015, 0.0000000000000000000 ) ) ;
#5278 = CARTESIAN_POINT ( 'NONE',  ( 6.171250739718261400, -0.5015620687413447900, 0.6458331628360933800 ) ) ;
#5280 = DIRECTION ( 'NONE',  ( 0.0000000000000000000, 0.0000000000000000000, -1.000000000000000000 ) ) ;
#5281 = EDGE_CURVE ( 'NONE', #532, #3590, #992, .T. ) ;
#5282 = DIRECTION ( 'NONE',  ( 0.0000000000000000000, 0.0000000000000000000, -1.000000000000000000 ) ) ;
#5283 =( BOUNDED_CURVE ( )  B_SPLINE_CURVE ( 3, ( #2505, #1049, #1763, #1819 ),
 .UNSPECIFIED., .F., .F. ) 
 B_SPLINE_CURVE_WITH_KNOTS ( ( 4, 4 ),
 ( 5.004023916276021400, 8.145616569865817200 ),
 .UNSPECIFIED. ) 
 CURVE ( )  GEOMETRIC_REPRESENTATION_ITEM ( )  RATIONAL_B_SPLINE_CURVE ( ( 1.000000000000000000, 0.3333333333333324800, 0.3333333333333324800, 1.000000000000000000 ) ) 
 REPRESENTATION_ITEM ( '' )  );
#5284 = DIRECTION ( 'NONE',  ( 0.9883419278128943200, 0.0000000000000000000, 0.1522505623211007900 ) ) ;
#5285 = CARTESIAN_POINT ( 'NONE',  ( 4.537054262767870000, 2.936841159734372700, 2.213378517931620800 ) ) ;
#5286 = EDGE_LOOP ( 'NONE', ( #5221, #6316, #3214, #3511 ) ) ;
#5287 = VERTEX_POINT ( 'NONE', #5987 ) ;
#5288 = EDGE_LOOP ( 'NONE', ( #123, #7699, #7650, #5652, #8017, #286, #2605, #6790, #6968, #5629, #8409, #2313, #2454, #7681, #5001 ) ) ;
#5289 = DIRECTION ( 'NONE',  ( 0.0000000000000000000, 0.03489949670250109400, 0.9993908270190956500 ) ) ;
#5290 = DIRECTION ( 'NONE',  ( 0.0000000000000000000, -1.000000000000000000, 0.0000000000000000000 ) ) ;
#5291 = DIRECTION ( 'NONE',  ( -0.0000000000000000000, -1.000000000000000000, -0.0000000000000000000 ) ) ;
#5292 = EDGE_CURVE ( 'NONE', #4764, #3110, #7070, .T. ) ;
#5293 = VERTEX_POINT ( 'NONE', #8001 ) ;
#5294 = ORIENTED_EDGE ( 'NONE', *, *, #2586, .T. ) ;
#5295 = ORIENTED_EDGE ( 'NONE', *, *, #5770, .F. ) ;
#5296 = DIRECTION ( 'NONE',  ( -0.0000000000000000000, 1.000000000000000000, -0.0000000000000000000 ) ) ;
#5297 = PLANE ( 'NONE',  #2811 ) ;
#5298 = LINE ( 'NONE', #1670, #8865 ) ;
#5299 = CARTESIAN_POINT ( 'NONE',  ( -2.359473227935764000, 2.076906743079793400, 2.910364560907399100 ) ) ;
#5300 = DIRECTION ( 'NONE',  ( -1.000000000000000000, -3.011672701348624000E-016, -0.0000000000000000000 ) ) ;
#5301 = CARTESIAN_POINT ( 'NONE',  ( -6.133248313036694400, 1.270598399577802300, 0.9045998214170116700 ) ) ;
#5302 = CARTESIAN_POINT ( 'NONE',  ( -3.164787358299299600, -1.150000000000052300, -4.275000000000001200 ) ) ;
#5303 = ORIENTED_EDGE ( 'NONE', *, *, #3168, .T. ) ;
#5304 = DIRECTION ( 'NONE',  ( -0.0000000000000000000, -1.000000000000000000, -0.0000000000000000000 ) ) ;
#5305 = ADVANCED_FACE ( 'NONE', ( #8816 ), #6591, .T. ) ;
#5306 = ORIENTED_EDGE ( 'NONE', *, *, #8384, .F. ) ;
#5307 = DIRECTION ( 'NONE',  ( 2.124908078801903100E-016, -1.000000000000000000, -0.0000000000000000000 ) ) ;
#5308 = DIRECTION ( 'NONE',  ( 1.000000000000000000, 0.0000000000000000000, 0.0000000000000000000 ) ) ;
#5309 = DIRECTION ( 'NONE',  ( -0.0000000000000000000, 1.000000000000000000, -0.0000000000000000000 ) ) ;
#5310 = DIRECTION ( 'NONE',  ( -0.0000000000000000000, -0.0000000000000000000, 1.000000000000000000 ) ) ;
#5311 = ORIENTED_EDGE ( 'NONE', *, *, #6974, .F. ) ;
#5312 = EDGE_CURVE ( 'NONE', #8148, #1154, #6635, .T. ) ;
#5313 = AXIS2_PLACEMENT_3D ( 'NONE', #4531, #2530, #1169 ) ;
#5314 = ORIENTED_EDGE ( 'NONE', *, *, #6909, .F. ) ;
#5315 = CARTESIAN_POINT ( 'NONE',  ( -3.775257074896937000, -0.8999999999999998000, -9.124999999999998200 ) ) ;
#5316 = DIRECTION ( 'NONE',  ( -0.0000000000000000000, 1.000000000000000000, -0.0000000000000000000 ) ) ;
#5317 = ORIENTED_EDGE ( 'NONE', *, *, #3608, .T. ) ;
#5318 = VECTOR ( 'NONE', #7653, 1000.000000000000000 ) ;
#5319 = CARTESIAN_POINT ( 'NONE',  ( 1.999186377991321500, -2.549999999999999800, -0.5250000000000004700 ) ) ;
#5320 = DIRECTION ( 'NONE',  ( -3.469446951953614200E-015, 0.0000000000000000000, -1.000000000000000000 ) ) ;
#5321 = VERTEX_POINT ( 'NONE', #3943 ) ;
#5322 = CIRCLE ( 'NONE', #4205, 0.1799999999999997200 ) ;
#5323 = CARTESIAN_POINT ( 'NONE',  ( 6.540000000000000000, 0.1500911744255225000, -3.524628749786098400 ) ) ;
#5324 = ORIENTED_EDGE ( 'NONE', *, *, #8432, .F. ) ;
#5325 = DIRECTION ( 'NONE',  ( -2.124908078801903100E-016, 1.000000000000000000, 0.0000000000000000000 ) ) ;
#5326 = ORIENTED_EDGE ( 'NONE', *, *, #8141, .F. ) ;
#5327 = CARTESIAN_POINT ( 'NONE',  ( 5.808037441567711800, -0.5184270651810816100, 1.128783472499851800 ) ) ;
#5328 = EDGE_CURVE ( 'NONE', #7955, #8517, #129, .T. ) ;
#5329 = CARTESIAN_POINT ( 'NONE',  ( -4.550148995534184100, -2.879999999999999900, 1.963516132128321400 ) ) ;
#5330 = CIRCLE ( 'NONE', #141, 0.1999999999999994300 ) ;
#5332 = CARTESIAN_POINT ( 'NONE',  ( 6.811409716464076800, -2.484345597614072300, 3.541608534801086600 ) ) ;
#5331 = CARTESIAN_POINT ( 'NONE',  ( 2.424084846277508600, 2.516311570751021100, 4.143227682101551700 ) ) ;
#5333 = ORIENTED_EDGE ( 'NONE', *, *, #4332, .F. ) ;
#5334 = AXIS2_PLACEMENT_3D ( 'NONE', #6271, #7748, #5015 ) ;
#5335 = DIRECTION ( 'NONE',  ( 0.0000000000000000000, -1.000000000000000000, 0.0000000000000000000 ) ) ;
#5336 = VECTOR ( 'NONE', #7733, 1000.000000000000000 ) ;
#5337 = ORIENTED_EDGE ( 'NONE', *, *, #384, .T. ) ;
#5338 = DIRECTION ( 'NONE',  ( -5.256737805990317700E-015, -1.000000000000000000, 0.0000000000000000000 ) ) ;
#5339 = VECTOR ( 'NONE', #1288, 1000.000000000000000 ) ;
#5340 = ORIENTED_EDGE ( 'NONE', *, *, #310, .F. ) ;
#5341 = CARTESIAN_POINT ( 'NONE',  ( 6.811409716464079400, 2.686402863664274500, 2.554882703278610600 ) ) ;
#5342 = CIRCLE ( 'NONE', #6189, 0.1000000000000000500 ) ;
#5343 = CARTESIAN_POINT ( 'NONE',  ( 6.259999999999999800, -0.6199999999999998800, -6.775000000000000400 ) ) ;
#5344 = CARTESIAN_POINT ( 'NONE',  ( -6.133248313036694400, -0.5105983995777954000, 0.9045998214170117800 ) ) ;
#5345 = VECTOR ( 'NONE', #5413, 1000.000000000000000 ) ;
#5346 = VERTEX_POINT ( 'NONE', #5923 ) ;
#5347 = CARTESIAN_POINT ( 'NONE',  ( 6.645858330770328900, 1.965324341290926900, -10.67712147104302600 ) ) ;
#5348 = LINE ( 'NONE', #4317, #8705 ) ;
#5349 = ORIENTED_EDGE ( 'NONE', *, *, #6705, .F. ) ;
#5350 = ORIENTED_EDGE ( 'NONE', *, *, #3941, .T. ) ;
#5351 = DIRECTION ( 'NONE',  ( 0.2875185095343473200, 0.0000000000000000000, 0.9577750814649268500 ) ) ;
#5352 = ORIENTED_EDGE ( 'NONE', *, *, #3147, .T. ) ;
#5353 = LINE ( 'NONE', #3820, #8588 ) ;
#5354 = AXIS2_PLACEMENT_3D ( 'NONE', #7424, #6028, #435 ) ;
#5355 = EDGE_CURVE ( 'NONE', #2178, #7450, #6761, .T. ) ;
#5356 = DIRECTION ( 'NONE',  ( 1.000000000000000000, 0.0000000000000000000, 0.0000000000000000000 ) ) ;
#5357 = VECTOR ( 'NONE', #7351, 1000.000000000000000 ) ;
#5358 = DIRECTION ( 'NONE',  ( -0.2873578278746626300, -0.03342755118621451600, 0.9572398223960643100 ) ) ;
#5359 = PLANE ( 'NONE',  #6308 ) ;
#5360 = LINE ( 'NONE', #3443, #1118 ) ;
#5361 = VERTEX_POINT ( 'NONE', #3189 ) ;
#5362 = CARTESIAN_POINT ( 'NONE',  ( -13.67140971646411700, 2.406906743079763700, 3.066959884049314000 ) ) ;
#5363 = ADVANCED_FACE ( 'NONE', ( #1458 ), #1108, .T. ) ;
#5364 = FACE_BOUND ( 'NONE', #3125, .T. ) ;
#5365 = CARTESIAN_POINT ( 'NONE',  ( 6.752806337296630300, 2.071655356285609700, -9.733433712965210200 ) ) ;
#5366 = VECTOR ( 'NONE', #3657, 1000.000000000000000 ) ;
#5368 = CARTESIAN_POINT ( 'NONE',  ( -2.418971131836033600, 2.814368043255626200, 4.045652197861752300 ) ) ;
#5367 = CARTESIAN_POINT ( 'NONE',  ( 0.3664338688640216800, 2.779999999999999800, -4.926190669741541400 ) ) ;
#5369 = ORIENTED_EDGE ( 'NONE', *, *, #6360, .T. ) ;
#5370 = LINE ( 'NONE', #8761, #6336 ) ;
#5371 = ORIENTED_EDGE ( 'NONE', *, *, #7551, .F. ) ;
#5372 = LINE ( 'NONE', #4740, #4080 ) ;
#5373 = EDGE_CURVE ( 'NONE', #1139, #8350, #5135, .T. ) ;
#5374 = CARTESIAN_POINT ( 'NONE',  ( -0.6647873582993000200, 1.049999999999965400, -4.275000000000001200 ) ) ;
#5375 = DIRECTION ( 'NONE',  ( -3.285461128743965400E-016, 1.000000000000000000, -2.062312011738056000E-017 ) ) ;
#5377 = CARTESIAN_POINT ( 'NONE',  ( -6.590000000000000700, 2.879999999999999900, 6.775000000000000400 ) ) ;
#5376 = CARTESIAN_POINT ( 'NONE',  ( -6.160000000000000100, -2.449999999999999700, -5.775000000000000400 ) ) ;
#5378 = CARTESIAN_POINT ( 'NONE',  ( -6.370175333094052500, 2.377266719274018700, -7.021132866443085900 ) ) ;
#5379 = LINE ( 'NONE', #5136, #5693 ) ;
#5380 = ORIENTED_EDGE ( 'NONE', *, *, #4722, .F. ) ;
#5381 = FACE_OUTER_BOUND ( 'NONE', #1903, .T. ) ;
#5382 = PLANE ( 'NONE',  #5171 ) ;
#5383 = PLANE ( 'NONE',  #3405 ) ;
#5384 = CARTESIAN_POINT ( 'NONE',  ( 2.178939694247144800, 1.879999999999999700, -0.5344204721237292300 ) ) ;
#5385 = EDGE_CURVE ( 'NONE', #332, #8475, #6317, .T. ) ;
#5386 = DIRECTION ( 'NONE',  ( -0.0000000000000000000, 1.000000000000000000, -0.0000000000000000000 ) ) ;
#5387 = EDGE_CURVE ( 'NONE', #3132, #3296, #2864, .T. ) ;
#5388 = ORIENTED_EDGE ( 'NONE', *, *, #7846, .F. ) ;
#5389 = LINE ( 'NONE', #3853, #4629 ) ;
#5390 = CARTESIAN_POINT ( 'NONE',  ( 4.860813622008678600, -2.549999999999999800, -0.5250000000000006900 ) ) ;
#5391 = CARTESIAN_POINT ( 'NONE',  ( 0.0000000000000000000, 1.879999999999999700, 5.534999999999999300 ) ) ;
#5392 = CARTESIAN_POINT ( 'NONE',  ( -13.67140971646411900, 2.806906743079764100, 3.066959884049314000 ) ) ;
#5393 =( BOUNDED_CURVE ( )  B_SPLINE_CURVE ( 3, ( #5721, #5664, #1586, #7045 ),
 .UNSPECIFIED., .F., .F. ) 
 B_SPLINE_CURVE_WITH_KNOTS ( ( 4, 4 ),
 ( 4.712388980384707400, 7.562346698083168000 ),
 .UNSPECIFIED. ) 
 CURVE ( )  GEOMETRIC_REPRESENTATION_ITEM ( )  RATIONAL_B_SPLINE_CURVE ( ( 1.000000000000000000, 0.4302008471344840300, 0.4302008471344840300, 1.000000000000000000 ) ) 
 REPRESENTATION_ITEM ( '' )  );
#5394 = CARTESIAN_POINT ( 'NONE',  ( -7.033248313036693000, -5.263181610785591300, 1.003511519317807000 ) ) ;
#5395 = VERTEX_POINT ( 'NONE', #7374 ) ;
#5396 = DIRECTION ( 'NONE',  ( -0.0000000000000000000, 1.000000000000000000, -0.0000000000000000000 ) ) ;
#5397 = ORIENTED_EDGE ( 'NONE', *, *, #5998, .T. ) ;
#5398 = AXIS2_PLACEMENT_3D ( 'NONE', #4300, #4963, #5681 ) ;
#5399 = DIRECTION ( 'NONE',  ( 1.000000000000000000, 0.0000000000000000000, 0.0000000000000000000 ) ) ;
#5400 = DIRECTION ( 'NONE',  ( 1.000000000000000000, 0.0000000000000000000, -0.0000000000000000000 ) ) ;
#5401 = CARTESIAN_POINT ( 'NONE',  ( 0.2664338688640217100, 2.779999999999999800, -4.826190669741540900 ) ) ;
#5402 = ADVANCED_FACE ( 'NONE', ( #5669 ), #8699, .T. ) ;
#5403 = CARTESIAN_POINT ( 'NONE',  ( 0.0000000000000000000, 2.779999999999999800, -4.926190669741541400 ) ) ;
#5405 = CARTESIAN_POINT ( 'NONE',  ( 0.3664338688640217400, 2.879999999999999900, 4.738502621547048000 ) ) ;
#5404 = CARTESIAN_POINT ( 'NONE',  ( 2.355283157573256200, -2.484345597614083800, 2.830413255589193400 ) ) ;
#5406 = ORIENTED_EDGE ( 'NONE', *, *, #7804, .T. ) ;
#5407 = ORIENTED_EDGE ( 'NONE', *, *, #56, .F. ) ;
#5408 = ORIENTED_EDGE ( 'NONE', *, *, #1159, .T. ) ;
#5409 = EDGE_CURVE ( 'NONE', #2955, #4585, #31, .T. ) ;
#5410 = CARTESIAN_POINT ( 'NONE',  ( -2.380158439298848600, 2.406906743079793000, 3.305061906340967000 ) ) ;
#5411 = FACE_OUTER_BOUND ( 'NONE', #425, .T. ) ;
#5412 = VERTEX_POINT ( 'NONE', #8100 ) ;
#5413 = DIRECTION ( 'NONE',  ( -1.000000000000000000, 0.0000000000000000000, 0.0000000000000000000 ) ) ;
#5414 = EDGE_CURVE ( 'NONE', #7888, #7251, #8924, .T. ) ;
#5415 = CARTESIAN_POINT ( 'NONE',  ( -2.178939694247144800, -2.549999999999999800, -0.5344204721237292300 ) ) ;
#5416 = DIRECTION ( 'NONE',  ( -0.0000000000000000000, -0.0000000000000000000, -1.000000000000000000 ) ) ;
#5417 = ORIENTED_EDGE ( 'NONE', *, *, #172, .F. ) ;
#5418 = ORIENTED_EDGE ( 'NONE', *, *, #1832, .T. ) ;
#5419 = ORIENTED_EDGE ( 'NONE', *, *, #2129, .F. ) ;
#5420 = DIRECTION ( 'NONE',  ( 1.000000000000000000, 0.0000000000000000000, 0.0000000000000000000 ) ) ;
#5421 = ORIENTED_EDGE ( 'NONE', *, *, #4161, .F. ) ;
#5422 = CALENDAR_DATE ( 2023, 11, 7 ) ;
#5423 = EDGE_CURVE ( 'NONE', #7283, #7171, #2737, .T. ) ;
#5424 = PLANE ( 'NONE',  #2086 ) ;
#5425 = CARTESIAN_POINT ( 'NONE',  ( -3.375257074896937000, -0.8999999999999998000, -4.275000000000001200 ) ) ;
#5426 = ORIENTED_EDGE ( 'NONE', *, *, #1193, .F. ) ;
#5427 = ORIENTED_EDGE ( 'NONE', *, *, #4355, .T. ) ;
#5428 =( BOUNDED_CURVE ( )  B_SPLINE_CURVE ( 3, ( #5110, #858, #3802, #8610 ),
 .UNSPECIFIED., .F., .F. ) 
 B_SPLINE_CURVE_WITH_KNOTS ( ( 4, 4 ),
 ( 4.712388980384689700, 5.345141420928303700 ),
 .UNSPECIFIED. ) 
 CURVE ( )  GEOMETRIC_REPRESENTATION_ITEM ( )  RATIONAL_B_SPLINE_CURVE ( ( 1.000000000000000000, 0.9669127352965448700, 0.9669127352965448700, 1.000000000000000000 ) ) 
 REPRESENTATION_ITEM ( '' )  );
#5429 = CARTESIAN_POINT ( 'NONE',  ( -4.909999999999998400, 1.879999999999999700, -0.7050000000000007400 ) ) ;
#5430 = EDGE_CURVE ( 'NONE', #749, #1865, #4928, .T. ) ;
#5431 = AXIS2_PLACEMENT_3D ( 'NONE', #2046, #3, #5586 ) ;
#5432 = ORIENTED_EDGE ( 'NONE', *, *, #4145, .F. ) ;
#5433 = CIRCLE ( 'NONE', #1076, 0.1000000000000000500 ) ;
#5434 = VERTEX_POINT ( 'NONE', #484 ) ;
#5435 = DIRECTION ( 'NONE',  ( -0.0000000000000000000, -1.000000000000000000, -0.0000000000000000000 ) ) ;
#5436 = EDGE_LOOP ( 'NONE', ( #6957, #103, #3908, #2522 ) ) ;
#5437 = CARTESIAN_POINT ( 'NONE',  ( -6.263847163821743900, -0.6217545132412929400, 4.087694446229456900 ) ) ;
#5438 = CARTESIAN_POINT ( 'NONE',  ( -5.360059963454983000, 0.0000000000000000000, 6.774999999999999500 ) ) ;
#5439 = DIRECTION ( 'NONE',  ( 0.1522505623211014000, 4.585288623074385600E-017, -0.9883419278128942100 ) ) ;
#5440 = VERTEX_POINT ( 'NONE', #5238 ) ;
#5441 = VECTOR ( 'NONE', #3722, 999.9999999999998900 ) ;
#5442 = CARTESIAN_POINT ( 'NONE',  ( 4.514944271309695400, -2.218232652604867500, 2.635262287109596500 ) ) ;
#5443 = ORIENTED_EDGE ( 'NONE', *, *, #4773, .F. ) ;
#5444 = EDGE_CURVE ( 'NONE', #8224, #6665, #4586, .T. ) ;
#5445 = AXIS2_PLACEMENT_3D ( 'NONE', #5104, #959, #2273 ) ;
#5446 = FACE_OUTER_BOUND ( 'NONE', #8547, .T. ) ;
#5447 = EDGE_CURVE ( 'NONE', #2627, #3425, #2851, .T. ) ;
#5448 = VERTEX_POINT ( 'NONE', #1937 ) ;
#5449 = CARTESIAN_POINT ( 'NONE',  ( -0.1000000000000000100, 2.879999999999999900, 6.775000000000000400 ) ) ;
#5450 = DIRECTION ( 'NONE',  ( 2.124908078801903100E-016, -1.000000000000000000, -0.0000000000000000000 ) ) ;
#5451 = LINE ( 'NONE', #8270, #3059 ) ;
#5452 = ORIENTED_EDGE ( 'NONE', *, *, #4458, .F. ) ;
#5453 = LINE ( 'NONE', #5849, #8573 ) ;
#5454 = DIRECTION ( 'NONE',  ( 2.124908078801903100E-016, -1.000000000000000000, -0.0000000000000000000 ) ) ;
#5455 = CARTESIAN_POINT ( 'NONE',  ( 6.371725516837170000, 0.6328873239436613200, -7.022500000000000000 ) ) ;
#5456 = ADVANCED_FACE ( 'NONE', ( #6104 ), #7179, .T. ) ;
#5457 = FACE_OUTER_BOUND ( 'NONE', #6857, .T. ) ;
#5458 = ORIENTED_EDGE ( 'NONE', *, *, #726, .F. ) ;
#5459 = LINE ( 'NONE', #7750, #3397 ) ;
#5460 = DIRECTION ( 'NONE',  ( 0.2873578278746629600, -0.03342755118621470300, -0.9572398223960643100 ) ) ;
#5461 = EDGE_LOOP ( 'NONE', ( #1761, #6601, #971, #7572, #2573, #2091, #438, #5380, #752, #2912, #1081, #7443 ) ) ;
#5462 = AXIS2_PLACEMENT_3D ( 'NONE', #8971, #8304, #2071 ) ;
#5463 = EDGE_CURVE ( 'NONE', #65, #7573, #1230, .T. ) ;
#5464 = VECTOR ( 'NONE', #6315, 1000.000000000000100 ) ;
#5465 = VERTEX_POINT ( 'NONE', #6755 ) ;
#5466 = ORIENTED_EDGE ( 'NONE', *, *, #8640, .F. ) ;
#5467 = PLANE ( 'NONE',  #7297 ) ;
#5468 = VECTOR ( 'NONE', #2558, 1000.000000000000000 ) ;
#5469 = CARTESIAN_POINT ( 'NONE',  ( 3.314742925103062500, 1.050000000000000300, -5.775000000000000400 ) ) ;
#5470 = DIRECTION ( 'NONE',  ( 1.927470528863119700E-014, 0.0000000000000000000, -1.000000000000000000 ) ) ;
#5471 = LINE ( 'NONE', #8267, #7820 ) ;
#5472 = EDGE_CURVE ( 'NONE', #3667, #8427, #2205, .T. ) ;
#5473 = FACE_OUTER_BOUND ( 'NONE', #7995, .T. ) ;
#5474 = VERTEX_POINT ( 'NONE', #557 ) ;
#5475 = CARTESIAN_POINT ( 'NONE',  ( 3.924742925103062800, -1.149999999999999700, -9.124999999999998200 ) ) ;
#5477 = CARTESIAN_POINT ( 'NONE',  ( -0.1000000000000000100, 2.879999999999999900, -4.201714464797489300 ) ) ;
#5476 = CARTESIAN_POINT ( 'NONE',  ( 2.367680041067741700, -2.406906743079793500, 3.066959884049310900 ) ) ;
#5478 = ORIENTED_EDGE ( 'NONE', *, *, #641, .T. ) ;
#5479 = VECTOR ( 'NONE', #747, 1000.000000000000000 ) ;
#5480 = CARTESIAN_POINT ( 'NONE',  ( 3.924742925103062800, -0.8999999999999998000, -9.324999999999995700 ) ) ;
#5481 = LINE ( 'NONE', #2048, #3420 ) ;
#5482 = ORIENTED_EDGE ( 'NONE', *, *, #3668, .F. ) ;
#5483 = DIRECTION ( 'NONE',  ( -0.6614378277661481200, 0.0000000000000000000, 0.7499999999999996700 ) ) ;
#5484 = EDGE_CURVE ( 'NONE', #4407, #7955, #1562, .T. ) ;
#5485 = CARTESIAN_POINT ( 'NONE',  ( 4.421968765236090200, -2.711462539230613100, 4.409340627110760900 ) ) ;
#5486 = LINE ( 'NONE', #2602, #3637 ) ;
#5487 = DIRECTION ( 'NONE',  ( 3.285461128743965800E-016, 1.000000000000000000, -2.062312011738056300E-017 ) ) ;
#5488 = LINE ( 'NONE', #1254, #2983 ) ;
#5489 = DIRECTION ( 'NONE',  ( 0.0000000000000000000, 0.0000000000000000000, 1.000000000000000000 ) ) ;
#5490 = DIRECTION ( 'NONE',  ( -0.0000000000000000000, 1.000000000000000000, -0.0000000000000000000 ) ) ;
#5491 = LINE ( 'NONE', #7943, #6886 ) ;
#5492 = VERTEX_POINT ( 'NONE', #7469 ) ;
#5493 = CARTESIAN_POINT ( 'NONE',  ( 2.367680041067741700, -2.406906743079793500, 3.066959884049310900 ) ) ;
#5494 = FACE_OUTER_BOUND ( 'NONE', #179, .T. ) ;
#5495 = CARTESIAN_POINT ( 'NONE',  ( 4.514944271309695400, 2.218232652604867500, 2.635262287109596500 ) ) ;
#5496 = VECTOR ( 'NONE', #3092, 1000.000000000000000 ) ;
#5497 = ORIENTED_EDGE ( 'NONE', *, *, #3089, .F. ) ;
#5498 = EDGE_CURVE ( 'NONE', #745, #8542, #4258, .T. ) ;
#5499 = ADVANCED_FACE ( 'NONE', ( #1342 ), #514, .F. ) ;
#5500 = FACE_OUTER_BOUND ( 'NONE', #1334, .T. ) ;
#5501 = CARTESIAN_POINT ( 'NONE',  ( 1.624742925103062500, -0.8999999999999998000, -4.275000000000001200 ) ) ;
#5502 = CARTESIAN_POINT ( 'NONE',  ( -4.860813622008679500, -1.879999999999999700, -0.7050000000000007400 ) ) ;
#5503 = CARTESIAN_POINT ( 'NONE',  ( -0.8752570748969376000, -0.8999999999999998000, -4.275000000000001200 ) ) ;
#5504 = ORIENTED_EDGE ( 'NONE', *, *, #926, .T. ) ;
#5505 = ORIENTED_EDGE ( 'NONE', *, *, #1528, .F. ) ;
#5506 = ORIENTED_EDGE ( 'NONE', *, *, #1229, .F. ) ;
#5507 = DIRECTION ( 'NONE',  ( -2.124908078801903100E-016, 1.000000000000000000, 0.0000000000000000000 ) ) ;
#5508 = CARTESIAN_POINT ( 'NONE',  ( -6.260000000000000700, 2.549999999999999800, -0.7050000000000007400 ) ) ;
#5509 = CARTESIAN_POINT ( 'NONE',  ( -4.457217248323716200, -2.218232652604867900, 3.736759503280683500 ) ) ;
#5510 = EDGE_CURVE ( 'NONE', #1470, #8538, #2963, .T. ) ;
#5511 =( BOUNDED_CURVE ( )  B_SPLINE_CURVE ( 3, ( #1540, #3510, #7758, #3633 ),
 .UNSPECIFIED., .F., .F. ) 
 B_SPLINE_CURVE_WITH_KNOTS ( ( 4, 4 ),
 ( 4.079636539841127200, 4.712388980384739400 ),
 .UNSPECIFIED. ) 
 CURVE ( )  GEOMETRIC_REPRESENTATION_ITEM ( )  RATIONAL_B_SPLINE_CURVE ( ( 1.000000000000000000, 0.9669127352965452000, 0.9669127352965452000, 1.000000000000000000 ) ) 
 REPRESENTATION_ITEM ( '' )  );
#5512 = CARTESIAN_POINT ( 'NONE',  ( -1.999186377991321500, -2.879999999999999900, -0.5250000000000004700 ) ) ;
#5513 = AXIS2_PLACEMENT_3D ( 'NONE', #3972, #7472, #6690 ) ;
#5514 = ORIENTED_EDGE ( 'NONE', *, *, #8551, .T. ) ;
#5515 = ORIENTED_EDGE ( 'NONE', *, *, #5292, .T. ) ;
#5516 = CARTESIAN_POINT ( 'NONE',  ( -6.171250739718261400, 1.261562068741348500, 0.6458331628360933800 ) ) ;
#5517 = ORIENTED_EDGE ( 'NONE', *, *, #2318, .T. ) ;
#5518 = VERTEX_POINT ( 'NONE', #8838 ) ;
#5519 = ORIENTED_EDGE ( 'NONE', *, *, #4401, .F. ) ;
#5520 = ORIENTED_EDGE ( 'NONE', *, *, #3858, .T. ) ;
#5521 = VECTOR ( 'NONE', #8591, 1000.000000000000100 ) ;
#5522 = DIRECTION ( 'NONE',  ( -0.0000000000000000000, -1.000000000000000000, -0.0000000000000000000 ) ) ;
#5523 = CARTESIAN_POINT ( 'NONE',  ( -6.125512200874073400, 1.266882708028278700, 0.7981963370836471200 ) ) ;
#5524 = CARTESIAN_POINT ( 'NONE',  ( 7.655422218768310700, 2.299127991280990500, -7.714614077381202000 ) ) ;
#5525 = EDGE_CURVE ( 'NONE', #3883, #1944, #8483, .T. ) ;
#5526 = ORIENTED_EDGE ( 'NONE', *, *, #6012, .F. ) ;
#5527 = CARTESIAN_POINT ( 'NONE',  ( -1.475257074896937400, -1.149999999999999900, -4.275000000000001200 ) ) ;
#5528 = CARTESIAN_POINT ( 'NONE',  ( -1.685257074896937500, 1.049999999999965400, -4.275000000000001200 ) ) ;
#5529 = EDGE_CURVE ( 'NONE', #1318, #2209, #6535, .T. ) ;
#5530 = ORIENTED_EDGE ( 'NONE', *, *, #6378, .T. ) ;
#5531 = LINE ( 'NONE', #2822, #7026 ) ;
#5532 = CARTESIAN_POINT ( 'NONE',  ( 1.835212641700700000, -1.150000000000017200, -5.775000000000000400 ) ) ;
#5533 = CARTESIAN_POINT ( 'NONE',  ( -6.371725516837170000, 2.404999999999999800, -6.775000000000000400 ) ) ;
#5534 = CARTESIAN_POINT ( 'NONE',  ( 4.589999999999999000, 1.050000000000000300, -5.775000000000000400 ) ) ;
#5535 = ORIENTED_EDGE ( 'NONE', *, *, #4072, .F. ) ;
#5536 = ORIENTED_EDGE ( 'NONE', *, *, #8783, .T. ) ;
#5537 = ADVANCED_FACE ( 'NONE', ( #8260 ), #4054, .F. ) ;
#5538 =( BOUNDED_CURVE ( )  B_SPLINE_CURVE ( 3, ( #7033, #3543, #2253, #765 ),
 .UNSPECIFIED., .F., .F. ) 
 B_SPLINE_CURVE_WITH_KNOTS ( ( 4, 4 ),
 ( 1.570796326794946700, 2.203548767338559900 ),
 .UNSPECIFIED. ) 
 CURVE ( )  GEOMETRIC_REPRESENTATION_ITEM ( )  RATIONAL_B_SPLINE_CURVE ( ( 1.000000000000000000, 0.9669127352965449800, 0.9669127352965449800, 1.000000000000000000 ) ) 
 REPRESENTATION_ITEM ( '' )  );
#5539 = ORIENTED_EDGE ( 'NONE', *, *, #6833, .F. ) ;
#5540 = FACE_OUTER_BOUND ( 'NONE', #308, .T. ) ;
#5541 = ORIENTED_EDGE ( 'NONE', *, *, #7584, .T. ) ;
#5542 = VECTOR ( 'NONE', #150, 1000.000000000000000 ) ;
#5543 = ORIENTED_EDGE ( 'NONE', *, *, #5373, .T. ) ;
#5544 = EDGE_CURVE ( 'NONE', #2185, #1609, #3182, .T. ) ;
#5545 = CARTESIAN_POINT ( 'NONE',  ( 1.424742925103062800, -0.8999999999999998000, -9.324999999999995700 ) ) ;
#5546 = ORIENTED_EDGE ( 'NONE', *, *, #7282, .F. ) ;
#5547 = CYLINDRICAL_SURFACE ( 'NONE', #2527, 0.1799999999999997700 ) ;
#5548 = CYLINDRICAL_SURFACE ( 'NONE', #2338, 0.1800000000000003500 ) ;
#5550 = DIRECTION ( 'NONE',  ( -1.000000000000000000, 3.011672701348624000E-016, 0.0000000000000000000 ) ) ;
#5549 = CARTESIAN_POINT ( 'NONE',  ( 0.0000000000000000000, -1.879999999999999700, -0.7050000000000007400 ) ) ;
#5551 = ORIENTED_EDGE ( 'NONE', *, *, #384, .F. ) ;
#5552 = LINE ( 'NONE', #8944, #6512 ) ;
#5553 = EDGE_LOOP ( 'NONE', ( #7527, #6496, #3260, #5820 ) ) ;
#5554 = LINE ( 'NONE', #8604, #8905 ) ;
#5555 = VERTEX_POINT ( 'NONE', #5235 ) ;
#5556 = EDGE_CURVE ( 'NONE', #7245, #5958, #1101, .T. ) ;
#5557 = AXIS2_PLACEMENT_3D ( 'NONE', #5862, #8587, #1037 ) ;
#5558 = EDGE_CURVE ( 'NONE', #136, #3880, #7509, .T. ) ;
#5559 = DIRECTION ( 'NONE',  ( -0.0000000000000000000, -1.000000000000000000, -0.0000000000000000000 ) ) ;
#5560 = CARTESIAN_POINT ( 'NONE',  ( 2.309851004465815800, 2.879999999999999900, 1.963516132128330100 ) ) ;
#5561 = LINE ( 'NONE', #7738, #5763 ) ;
#5562 = CARTESIAN_POINT ( 'NONE',  ( 4.435915153722492100, -2.516311570751015700, 4.143227682101552600 ) ) ;
#5563 = LINE ( 'NONE', #7870, #3409 ) ;
#5564 = CARTESIAN_POINT ( 'NONE',  ( -3.575257074896936800, -0.8999999999999998000, -9.324999999999995700 ) ) ;
#5565 = ORIENTED_EDGE ( 'NONE', *, *, #6328, .F. ) ;
#5566 = LINE ( 'NONE', #270, #5883 ) ;
#5567 = ORIENTED_EDGE ( 'NONE', *, *, #5355, .T. ) ;
#5568 = CARTESIAN_POINT ( 'NONE',  ( 1.624742925103062500, -0.8999999999999998000, -4.275000000000001200 ) ) ;
#5569 = EDGE_LOOP ( 'NONE', ( #3866, #7766, #4012, #4201, #550 ) ) ;
#5570 = LINE ( 'NONE', #2217, #2645 ) ;
#5571 = CARTESIAN_POINT ( 'NONE',  ( -6.362222222222221100, 0.4566362751914923000, -3.524628749786099300 ) ) ;
#5572 = AXIS2_PLACEMENT_3D ( 'NONE', #7073, #2172, #5653 ) ;
#5573 = VECTOR ( 'NONE', #6458, 1000.000000000000000 ) ;
#5574 = FACE_OUTER_BOUND ( 'NONE', #2145, .T. ) ;
#5575 = VERTEX_POINT ( 'NONE', #4560 ) ;
#5576 = AXIS2_PLACEMENT_3D ( 'NONE', #5588, #5507, #4900 ) ;
#5577 = VECTOR ( 'NONE', #8911, 1000.000000000000000 ) ;
#5578 = EDGE_CURVE ( 'NONE', #6207, #333, #3513, .T. ) ;
#5579 = LINE ( 'NONE', #2792, #575 ) ;
#5580 = ADVANCED_FACE ( 'NONE', ( #1667 ), #5920, .F. ) ;
#5581 = DIRECTION ( 'NONE',  ( -0.0000000000000000000, -1.000000000000000000, -0.0000000000000000000 ) ) ;
#5582 = EDGE_LOOP ( 'NONE', ( #5805, #2788, #8152, #7165 ) ) ;
#5583 = LINE ( 'NONE', #4491, #1008 ) ;
#5584 = VERTEX_POINT ( 'NONE', #6750 ) ;
#5585 = FACE_OUTER_BOUND ( 'NONE', #287, .T. ) ;
#5586 = DIRECTION ( 'NONE',  ( -1.000000000000000000, 0.0000000000000000000, -0.0000000000000000000 ) ) ;
#5587 = EDGE_CURVE ( 'NONE', #5078, #65, #1215, .T. ) ;
#5588 = CARTESIAN_POINT ( 'NONE',  ( -3.775257074896937000, -1.149999999999999700, -9.124999999999998200 ) ) ;
#5589 = DIRECTION ( 'NONE',  ( 1.431289996680534200E-016, 0.0000000000000000000, 1.000000000000000000 ) ) ;
#5590 = CARTESIAN_POINT ( 'NONE',  ( 2.388929022732411100, -2.433603000734847900, 3.472414607667895700 ) ) ;
#5591 = VECTOR ( 'NONE', #1023, 1000.000000000000200 ) ;
#5592 = VERTEX_POINT ( 'NONE', #1837 ) ;
#5593 = CARTESIAN_POINT ( 'NONE',  ( 2.424084846277508600, -2.516311570751021100, 4.143227682101551700 ) ) ;
#5594 = VECTOR ( 'NONE', #8130, 1000.000000000000000 ) ;
#5595 = DIRECTION ( 'NONE',  ( 1.000000000000000000, 0.0000000000000000000, 0.0000000000000000000 ) ) ;
#5596 = CARTESIAN_POINT ( 'NONE',  ( -5.803248313036694300, -0.5140524721802273200, 1.003511519317803900 ) ) ;
#5597 = ORIENTED_EDGE ( 'NONE', *, *, #8210, .F. ) ;
#5598 = PLANE ( 'NONE',  #1967 ) ;
#5599 = FACE_OUTER_BOUND ( 'NONE', #1551, .T. ) ;
#5600 = EDGE_CURVE ( 'NONE', #6220, #8339, #190, .T. ) ;
#5601 = AXIS2_PLACEMENT_3D ( 'NONE', #7512, #3372, #5400 ) ;
#5602 = DIRECTION ( 'NONE',  ( 1.000000000000000000, 2.124908078801903600E-016, -0.0000000000000000000 ) ) ;
#5603 = EDGE_LOOP ( 'NONE', ( #7621, #6783, #442, #192 ) ) ;
#5604 = CARTESIAN_POINT ( 'NONE',  ( 4.492319958932258200, 2.406906743079788600, 3.066959884049311300 ) ) ;
#5605 = ORIENTED_EDGE ( 'NONE', *, *, #7688, .F. ) ;
#5606 = DIRECTION ( 'NONE',  ( -1.000000000000000000, -0.0000000000000000000, -3.316747347134612400E-015 ) ) ;
#5607 = CARTESIAN_POINT ( 'NONE',  ( -6.771417742933303800, 1.049288578002499400, -10.71806112977181700 ) ) ;
#5608 = DIRECTION ( 'NONE',  ( 1.000000000000000000, 0.0000000000000000000, 0.0000000000000000000 ) ) ;
#5609 = CARTESIAN_POINT ( 'NONE',  ( -0.1000000000000000100, 2.779999999999999800, 4.638502621547047500 ) ) ;
#5610 = ORIENTED_EDGE ( 'NONE', *, *, #1523, .T. ) ;
#5611 = ORIENTED_EDGE ( 'NONE', *, *, #5328, .F. ) ;
#5612 = EDGE_LOOP ( 'NONE', ( #4941, #4665, #7270, #7672 ) ) ;
#5613 = AXIS2_PLACEMENT_3D ( 'NONE', #2682, #2114, #7592 ) ;
#5614 = LINE ( 'NONE', #3732, #4976 ) ;
#5615 = EDGE_CURVE ( 'NONE', #6274, #6850, #7498, .T. ) ;
#5616 = ORIENTED_EDGE ( 'NONE', *, *, #3872, .F. ) ;
#5617 = CARTESIAN_POINT ( 'NONE',  ( -7.317863657066530100, 2.404999999999999800, -8.169041460365205500 ) ) ;
#5618 = ADVANCED_FACE ( 'NONE', ( #2298 ), #1808, .F. ) ;
#5619 = AXIS2_PLACEMENT_3D ( 'NONE', #2673, #4839, #8879 ) ;
#5620 = DIRECTION ( 'NONE',  ( -0.0000000000000000000, 0.0000000000000000000, 1.000000000000000000 ) ) ;
#5621 = VERTEX_POINT ( 'NONE', #451 ) ;
#5622 = ORIENTED_EDGE ( 'NONE', *, *, #1354, .F. ) ;
#5623 = CARTESIAN_POINT ( 'NONE',  ( -5.011544198153231400, 2.549999999999999800, -6.840428796107818100 ) ) ;
#5624 = DIRECTION ( 'NONE',  ( -2.277634914236021900E-015, -0.8064028636642743800, 0.5913665711502956700 ) ) ;
#5625 = DIRECTION ( 'NONE',  ( -0.9883419278128943200, 0.0000000000000000000, 0.1522505623211007900 ) ) ;
#5626 = EDGE_LOOP ( 'NONE', ( #6947, #8696, #6293, #4027 ) ) ;
#5627 = PERSON_AND_ORGANIZATION ( #2266, #3475 ) ;
#5628 = CARTESIAN_POINT ( 'NONE',  ( -4.473644992598847700, -1.988360223025506600, 3.423299469295858700 ) ) ;
#5629 = ORIENTED_EDGE ( 'NONE', *, *, #8432, .T. ) ;
#5630 = ORIENTED_EDGE ( 'NONE', *, *, #8661, .F. ) ;
#5632 = CARTESIAN_POINT ( 'NONE',  ( 6.371725516837170000, 2.404999999999999800, -6.775000000000000400 ) ) ;
#5631 = DIRECTION ( 'NONE',  ( 1.000000000000000000, 3.011672701348624000E-016, 0.0000000000000000000 ) ) ;
#5633 = CARTESIAN_POINT ( 'NONE',  ( 6.589999999999999000, -0.7182234843104715600, 4.274984218714779500 ) ) ;
#5634 = EDGE_LOOP ( 'NONE', ( #3448, #7702, #681, #3577 ) ) ;
#5635 = FACE_OUTER_BOUND ( 'NONE', #6280, .T. ) ;
#5636 = EDGE_CURVE ( 'NONE', #5997, #6519, #8032, .T. ) ;
#5637 = ORIENTED_EDGE ( 'NONE', *, *, #7635, .F. ) ;
#5638 = VERTEX_POINT ( 'NONE', #4026 ) ;
#5639 = ORIENTED_EDGE ( 'NONE', *, *, #7384, .F. ) ;
#5640 = DIRECTION ( 'NONE',  ( 1.000000000000000000, 0.0000000000000000000, 0.0000000000000000000 ) ) ;
#5641 = DIRECTION ( 'NONE',  ( 2.124908078801903100E-016, -1.000000000000000000, -0.0000000000000000000 ) ) ;
#5642 = ORIENTED_EDGE ( 'NONE', *, *, #8589, .F. ) ;
#5643 = CIRCLE ( 'NONE', #2031, 0.1999999999999992300 ) ;
#5644 = ORIENTED_EDGE ( 'NONE', *, *, #7771, .T. ) ;
#5645 = PLANE ( 'NONE',  #3307 ) ;
#5646 = VECTOR ( 'NONE', #7666, 1000.000000000000000 ) ;
#5647 = ORIENTED_EDGE ( 'NONE', *, *, #2809, .T. ) ;
#5648 = FACE_OUTER_BOUND ( 'NONE', #1515, .T. ) ;
#5649 = DIRECTION ( 'NONE',  ( 0.0000000000000000000, 0.0000000000000000000, 1.000000000000000000 ) ) ;
#5650 = ORIENTED_EDGE ( 'NONE', *, *, #2131, .T. ) ;
#5651 = VECTOR ( 'NONE', #7331, 1000.000000000000000 ) ;
#5652 = ORIENTED_EDGE ( 'NONE', *, *, #7724, .T. ) ;
#5653 = DIRECTION ( 'NONE',  ( -2.628368902995165600E-015, 1.000000000000000000, 0.0000000000000000000 ) ) ;
#5654 = DIRECTION ( 'NONE',  ( -2.124908078801903100E-016, 1.000000000000000000, 0.0000000000000000000 ) ) ;
#5655 = EDGE_CURVE ( 'NONE', #4753, #8427, #5657, .T. ) ;
#5656 = AXIS2_PLACEMENT_3D ( 'NONE', #6814, #8898, #6147 ) ;
#5657 = LINE ( 'NONE', #5984, #1874 ) ;
#5658 = CARTESIAN_POINT ( 'NONE',  ( -6.259999999999971400, 2.549999999999999800, 2.182855688459097300 ) ) ;
#5659 = ORIENTED_EDGE ( 'NONE', *, *, #2460, .F. ) ;
#5660 = CARTESIAN_POINT ( 'NONE',  ( 0.8147429251030625700, -1.150000000000017500, -5.775000000000000400 ) ) ;
#5661 = LINE ( 'NONE', #1993, #552 ) ;
#5662 = ORIENTED_EDGE ( 'NONE', *, *, #546, .F. ) ;
#5663 = ORIENTED_EDGE ( 'NONE', *, *, #7595, .T. ) ;
#5664 = CARTESIAN_POINT ( 'NONE',  ( -6.466548932916465400, -0.4575303514028214400, -0.6150702473514875200 ) ) ;
#5665 = EDGE_LOOP ( 'NONE', ( #3772, #7228, #4529, #954, #1321, #4455, #2833, #832, #8151 ) ) ;
#5666 = ADVANCED_FACE ( 'NONE', ( #4246, #116, #2093 ), #8864, .T. ) ;
#5667 = DIRECTION ( 'NONE',  ( -0.0000000000000000000, 0.0000000000000000000, -1.000000000000000000 ) ) ;
#5668 = CARTESIAN_POINT ( 'NONE',  ( -4.473644992598847700, 1.988360223025506600, 3.423299469295858700 ) ) ;
#5669 = FACE_OUTER_BOUND ( 'NONE', #2247, .T. ) ;
#5670 = LINE ( 'NONE', #1957, #7288 ) ;
#5671 = EDGE_CURVE ( 'NONE', #7415, #4527, #8362, .T. ) ;
#5672 = AXIS2_PLACEMENT_3D ( 'NONE', #5945, #4425, #6616 ) ;
#5673 = EDGE_CURVE ( 'NONE', #3241, #6528, #5126, .T. ) ;
#5674 = LINE ( 'NONE', #8683, #3836 ) ;
#5675 = DIRECTION ( 'NONE',  ( 1.000000000000000000, 3.011672701348624000E-016, -0.0000000000000000000 ) ) ;
#5676 = VERTEX_POINT ( 'NONE', #1970 ) ;
#5677 = ORIENTED_EDGE ( 'NONE', *, *, #8482, .T. ) ;
#5678 = CARTESIAN_POINT ( 'NONE',  ( -4.860813622008678600, -2.549999999999999800, -0.5250000000000006900 ) ) ;
#5679 = ADVANCED_FACE ( 'NONE', ( #5457 ), #7675, .F. ) ;
#5680 = LINE ( 'NONE', #4861, #4061 ) ;
#5681 = DIRECTION ( 'NONE',  ( -5.256737805990317700E-015, 1.000000000000000000, 0.0000000000000000000 ) ) ;
#5682 = CARTESIAN_POINT ( 'NONE',  ( 5.089999999999999900, 1.879999999999999700, -0.5249999999999995800 ) ) ;
#5683 = VECTOR ( 'NONE', #4962, 1000.000000000000000 ) ;
#5684 = DIRECTION ( 'NONE',  ( 1.000000000000000000, 0.0000000000000000000, 0.0000000000000000000 ) ) ;
#5685 = ORIENTED_EDGE ( 'NONE', *, *, #5225, .F. ) ;
#5686 = DIRECTION ( 'NONE',  ( 1.431289996680534200E-016, 0.0000000000000000000, -1.000000000000000000 ) ) ;
#5687 = VECTOR ( 'NONE', #7898, 1000.000000000000000 ) ;
#5688 = CARTESIAN_POINT ( 'NONE',  ( -6.752806337296631200, 2.071655356285610200, -9.733433712965208400 ) ) ;
#5689 = LINE ( 'NONE', #8745, #3849 ) ;
#5690 = DIRECTION ( 'NONE',  ( 0.05233595624294380700, -1.956469775142901800E-015, -0.9986295347545739400 ) ) ;
#5691 = DIRECTION ( 'NONE',  ( -1.000000000000000000, 0.0000000000000000000, 0.0000000000000000000 ) ) ;
#5692 = EDGE_CURVE ( 'NONE', #7573, #4619, #2839, .T. ) ;
#5693 = VECTOR ( 'NONE', #5880, 1000.000000000000000 ) ;
#5694 = ORIENTED_EDGE ( 'NONE', *, *, #1472, .T. ) ;
#5695 = DIRECTION ( 'NONE',  ( -1.000000000000000000, -2.628368902995162800E-015, -2.673649675311314200E-016 ) ) ;
#5696 = FACE_OUTER_BOUND ( 'NONE', #8972, .T. ) ;
#5698 = DIRECTION ( 'NONE',  ( -0.1521599633690915400, -0.03449312277525664500, -0.9877538003109518300 ) ) ;
#5697 = DIRECTION ( 'NONE',  ( -2.124908078801903100E-016, 1.000000000000000000, 0.0000000000000000000 ) ) ;
#5699 = EDGE_CURVE ( 'NONE', #2999, #4501, #6469, .T. ) ;
#5700 = VECTOR ( 'NONE', #2174, 1000.000000000000000 ) ;
#5701 = ORIENTED_EDGE ( 'NONE', *, *, #2444, .T. ) ;
#5702 = VECTOR ( 'NONE', #3122, 1000.000000000000000 ) ;
#5703 = VERTEX_POINT ( 'NONE', #4727 ) ;
#5704 = EDGE_CURVE ( 'NONE', #8594, #3417, #6522, .T. ) ;
#5705 = PERSON_AND_ORGANIZATION_ROLE ( 'design_owner' ) ;
#5706 = DIRECTION ( 'NONE',  ( 0.0000000000000000000, 0.0000000000000000000, -1.000000000000000000 ) ) ;
#5707 = DIRECTION ( 'NONE',  ( 0.9405274128529004200, -0.0000000000000000000, 0.3397178029957070300 ) ) ;
#5708 = ADVANCED_FACE ( 'NONE', ( #984 ), #8804, .F. ) ;
#5709 = ORIENTED_EDGE ( 'NONE', *, *, #1694, .T. ) ;
#5710 = ORIENTED_EDGE ( 'NONE', *, *, #5259, .T. ) ;
#5711 = EDGE_CURVE ( 'NONE', #7192, #5772, #1983, .T. ) ;
#5712 = DIRECTION ( 'NONE',  ( 0.6614378277661481200, 0.0000000000000000000, -0.7499999999999996700 ) ) ;
#5713 = DIRECTION ( 'NONE',  ( 0.0000000000000000000, -1.000000000000000000, 0.0000000000000000000 ) ) ;
#5714 = DIRECTION ( 'NONE',  ( -2.124908078801903100E-016, 1.000000000000000000, 0.0000000000000000000 ) ) ;
#5715 = CARTESIAN_POINT ( 'NONE',  ( 5.089999999999999900, 2.549999999999999800, -0.5249999999999995800 ) ) ;
#5716 = ADVANCED_FACE ( 'NONE', ( #1757 ), #2803, .F. ) ;
#5717 = ORIENTED_EDGE ( 'NONE', *, *, #896, .F. ) ;
#5718 = ORIENTED_EDGE ( 'NONE', *, *, #4859, .T. ) ;
#5719 = ORIENTED_EDGE ( 'NONE', *, *, #1175, .T. ) ;
#5720 = EDGE_CURVE ( 'NONE', #2796, #2353, #6307, .T. ) ;
#5721 = CARTESIAN_POINT ( 'NONE',  ( -6.466548932916464500, -0.4663646409497493900, -0.3620892943110484700 ) ) ;
#5722 = EDGE_CURVE ( 'NONE', #1286, #3398, #2626, .T. ) ;
#5723 = CARTESIAN_POINT ( 'NONE',  ( -6.143740578005090200, 1.278837508292856700, 1.140537025406801700 ) ) ;
#5724 = ORIENTED_EDGE ( 'NONE', *, *, #7976, .F. ) ;
#5725 = VERTEX_POINT ( 'NONE', #5596 ) ;
#5726 = ORIENTED_EDGE ( 'NONE', *, *, #1000, .F. ) ;
#5727 = CYLINDRICAL_SURFACE ( 'NONE', #3171, 0.1650000000000002000 ) ;
#5728 = EDGE_LOOP ( 'NONE', ( #4402, #2277, #4558, #7084 ) ) ;
#5729 = DIRECTION ( 'NONE',  ( -0.0000000000000000000, -1.000000000000000000, -0.0000000000000000000 ) ) ;
#5730 = EDGE_CURVE ( 'NONE', #6578, #8278, #4354, .T. ) ;
#5731 = EDGE_LOOP ( 'NONE', ( #8763, #8290, #3789, #866 ) ) ;
#5732 = CARTESIAN_POINT ( 'NONE',  ( -0.1000000000000000100, 2.879999999999999900, -6.775000000000000400 ) ) ;
#5733 = ORIENTED_EDGE ( 'NONE', *, *, #3034, .F. ) ;
#5734 = VECTOR ( 'NONE', #7244, 1000.000000000000000 ) ;
#5735 = PLANE ( 'NONE',  #2980 ) ;
#5736 = DIRECTION ( 'NONE',  ( -1.000000000000000000, 0.0000000000000000000, 0.0000000000000000000 ) ) ;
#5737 = EDGE_CURVE ( 'NONE', #1164, #6926, #4879, .T. ) ;
#5738 = DIRECTION ( 'NONE',  ( -2.124908078801903100E-016, 1.000000000000000000, 0.0000000000000000000 ) ) ;
#5739 = CARTESIAN_POINT ( 'NONE',  ( 2.396164754065100300, 2.125627413300268400, 3.610480586262612600 ) ) ;
#5740 = VERTEX_POINT ( 'NONE', #8405 ) ;
#5741 = ORIENTED_EDGE ( 'NONE', *, *, #296, .F. ) ;
#5742 = CARTESIAN_POINT ( 'NONE',  ( 4.860813622008678600, 2.879999999999999900, -0.5250000000000006900 ) ) ;
#5743 = DIRECTION ( 'NONE',  ( 0.0000000000000000000, -0.0000000000000000000, -1.000000000000000000 ) ) ;
#5744 = ORIENTED_EDGE ( 'NONE', *, *, #8743, .F. ) ;
#5745 = VECTOR ( 'NONE', #6262, 1000.000000000000000 ) ;
#5746 = ORIENTED_EDGE ( 'NONE', *, *, #7828, .F. ) ;
#5747 = PLANE ( 'NONE',  #3584 ) ;
#5748 = ADVANCED_FACE ( 'NONE', ( #432 ), #8528, .T. ) ;
#5749 = CIRCLE ( 'NONE', #8799, 0.1000000000000000500 ) ;
#5750 = ORIENTED_EDGE ( 'NONE', *, *, #8521, .F. ) ;
#5751 = DIRECTION ( 'NONE',  ( 0.04222409276774595500, -0.5908391699278813200, 0.8056836856166772500 ) ) ;
#5752 = EDGE_CURVE ( 'NONE', #332, #301, #2506, .T. ) ;
#5753 = ORIENTED_EDGE ( 'NONE', *, *, #8266, .T. ) ;
#5754 = VECTOR ( 'NONE', #4807, 1000.000000000000200 ) ;
#5755 = ORIENTED_EDGE ( 'NONE', *, *, #8307, .F. ) ;
#5756 = ADVANCED_FACE ( 'NONE', ( #6091 ), #3690, .T. ) ;
#5757 = LINE ( 'NONE', #493, #976 ) ;
#5758 = CARTESIAN_POINT ( 'NONE',  ( -4.185257074896937500, 1.049999999999947900, -4.275000000000001200 ) ) ;
#5759 = ORIENTED_EDGE ( 'NONE', *, *, #6777, .T. ) ;
#5760 = FACE_OUTER_BOUND ( 'NONE', #6713, .T. ) ;
#5761 = ORIENTED_EDGE ( 'NONE', *, *, #5144, .F. ) ;
#5762 = CARTESIAN_POINT ( 'NONE',  ( 6.811409716464075900, -2.076906743079781800, 3.305061906340968300 ) ) ;
#5763 = VECTOR ( 'NONE', #5062, 1000.000000000000200 ) ;
#5764 = LINE ( 'NONE', #1898, #3936 ) ;
#5765 = ORIENTED_EDGE ( 'NONE', *, *, #6767, .T. ) ;
#5766 = DIRECTION ( 'NONE',  ( 0.04222409276774571200, -0.5908391699278814400, -0.8056836856166773600 ) ) ;
#5767 = VECTOR ( 'NONE', #5800, 1000.000000000000000 ) ;
#5768 = ORIENTED_EDGE ( 'NONE', *, *, #724, .F. ) ;
#5769 =( BOUNDED_CURVE ( )  B_SPLINE_CURVE ( 3, ( #7312, #2486, #3805, #3870 ),
 .UNSPECIFIED., .F., .F. ) 
 B_SPLINE_CURVE_WITH_KNOTS ( ( 4, 4 ),
 ( 0.9380438862512320300, 1.570796326794846400 ),
 .UNSPECIFIED. ) 
 CURVE ( )  GEOMETRIC_REPRESENTATION_ITEM ( )  RATIONAL_B_SPLINE_CURVE ( ( 1.000000000000000000, 0.9669127352965448700, 0.9669127352965448700, 1.000000000000000000 ) ) 
 REPRESENTATION_ITEM ( '' )  );
#5770 = EDGE_CURVE ( 'NONE', #8758, #7171, #4147, .T. ) ;
#5771 = CARTESIAN_POINT ( 'NONE',  ( 3.524742925103062900, -0.9000000000000000200, -9.124999999999998200 ) ) ;
#5772 = VERTEX_POINT ( 'NONE', #6352 ) ;
#5773 = DIRECTION ( 'NONE',  ( -0.0000000000000000000, 0.0000000000000000000, 1.000000000000000000 ) ) ;
#5774 = LINE ( 'NONE', #695, #894 ) ;
#5775 = VECTOR ( 'NONE', #7545, 1000.000000000000000 ) ;
#5776 = CYLINDRICAL_SURFACE ( 'NONE', #1499, 0.7300000000000002000 ) ;
#5777 = CARTESIAN_POINT ( 'NONE',  ( -13.67140971646411700, -2.484345597614054500, 2.830413255589196100 ) ) ;
#5778 = VERTEX_POINT ( 'NONE', #7850 ) ;
#5779 = DIRECTION ( 'NONE',  ( -0.0000000000000000000, 1.000000000000000000, -0.0000000000000000000 ) ) ;
#5780 = LINE ( 'NONE', #600, #5141 ) ;
#5781 = EDGE_CURVE ( 'NONE', #5440, #6145, #7817, .T. ) ;
#5782 = LINE ( 'NONE', #5532, #6006 ) ;
#5783 = CARTESIAN_POINT ( 'NONE',  ( -2.200902539776424100, 2.879999999999999900, -0.1153444145280875900 ) ) ;
#5784 = CARTESIAN_POINT ( 'NONE',  ( 0.2664338688640217100, 2.779999999999999800, -4.826190669741540900 ) ) ;
#5785 = VECTOR ( 'NONE', #474, 1000.000000000000000 ) ;
#5786 = VERTEX_POINT ( 'NONE', #3640 ) ;
#5787 = CARTESIAN_POINT ( 'NONE',  ( 0.0000000000000000000, -1.879999999999999700, 5.534999999999999300 ) ) ;
#5788 = ADVANCED_FACE ( 'NONE', ( #7386 ), #8465, .F. ) ;
#5789 = LINE ( 'NONE', #1612, #157 ) ;
#5790 = CARTESIAN_POINT ( 'NONE',  ( 6.259999999999999800, -0.8163860513228531300, 4.171510050329755100 ) ) ;
#5791 = CC_DESIGN_DATE_AND_TIME_ASSIGNMENT ( #7990, #7003, ( #8579 ) ) ;
#5792 = VECTOR ( 'NONE', #7677, 1000.000000000000000 ) ;
#5793 = DIRECTION ( 'NONE',  ( -1.000000000000000000, -2.124908078801903100E-016, 0.0000000000000000000 ) ) ;
#5794 = DIRECTION ( 'NONE',  ( -0.0000000000000000000, 1.000000000000000000, -0.0000000000000000000 ) ) ;
#5795 = ORIENTED_EDGE ( 'NONE', *, *, #8283, .T. ) ;
#5796 = CARTESIAN_POINT ( 'NONE',  ( 4.550148995534185800, 2.879999999999999900, 1.963516132128322800 ) ) ;
#5797 =( BOUNDED_CURVE ( )  B_SPLINE_CURVE ( 3, ( #1811, #3945, #8722, #8775 ),
 .UNSPECIFIED., .F., .F. ) 
 B_SPLINE_CURVE_WITH_KNOTS ( ( 4, 4 ),
 ( 4.559543995861925900, 4.712388980384674600 ),
 .UNSPECIFIED. ) 
 CURVE ( )  GEOMETRIC_REPRESENTATION_ITEM ( )  RATIONAL_B_SPLINE_CURVE ( ( 1.000000000000000000, 0.9980541482144369400, 0.9980541482144369400, 1.000000000000000000 ) ) 
 REPRESENTATION_ITEM ( '' )  );
#5798 = LINE ( 'NONE', #7734, #1693 ) ;
#5799 = ORIENTED_EDGE ( 'NONE', *, *, #7401, .T. ) ;
#5800 = DIRECTION ( 'NONE',  ( 1.431289996680534200E-016, 0.0000000000000000000, -1.000000000000000000 ) ) ;
#5801 = ADVANCED_FACE ( 'NONE', ( #3716 ), #826, .T. ) ;
#5802 = AXIS2_PLACEMENT_3D ( 'NONE', #6943, #5606, #6338 ) ;
#5803 = EDGE_CURVE ( 'NONE', #515, #2732, #5561, .T. ) ;
#5804 = DIRECTION ( 'NONE',  ( -3.285461128743965400E-016, 1.000000000000000000, -2.062312011738056000E-017 ) ) ;
#5805 = ORIENTED_EDGE ( 'NONE', *, *, #6587, .T. ) ;
#5806 = DIRECTION ( 'NONE',  ( -3.401418580346680800E-016, 1.000000000000000000, 5.465122338198210200E-017 ) ) ;
#5807 = LINE ( 'NONE', #6568, #3867 ) ;
#5808 = PRODUCT ( 'USB CONNECTOR', 'USB CONNECTOR', '', ( #821 ) ) ;
#5809 = ORIENTED_EDGE ( 'NONE', *, *, #756, .F. ) ;
#5810 = CARTESIAN_POINT ( 'NONE',  ( -7.432874993747258700, 0.6887572814937224000, -7.518345873256790500 ) ) ;
#5812 = DIRECTION ( 'NONE',  ( -0.0000000000000000000, -1.000000000000000000, -0.0000000000000000000 ) ) ;
#5811 = DIRECTION ( 'NONE',  ( -0.9986295347545739400, 0.0000000000000000000, 0.05233595624294380700 ) ) ;
#5813 = ORIENTED_EDGE ( 'NONE', *, *, #4598, .T. ) ;
#5814 = EDGE_CURVE ( 'NONE', #7460, #1542, #5342, .T. ) ;
#5815 = AXIS2_PLACEMENT_3D ( 'NONE', #7047, #3671, #7082 ) ;
#5816 = CARTESIAN_POINT ( 'NONE',  ( 6.589999999999999900, -2.879999999999999900, -6.775000000000000400 ) ) ;
#5817 = CARTESIAN_POINT ( 'NONE',  ( -4.471634747569174500, 2.076906743079788100, 3.461657229482879600 ) ) ;
#5818 = ORIENTED_EDGE ( 'NONE', *, *, #105, .F. ) ;
#5819 = ORIENTED_EDGE ( 'NONE', *, *, #412, .T. ) ;
#5820 = ORIENTED_EDGE ( 'NONE', *, *, #39, .F. ) ;
#5821 = LINE ( 'NONE', #3064, #6268 ) ;
#5822 = ORIENTED_EDGE ( 'NONE', *, *, #2368, .T. ) ;
#5823 = DIRECTION ( 'NONE',  ( -0.2873578278746626300, 0.03342755118621471000, 0.9572398223960643100 ) ) ;
#5824 = DIRECTION ( 'NONE',  ( 1.000000000000000000, 0.0000000000000000000, 0.0000000000000000000 ) ) ;
#5825 = CARTESIAN_POINT ( 'NONE',  ( -6.259999999999999800, -0.6199999999999998800, -6.775000000000000400 ) ) ;
#5826 = ORIENTED_EDGE ( 'NONE', *, *, #4646, .T. ) ;
#5827 = EDGE_CURVE ( 'NONE', #6540, #5778, #6958, .T. ) ;
#5828 = DIRECTION ( 'NONE',  ( -3.285461128743965400E-016, 1.000000000000000000, -2.062312011738056000E-017 ) ) ;
#5829 = AXIS2_PLACEMENT_3D ( 'NONE', #4664, #6659, #486 ) ;
#5830 = ADVANCED_FACE ( 'NONE', ( #549 ), #4040, .F. ) ;
#5831 = VECTOR ( 'NONE', #8845, 1000.000000000000000 ) ;
#5832 = EDGE_CURVE ( 'NONE', #7783, #6065, #3541, .T. ) ;
#5833 = CARTESIAN_POINT ( 'NONE',  ( -3.975257074896937100, -0.9000000000000000200, -4.275000000000001200 ) ) ;
#5834 = CARTESIAN_POINT ( 'NONE',  ( 3.924742925103062800, -0.8999999999999998000, -9.324999999999995700 ) ) ;
#5835 = ORIENTED_EDGE ( 'NONE', *, *, #7661, .T. ) ;
#5836 = LOCAL_TIME ( 5, 31, 5.000000000000000000, #7679 ) ;
#5837 = CARTESIAN_POINT ( 'NONE',  ( 4.681060305752854600, -1.879999999999999700, -0.5344204721237294500 ) ) ;
#5838 = ORIENTED_EDGE ( 'NONE', *, *, #2263, .T. ) ;
#5839 = ORIENTED_EDGE ( 'NONE', *, *, #5720, .F. ) ;
#5840 = DIRECTION ( 'NONE',  ( -0.04222409276774592700, -0.5908391699278819900, 0.8056836856166768000 ) ) ;
#5841 = ADVANCED_FACE ( 'NONE', ( #3502 ), #3663, .T. ) ;
#5842 = EDGE_LOOP ( 'NONE', ( #1931, #3703, #7981, #7518 ) ) ;
#5843 = VECTOR ( 'NONE', #1131, 1000.000000000000000 ) ;
#5844 = CARTESIAN_POINT ( 'NONE',  ( 6.159999999999998400, 2.449999999999999700, -5.775000000000000400 ) ) ;
#5846 = CARTESIAN_POINT ( 'NONE',  ( -1.769999999999998900, -2.549999999999999800, 5.534999999999999300 ) ) ;
#5845 = CARTESIAN_POINT ( 'NONE',  ( -6.415666075137640900, 1.973781359995480100, -10.60206543003985400 ) ) ;
#5847 = VERTEX_POINT ( 'NONE', #941 ) ;
#5848 = VERTEX_POINT ( 'NONE', #2399 ) ;
#5849 = CARTESIAN_POINT ( 'NONE',  ( -6.133248313036692600, -5.263181610785591300, 0.9045998214170119000 ) ) ;
#5850 = ORIENTED_EDGE ( 'NONE', *, *, #5636, .F. ) ;
#5851 = DIRECTION ( 'NONE',  ( -0.0000000000000000000, -0.0000000000000000000, 1.000000000000000000 ) ) ;
#5852 = CARTESIAN_POINT ( 'NONE',  ( -6.089999999999998100, 1.576386051322852900, 4.171510050329749800 ) ) ;
#5853 = ORIENTED_EDGE ( 'NONE', *, *, #3106, .F. ) ;
#5854 = LINE ( 'NONE', #8038, #7371 ) ;
#5855 = EDGE_CURVE ( 'NONE', #5778, #5112, #1444, .T. ) ;
#5856 = CARTESIAN_POINT ( 'NONE',  ( 0.0000000000000000000, 2.879999999999999900, 4.738502621547048000 ) ) ;
#5857 = DIRECTION ( 'NONE',  ( -1.000000000000000000, 2.628368902995162000E-015, 0.0000000000000000000 ) ) ;
#5858 = VERTEX_POINT ( 'NONE', #7902 ) ;
#5859 = LINE ( 'NONE', #4903, #2379 ) ;
#5860 = ORIENTED_EDGE ( 'NONE', *, *, #6833, .T. ) ;
#5861 = EDGE_CURVE ( 'NONE', #733, #1235, #4454, .T. ) ;
#5862 = CARTESIAN_POINT ( 'NONE',  ( 6.259999999999998900, 2.549999999999999800, -6.775000000000000400 ) ) ;
#5863 = LINE ( 'NONE', #7018, #4033 ) ;
#5864 = ORIENTED_EDGE ( 'NONE', *, *, #7835, .T. ) ;
#5865 = LINE ( 'NONE', #7961, #3607 ) ;
#5866 = VERTEX_POINT ( 'NONE', #2459 ) ;
#5867 = PLANE ( 'NONE',  #8608 ) ;
#5868 = CARTESIAN_POINT ( 'NONE',  ( -6.539999999999999100, 0.6099088255744773400, -3.371594611156200700 ) ) ;
#5869 = VECTOR ( 'NONE', #4287, 1000.000000000000000 ) ;
#5870 = ORIENTED_EDGE ( 'NONE', *, *, #3567, .T. ) ;
#5871 = EDGE_CURVE ( 'NONE', #117, #5778, #3261, .T. ) ;
#5872 = ORIENTED_EDGE ( 'NONE', *, *, #1450, .T. ) ;
#5873 = CYLINDRICAL_SURFACE ( 'NONE', #2220, 0.1799999999999999900 ) ;
#5874 = ORIENTED_EDGE ( 'NONE', *, *, #605, .T. ) ;
#5875 = VECTOR ( 'NONE', #2555, 1000.000000000000000 ) ;
#5876 = ORIENTED_EDGE ( 'NONE', *, *, #3273, .T. ) ;
#5877 = ORIENTED_EDGE ( 'NONE', *, *, #5173, .T. ) ;
#5878 = EDGE_CURVE ( 'NONE', #2218, #3751, #4693, .T. ) ;
#5879 = VECTOR ( 'NONE', #3244, 1000.000000000000000 ) ;
#5880 = DIRECTION ( 'NONE',  ( -1.000000000000000000, -0.0000000000000000000, -0.0000000000000000000 ) ) ;
#5881 = LINE ( 'NONE', #6523, #1103 ) ;
#5882 = ADVANCED_FACE ( 'NONE', ( #6748 ), #242, .F. ) ;
#5883 = VECTOR ( 'NONE', #3756, 1000.000000000000000 ) ;
#5884 = ORIENTED_EDGE ( 'NONE', *, *, #3882, .T. ) ;
#5885 = DIRECTION ( 'NONE',  ( 0.0000000000000000000, -1.000000000000000000, 0.0000000000000000000 ) ) ;
#5886 = DIRECTION ( 'NONE',  ( 1.000000000000000000, 2.124908078801903600E-016, -0.0000000000000000000 ) ) ;
#5887 = ORIENTED_EDGE ( 'NONE', *, *, #7828, .T. ) ;
#5888 = VECTOR ( 'NONE', #8966, 1000.000000000000000 ) ;
#5889 = LINE ( 'NONE', #794, #8383 ) ;
#5890 = DIRECTION ( 'NONE',  ( -2.628368902995162000E-015, -1.000000000000000000, 1.821407751266292700E-015 ) ) ;
#5891 = EDGE_CURVE ( 'NONE', #3745, #6510, #673, .T. ) ;
#5892 = DIRECTION ( 'NONE',  ( 0.0000000000000000000, 0.0000000000000000000, -1.000000000000000000 ) ) ;
#5893 = EDGE_CURVE ( 'NONE', #3646, #1270, #3070, .T. ) ;
#5894 = APPROVAL_DATE_TIME ( #4533, #2095 ) ;
#5895 = ORIENTED_EDGE ( 'NONE', *, *, #6923, .F. ) ;
#5896 = ADVANCED_FACE ( 'NONE', ( #324 ), #2499, .T. ) ;
#5897 = FACE_OUTER_BOUND ( 'NONE', #4843, .T. ) ;
#5898 = CARTESIAN_POINT ( 'NONE',  ( 2.351673726301490400, 2.125627413300268800, 2.761541204127665200 ) ) ;
#5899 = DIRECTION ( 'NONE',  ( -1.000000000000000000, 0.0000000000000000000, 0.0000000000000000000 ) ) ;
#5900 = DIRECTION ( 'NONE',  ( -1.000000000000000000, -0.0000000000000000000, -0.0000000000000000000 ) ) ;
#5901 = AXIS2_PLACEMENT_3D ( 'NONE', #5980, #5325, #508 ) ;
#5902 = VECTOR ( 'NONE', #6038, 1000.000000000000000 ) ;
#5903 = EDGE_CURVE ( 'NONE', #8429, #6586, #4907, .T. ) ;
#5904 = EDGE_LOOP ( 'NONE', ( #6261, #7631, #3283, #218 ) ) ;
#5905 = LINE ( 'NONE', #7550, #4281 ) ;
#5906 = CARTESIAN_POINT ( 'NONE',  ( 5.090000000000000700, 2.879999999999999900, 5.534999999999999300 ) ) ;
#5907 = CARTESIAN_POINT ( 'NONE',  ( -0.6647873582993000200, 0.0000000000000000000, -4.275000000000001200 ) ) ;
#5908 = EDGE_CURVE ( 'NONE', #5230, #8487, #420, .T. ) ;
#5909 = PLANE ( 'NONE',  #7644 ) ;
#5910 = ORIENTED_EDGE ( 'NONE', *, *, #7744, .T. ) ;
#5911 = VECTOR ( 'NONE', #1813, 1000.000000000000000 ) ;
#5912 = ORIENTED_EDGE ( 'NONE', *, *, #592, .F. ) ;
#5913 = CARTESIAN_POINT ( 'NONE',  ( 2.380158439298849100, -2.076906743079793400, 3.305061906340967000 ) ) ;
#5914 = CARTESIAN_POINT ( 'NONE',  ( -1.275257074896937400, -1.149999999999999700, -9.124999999999998200 ) ) ;
#5915 = PLANE ( 'NONE',  #729 ) ;
#5916 = ORIENTED_EDGE ( 'NONE', *, *, #5094, .T. ) ;
#5917 = CARTESIAN_POINT ( 'NONE',  ( 0.0000000000000000000, 2.779999999999999800, 6.775000000000000400 ) ) ;
#5918 = AXIS2_PLACEMENT_3D ( 'NONE', #2698, #633, #2014 ) ;
#5919 = EDGE_CURVE ( 'NONE', #4409, #2563, #5330, .T. ) ;
#5920 = PLANE ( 'NONE',  #828 ) ;
#5921 = CARTESIAN_POINT ( 'NONE',  ( -5.855184962834836200, 1.258248747434649100, 0.5509520546897577200 ) ) ;
#5922 = ADVANCED_FACE ( 'NONE', ( #8251 ), #4522, .F. ) ;
#5923 = CARTESIAN_POINT ( 'NONE',  ( -6.540000000000000000, 0.6099088255744773400, -3.371594611156200700 ) ) ;
#5924 = CARTESIAN_POINT ( 'NONE',  ( 6.970609635237288200, 1.982288433026719900, -10.10182779350335900 ) ) ;
#5925 = EDGE_LOOP ( 'NONE', ( #5418, #3783, #161, #6723 ) ) ;
#5926 = VECTOR ( 'NONE', #4385, 1000.000000000000000 ) ;
#5927 = VERTEX_POINT ( 'NONE', #7879 ) ;
#5928 = ORIENTED_EDGE ( 'NONE', *, *, #2634, .T. ) ;
#5929 = CARTESIAN_POINT ( 'NONE',  ( -4.590000000000000700, 1.050000000000001400, -5.775000000000000400 ) ) ;
#5930 = ADVANCED_FACE ( 'NONE', ( #1333 ), #1433, .T. ) ;
#5931 = CARTESIAN_POINT ( 'NONE',  ( 0.0000000000000000000, 2.879999999999999900, -0.7050000000000007400 ) ) ;
#5933 = DIRECTION ( 'NONE',  ( -1.000000000000000000, 0.0000000000000000000, 0.0000000000000000000 ) ) ;
#5932 = DIRECTION ( 'NONE',  ( -0.05233595624294350200, 0.0000000000000000000, 0.9986295347545739400 ) ) ;
#5934 = ORIENTED_EDGE ( 'NONE', *, *, #112, .F. ) ;
#5935 = ORIENTED_EDGE ( 'NONE', *, *, #5971, .T. ) ;
#5936 = VERTEX_POINT ( 'NONE', #2582 ) ;
#5937 = CARTESIAN_POINT ( 'NONE',  ( -2.415353266169689000, 2.803355836972916100, 3.976619208564393700 ) ) ;
#5938 = LINE ( 'NONE', #2623, #1724 ) ;
#5939 = EDGE_CURVE ( 'NONE', #6274, #570, #1644, .T. ) ;
#5940 = AXIS2_PLACEMENT_3D ( 'NONE', #274, #5202, #3007 ) ;
#5941 = DIRECTION ( 'NONE',  ( -0.0000000000000000000, -0.0000000000000000000, -1.000000000000000000 ) ) ;
#5942 = CARTESIAN_POINT ( 'NONE',  ( -1.440861489946112400E-016, -0.4784256567125956300, -0.01670699207699863000 ) ) ;
#5943 = CARTESIAN_POINT ( 'NONE',  ( 6.159999999999998400, -2.449999999999999700, -4.275000000000001200 ) ) ;
#5944 = ORIENTED_EDGE ( 'NONE', *, *, #4434, .T. ) ;
#5945 = CARTESIAN_POINT ( 'NONE',  ( -6.589999999999997200, -5.263181610785591300, 4.037451760663493900 ) ) ;
#5946 = ORIENTED_EDGE ( 'NONE', *, *, #366, .T. ) ;
#5947 = FACE_OUTER_BOUND ( 'NONE', #5634, .T. ) ;
#5948 = CARTESIAN_POINT ( 'NONE',  ( 6.662296478733845000, 1.015631202859311300, -9.984015231982079200 ) ) ;
#5949 = EDGE_CURVE ( 'NONE', #6132, #6279, #6509, .T. ) ;
#5950 = DIRECTION ( 'NONE',  ( 0.1522505623211014000, 0.0000000000000000000, -0.9883419278128942100 ) ) ;
#5951 = ORIENTED_EDGE ( 'NONE', *, *, #427, .F. ) ;
#5952 = CARTESIAN_POINT ( 'NONE',  ( -3.775257074896937000, -0.8999999999999998000, -9.324999999999995700 ) ) ;
#5953 = AXIS2_PLACEMENT_3D ( 'NONE', #8198, #7542, #3407 ) ;
#5954 = DIRECTION ( 'NONE',  ( -0.0000000000000000000, 1.000000000000000000, -0.0000000000000000000 ) ) ;
#5955 = EDGE_LOOP ( 'NONE', ( #1297, #890, #1565, #5826, #2632, #2513, #4668, #9003, #3881, #3845, #386, #915, #2257, #5536, #7358, #3044 ) ) ;
#5956 = CIRCLE ( 'NONE', #736, 0.1799999999999999400 ) ;
#5957 = CARTESIAN_POINT ( 'NONE',  ( 5.328437190809231600, 0.0000000000000000000, 6.774999999999999500 ) ) ;
#5958 = VERTEX_POINT ( 'NONE', #7459 ) ;
#5959 = LINE ( 'NONE', #2383, #8899 ) ;
#5960 = ORIENTED_EDGE ( 'NONE', *, *, #5544, .T. ) ;
#5961 = PLANE ( 'NONE',  #3818 ) ;
#5963 = CARTESIAN_POINT ( 'NONE',  ( -6.146006049948739200, -0.5044987145452586300, 0.7299276958792690900 ) ) ;
#5962 = CARTESIAN_POINT ( 'NONE',  ( -6.722195666501190400, 2.073051651898269100, -9.721041589402863900 ) ) ;
#5964 = CARTESIAN_POINT ( 'NONE',  ( 6.811409716464077700, -2.806906743079782300, 3.066959884049312200 ) ) ;
#5965 = EDGE_LOOP ( 'NONE', ( #7121, #701, #1211, #8505, #7406, #7985, #6533, #6074, #1912, #7935, #1030, #4224 ) ) ;
#5966 = LINE ( 'NONE', #6910, #4439 ) ;
#5967 = VECTOR ( 'NONE', #3932, 1000.000000000000000 ) ;
#5968 = ORIENTED_EDGE ( 'NONE', *, *, #8527, .F. ) ;
#5969 = DIRECTION ( 'NONE',  ( -3.009838071711635500E-016, 0.9993908270190957600, 0.03489949670250107300 ) ) ;
#5970 = LINE ( 'NONE', #3660, #8580 ) ;
#5971 = EDGE_CURVE ( 'NONE', #295, #3562, #3055, .T. ) ;
#5972 = ORIENTED_EDGE ( 'NONE', *, *, #2001, .F. ) ;
#5973 = DIRECTION ( 'NONE',  ( 3.009838071711635500E-016, 0.9993908270190957600, 0.03489949670250108000 ) ) ;
#5974 = LINE ( 'NONE', #1511, #7065 ) ;
#5975 = DIRECTION ( 'NONE',  ( 1.000000000000000000, 0.0000000000000000000, 0.0000000000000000000 ) ) ;
#5976 = VERTEX_POINT ( 'NONE', #3236 ) ;
#5977 = CARTESIAN_POINT ( 'NONE',  ( -4.909999999999998400, 2.879999999999999900, -0.7050000000000007400 ) ) ;
#5978 = CARTESIAN_POINT ( 'NONE',  ( 7.432874993747258700, 0.6887572814937224000, -7.518345873256791400 ) ) ;
#5979 = EDGE_CURVE ( 'NONE', #5848, #6184, #8791, .T. ) ;
#5980 = CARTESIAN_POINT ( 'NONE',  ( 3.924742925103062800, -0.8999999999999998000, -9.124999999999998200 ) ) ;
#5981 = ADVANCED_FACE ( 'NONE', ( #6951 ), #7057, .T. ) ;
#5982 = VECTOR ( 'NONE', #331, 1000.000000000000000 ) ;
#5983 = LINE ( 'NONE', #3801, #3719 ) ;
#5984 = CARTESIAN_POINT ( 'NONE',  ( 1.835212641700700000, 1.049999999999982700, -5.775000000000000400 ) ) ;
#5985 = EDGE_LOOP ( 'NONE', ( #2475, #1147, #1323, #810 ) ) ;
#5986 = LINE ( 'NONE', #6654, #8809 ) ;
#5987 = CARTESIAN_POINT ( 'NONE',  ( -4.479841560701151700, 2.406906743079787200, 3.305061906340970100 ) ) ;
#5988 = ORIENTED_EDGE ( 'NONE', *, *, #3396, .T. ) ;
#5989 = CARTESIAN_POINT ( 'NONE',  ( -13.67140971646411900, 2.613887054990789300, 2.095737635784124600 ) ) ;
#5991 = CARTESIAN_POINT ( 'NONE',  ( -6.260000000000000700, 2.549999999999999800, -0.7050000000000007400 ) ) ;
#5990 = DIRECTION ( 'NONE',  ( -1.000000000000000000, -3.011672701348624000E-016, 0.0000000000000000000 ) ) ;
#5992 = EDGE_LOOP ( 'NONE', ( #4079, #7539, #8884, #1449, #8440 ) ) ;
#5993 = LINE ( 'NONE', #5833, #4826 ) ;
#5994 = DIRECTION ( 'NONE',  ( -0.0000000000000000000, -0.0000000000000000000, -1.000000000000000000 ) ) ;
#5995 = VECTOR ( 'NONE', #8848, 1000.000000000000000 ) ;
#5996 = VECTOR ( 'NONE', #102, 1000.000000000000000 ) ;
#5997 = VERTEX_POINT ( 'NONE', #3984 ) ;
#5998 = EDGE_CURVE ( 'NONE', #7261, #4785, #8020, .T. ) ;
#5999 = CARTESIAN_POINT ( 'NONE',  ( -6.466548932916465400, 1.226364640949757100, -0.3620892943110485300 ) ) ;
#6000 = DIRECTION ( 'NONE',  ( 0.0000000000000000000, -0.5913665711502956700, 0.8064028636642743800 ) ) ;
#6002 = DIRECTION ( 'NONE',  ( -2.124908078801903100E-016, 1.000000000000000000, 0.0000000000000000000 ) ) ;
#6001 = CARTESIAN_POINT ( 'NONE',  ( -7.058913045251230800, 0.9523075998409846800, -9.857354948588744400 ) ) ;
#6003 = DIRECTION ( 'NONE',  ( -1.000000000000000000, 0.0000000000000000000, 0.0000000000000000000 ) ) ;
#6004 = CYLINDRICAL_SURFACE ( 'NONE', #6348, 1.230000000000000200 ) ;
#6005 = CARTESIAN_POINT ( 'NONE',  ( 1.999186377991321500, 1.879999999999999700, -0.5250000000000004700 ) ) ;
#6006 = VECTOR ( 'NONE', #7642, 1000.000000000000000 ) ;
#6007 = CARTESIAN_POINT ( 'NONE',  ( -2.429102880155388900, -2.814368043255626200, 4.238977472429030300 ) ) ;
#6008 = LINE ( 'NONE', #6800, #8174 ) ;
#6009 = EDGE_LOOP ( 'NONE', ( #8751, #590, #5659, #4294 ) ) ;
#6010 = EDGE_CURVE ( 'NONE', #2304, #578, #7805, .T. ) ;
#6011 = CARTESIAN_POINT ( 'NONE',  ( 6.540000000000000000, 0.1500911744255225000, -3.371594611156200700 ) ) ;
#6012 = EDGE_CURVE ( 'NONE', #2968, #8594, #4564, .T. ) ;
#6013 = VECTOR ( 'NONE', #2297, 1000.000000000000000 ) ;
#6014 = DIRECTION ( 'NONE',  ( -0.6614378277661481200, 0.0000000000000000000, -0.7499999999999996700 ) ) ;
#6015 = VECTOR ( 'NONE', #3366, 1000.000000000000000 ) ;
#6016 = ORIENTED_EDGE ( 'NONE', *, *, #4734, .T. ) ;
#6017 = CARTESIAN_POINT ( 'NONE',  ( 6.259999999999998900, 1.380000000000000100, 4.175000000000000700 ) ) ;
#6019 = CARTESIAN_POINT ( 'NONE',  ( -4.479841560701151700, -2.406906743079787200, 3.305061906340970100 ) ) ;
#6018 = CARTESIAN_POINT ( 'NONE',  ( -6.089999999999999000, 1.480000000000000200, 4.174999999999999800 ) ) ;
#6020 = VECTOR ( 'NONE', #4141, 1000.000000000000000 ) ;
#6021 = ORIENTED_EDGE ( 'NONE', *, *, #5273, .F. ) ;
#6022 = CARTESIAN_POINT ( 'NONE',  ( 0.0000000000000000000, -2.879999999999999900, 5.534999999999999300 ) ) ;
#6023 = ORIENTED_EDGE ( 'NONE', *, *, #8837, .F. ) ;
#6024 = ADVANCED_FACE ( 'NONE', ( #2723 ), #4689, .F. ) ;
#6025 = LINE ( 'NONE', #8689, #6355 ) ;
#6027 = CARTESIAN_POINT ( 'NONE',  ( -6.171250739718260500, -0.5015620687413416800, 0.6458331628360934900 ) ) ;
#6026 = CARTESIAN_POINT ( 'NONE',  ( 1.024742925103062600, -1.149999999999999900, -4.275000000000001200 ) ) ;
#6028 = DIRECTION ( 'NONE',  ( -3.011672701348624000E-016, -1.000000000000000000, 0.0000000000000000000 ) ) ;
#6029 = EDGE_CURVE ( 'NONE', #616, #5936, #2949, .T. ) ;
#6030 = CARTESIAN_POINT ( 'NONE',  ( 6.722195666501184200, 2.073051651898269100, -9.721041589402862100 ) ) ;
#6031 = PLANE ( 'NONE',  #1589 ) ;
#6032 = ORIENTED_EDGE ( 'NONE', *, *, #573, .T. ) ;
#6033 = PLANE ( 'NONE',  #2635 ) ;
#6034 = ORIENTED_EDGE ( 'NONE', *, *, #6010, .T. ) ;
#6035 = VERTEX_POINT ( 'NONE', #1158 ) ;
#6036 = CARTESIAN_POINT ( 'NONE',  ( 1.024742925103062600, -0.9000000000000000200, -4.275000000000001200 ) ) ;
#6037 = DIRECTION ( 'NONE',  ( -1.961413506046832800E-015, 0.8064028636642748300, -0.5913665711502950100 ) ) ;
#6038 = DIRECTION ( 'NONE',  ( -1.431289996680534200E-016, 0.0000000000000000000, 1.000000000000000000 ) ) ;
#6039 = EDGE_CURVE ( 'NONE', #5621, #516, #1202, .T. ) ;
#6040 = EDGE_LOOP ( 'NONE', ( #3015, #775, #6751, #22 ) ) ;
#6041 = ORIENTED_EDGE ( 'NONE', *, *, #8141, .T. ) ;
#6042 = ORIENTED_EDGE ( 'NONE', *, *, #1655, .T. ) ;
#6043 = DIRECTION ( 'NONE',  ( 0.0000000000000000000, -0.1119675341219745900, -0.9937118653325239800 ) ) ;
#6044 = CIRCLE ( 'NONE', #784, 0.1000000000000000500 ) ;
#6045 = ORIENTED_EDGE ( 'NONE', *, *, #2474, .T. ) ;
#6046 = DIRECTION ( 'NONE',  ( -0.0000000000000000000, 1.000000000000000000, -0.0000000000000000000 ) ) ;
#6047 =( BOUNDED_CURVE ( )  B_SPLINE_CURVE ( 3, ( #204, #3019, #2275, #4452 ),
 .UNSPECIFIED., .F., .F. ) 
 B_SPLINE_CURVE_WITH_KNOTS ( ( 4, 4 ),
 ( 1.570796326794876400, 1.723641311317623000 ),
 .UNSPECIFIED. ) 
 CURVE ( )  GEOMETRIC_REPRESENTATION_ITEM ( )  RATIONAL_B_SPLINE_CURVE ( ( 1.000000000000000000, 0.9980541482144369400, 0.9980541482144369400, 1.000000000000000000 ) ) 
 REPRESENTATION_ITEM ( '' )  );
#6048 =( BOUNDED_CURVE ( )  B_SPLINE_CURVE ( 3, ( #7289, #2557, #7344, #4561 ),
 .UNSPECIFIED., .F., .F. ) 
 B_SPLINE_CURVE_WITH_KNOTS ( ( 4, 4 ),
 ( 4.079636539841027700, 4.712388980384639900 ),
 .UNSPECIFIED. ) 
 CURVE ( )  GEOMETRIC_REPRESENTATION_ITEM ( )  RATIONAL_B_SPLINE_CURVE ( ( 1.000000000000000000, 0.9669127352965452000, 0.9669127352965452000, 1.000000000000000000 ) ) 
 REPRESENTATION_ITEM ( '' )  );
#6049 = CARTESIAN_POINT ( 'NONE',  ( -4.492319958932258200, 2.406906743079788100, 3.066959884049311300 ) ) ;
#6050 = CARTESIAN_POINT ( 'NONE',  ( 2.388376328444354900, -2.425869183073559500, 3.461868572410967000 ) ) ;
#6051 = CARTESIAN_POINT ( 'NONE',  ( 4.538906785764353000, 2.880000000000000300, 2.178030273418614500 ) ) ;
#6052 = ORIENTED_EDGE ( 'NONE', *, *, #6378, .F. ) ;
#6053 = DIRECTION ( 'NONE',  ( -2.124908078801903100E-016, 1.000000000000000000, 0.0000000000000000000 ) ) ;
#6054 = VERTEX_POINT ( 'NONE', #6709 ) ;
#6055 = DATE_AND_TIME ( #7886, #741 ) ;
#6056 = CARTESIAN_POINT ( 'NONE',  ( 4.860813622008679500, -2.549999999999999800, -0.7050000000000007400 ) ) ;
#6057 = CARTESIAN_POINT ( 'NONE',  ( -7.214600510584429700, 0.7166446054373842900, -7.765845873256791000 ) ) ;
#6058 = CARTESIAN_POINT ( 'NONE',  ( 6.732399223433017900, 2.072586220027379200, -9.725172297257007200 ) ) ;
#6059 = EDGE_LOOP ( 'NONE', ( #7475, #5317, #689, #8684 ) ) ;
#6060 = EDGE_CURVE ( 'NONE', #7507, #1318, #7606, .T. ) ;
#6061 = ORIENTED_EDGE ( 'NONE', *, *, #2919, .F. ) ;
#6062 = AXIS2_PLACEMENT_3D ( 'NONE', #2035, #8411, #863 ) ;
#6063 = DIRECTION ( 'NONE',  ( 1.000000000000000000, 2.628368902995162400E-015, -2.673649675311314200E-016 ) ) ;
#6064 = CARTESIAN_POINT ( 'NONE',  ( 6.263847163821742100, -5.263181610785594000, 4.087694446229456900 ) ) ;
#6065 = VERTEX_POINT ( 'NONE', #3266 ) ;
#6066 = LINE ( 'NONE', #6135, #7252 ) ;
#6067 = ORIENTED_EDGE ( 'NONE', *, *, #7455, .F. ) ;
#6068 = CARTESIAN_POINT ( 'NONE',  ( 3.314742925103062500, -1.149999999999999900, -4.275000000000001200 ) ) ;
#6069 = ORIENTED_EDGE ( 'NONE', *, *, #4465, .F. ) ;
#6070 = CARTESIAN_POINT ( 'NONE',  ( 6.540000000000000000, 0.6099088255744773400, -3.524628749786098400 ) ) ;
#6071 = ORIENTED_EDGE ( 'NONE', *, *, #3959, .F. ) ;
#6072 = PLANE ( 'NONE',  #1909 ) ;
#6073 = ADVANCED_FACE ( 'NONE', ( #6855 ), #1804, .F. ) ;
#6074 = ORIENTED_EDGE ( 'NONE', *, *, #4697, .F. ) ;
#6075 = FACE_OUTER_BOUND ( 'NONE', #7234, .T. ) ;
#6076 = DIRECTION ( 'NONE',  ( 0.0000000000000000000, 1.000000000000000000, 0.0000000000000000000 ) ) ;
#6077 = EDGE_CURVE ( 'NONE', #1270, #2030, #5220, .T. ) ;
#6078 = EDGE_LOOP ( 'NONE', ( #6545, #6934, #4199, #2743 ) ) ;
#6079 = DIRECTION ( 'NONE',  ( -3.011672701348624000E-016, -1.000000000000000000, 0.0000000000000000000 ) ) ;
#6080 = VECTOR ( 'NONE', #37, 1000.000000000000000 ) ;
#6081 =( BOUNDED_CURVE ( )  B_SPLINE_CURVE ( 3, ( #1160, #8802, #1267, #7435 ),
 .UNSPECIFIED., .F., .F. ) 
 B_SPLINE_CURVE_WITH_KNOTS ( ( 4, 4 ),
 ( 1.570796326794912800, 1.723641311317659600 ),
 .UNSPECIFIED. ) 
 CURVE ( )  GEOMETRIC_REPRESENTATION_ITEM ( )  RATIONAL_B_SPLINE_CURVE ( ( 1.000000000000000000, 0.9980541482144369400, 0.9980541482144369400, 1.000000000000000000 ) ) 
 REPRESENTATION_ITEM ( '' )  );
#6082 = ORIENTED_EDGE ( 'NONE', *, *, #7974, .F. ) ;
#6083 = AXIS2_PLACEMENT_3D ( 'NONE', #4295, #8443, #2219 ) ;
#6084 = CARTESIAN_POINT ( 'NONE',  ( 0.2664338688640217100, 2.779999999999999800, -4.826190669741540900 ) ) ;
#6085 = LINE ( 'NONE', #601, #315 ) ;
#6086 = ORIENTED_EDGE ( 'NONE', *, *, #7111, .T. ) ;
#6087 = DIRECTION ( 'NONE',  ( 1.431289996680534200E-016, 0.0000000000000000000, -1.000000000000000000 ) ) ;
#6088 = VERTEX_POINT ( 'NONE', #4594 ) ;
#6089 = FACE_OUTER_BOUND ( 'NONE', #3526, .T. ) ;
#6090 = ORIENTED_EDGE ( 'NONE', *, *, #3466, .F. ) ;
#6091 = FACE_OUTER_BOUND ( 'NONE', #269, .T. ) ;
#6093 = CARTESIAN_POINT ( 'NONE',  ( -0.1000000000000000100, 2.779999999999999800, 4.014026416602996000 ) ) ;
#6092 = CARTESIAN_POINT ( 'NONE',  ( 6.143740578005090200, -0.5188375082928540200, 1.140537025406802400 ) ) ;
#6094 = VERTEX_POINT ( 'NONE', #6647 ) ;
#6095 = CARTESIAN_POINT ( 'NONE',  ( -1.999186377991321500, 1.879999999999999700, -0.5250000000000004700 ) ) ;
#6096 = VECTOR ( 'NONE', #2767, 1000.000000000000000 ) ;
#6097 = ORIENTED_EDGE ( 'NONE', *, *, #5704, .F. ) ;
#6098 = CARTESIAN_POINT ( 'NONE',  ( 6.760954458586430100, 1.048904168061350900, -10.71464949154449500 ) ) ;
#6099 = VECTOR ( 'NONE', #7561, 1000.000000000000000 ) ;
#6100 = ORIENTED_EDGE ( 'NONE', *, *, #7425, .F. ) ;
#6101 = VERTEX_POINT ( 'NONE', #2487 ) ;
#6102 = CARTESIAN_POINT ( 'NONE',  ( 4.589999999999999000, -2.449999999999999700, -5.775000000000000400 ) ) ;
#6103 = DIRECTION ( 'NONE',  ( -1.000000000000000000, 0.0000000000000000000, 0.0000000000000000000 ) ) ;
#6104 = FACE_OUTER_BOUND ( 'NONE', #2979, .T. ) ;
#6105 = AXIS2_PLACEMENT_3D ( 'NONE', #8146, #6002, #434 ) ;
#6106 = EDGE_CURVE ( 'NONE', #8567, #5194, #1921, .T. ) ;
#6107 = DIRECTION ( 'NONE',  ( -2.124908078801903100E-016, 1.000000000000000000, 0.0000000000000000000 ) ) ;
#6108 = VECTOR ( 'NONE', #4735, 1000.000000000000000 ) ;
#6109 = CARTESIAN_POINT ( 'NONE',  ( -6.539999999999999100, 0.1500911744255224700, -3.830697027045894200 ) ) ;
#6110 = LINE ( 'NONE', #742, #1462 ) ;
#6111 = ORIENTED_EDGE ( 'NONE', *, *, #7257, .T. ) ;
#6112 = EDGE_CURVE ( 'NONE', #3938, #7450, #2283, .T. ) ;
#6113 = DIRECTION ( 'NONE',  ( -0.3378260905024653100, -0.1053848003180299200, 0.9352901028225141200 ) ) ;
#6114 = ORIENTED_EDGE ( 'NONE', *, *, #2778, .F. ) ;
#6115 = LINE ( 'NONE', #4472, #6428 ) ;
#6116 = CARTESIAN_POINT ( 'NONE',  ( -1.950000000000000000, -2.879999999999999900, -0.5250000000000005800 ) ) ;
#6117 = DIRECTION ( 'NONE',  ( -0.9883279591950072700, -0.005316631648734937800, -0.1522484105051468400 ) ) ;
#6118 = LINE ( 'NONE', #6914, #2005 ) ;
#6119 = CARTESIAN_POINT ( 'NONE',  ( -5.089999999999999900, 2.549999999999999800, -0.5249999999999995800 ) ) ;
#6120 = EDGE_LOOP ( 'NONE', ( #1613, #3401, #2676, #2511 ) ) ;
#6121 = CARTESIAN_POINT ( 'NONE',  ( -6.133248313036694400, -0.5198367921258493200, 1.169152770350097900 ) ) ;
#6122 = PLANE ( 'NONE',  #7789 ) ;
#6123 = FACE_OUTER_BOUND ( 'NONE', #1738, .T. ) ;
#6124 = LINE ( 'NONE', #4437, #3316 ) ;
#6125 = EDGE_CURVE ( 'NONE', #7682, #4908, #2084, .T. ) ;
#6126 = AXIS2_PLACEMENT_3D ( 'NONE', #2570, #492, #6242 ) ;
#6127 = ADVANCED_FACE ( 'NONE', ( #1550 ), #5548, .F. ) ;
#6128 = CARTESIAN_POINT ( 'NONE',  ( -3.375257074896937000, -0.8999999999999998000, -4.275000000000001200 ) ) ;
#6129 = CARTESIAN_POINT ( 'NONE',  ( 7.432874993747258700, 2.321242718506276900, -7.518345873256791400 ) ) ;
#6130 = CARTESIAN_POINT ( 'NONE',  ( 6.811409716464075900, 2.076906743079782300, 3.066959884049312200 ) ) ;
#6131 = VECTOR ( 'NONE', #3118, 1000.000000000000200 ) ;
#6132 = VERTEX_POINT ( 'NONE', #3477 ) ;
#6133 = DIRECTION ( 'NONE',  ( -0.0000000000000000000, -1.000000000000000000, -0.0000000000000000000 ) ) ;
#6134 = CARTESIAN_POINT ( 'NONE',  ( 5.803248313036694300, 1.276242965462103000, 1.066239039752058200 ) ) ;
#6135 = CARTESIAN_POINT ( 'NONE',  ( 2.200902539776424100, 2.879999999999999900, -0.1153444145280875900 ) ) ;
#6136 = CARTESIAN_POINT ( 'NONE',  ( -4.471634747569174500, -2.076906743079788100, 3.461657229482879600 ) ) ;
#6137 = EDGE_CURVE ( 'NONE', #378, #6846, #8352, .T. ) ;
#6138 = AXIS2_PLACEMENT_3D ( 'NONE', #464, #5375, #2642 ) ;
#6139 = LINE ( 'NONE', #5825, #596 ) ;
#6140 = EDGE_CURVE ( 'NONE', #2264, #5172, #8351, .T. ) ;
#6141 = ORIENTED_EDGE ( 'NONE', *, *, #2061, .F. ) ;
#6142 = PLANE ( 'NONE',  #1605 ) ;
#6143 = CARTESIAN_POINT ( 'NONE',  ( -4.860813622008678600, -1.879999999999999700, -0.5250000000000006900 ) ) ;
#6144 = LINE ( 'NONE', #6084, #4089 ) ;
#6145 = VERTEX_POINT ( 'NONE', #8889 ) ;
#6146 = DIRECTION ( 'NONE',  ( -0.0000000000000000000, -0.0000000000000000000, -1.000000000000000000 ) ) ;
#6147 = DIRECTION ( 'NONE',  ( 0.0000000000000000000, 0.0000000000000000000, 1.000000000000000000 ) ) ;
#6148 = CARTESIAN_POINT ( 'NONE',  ( 4.498672067103321100, 2.406906743079788600, 2.945754439782035200 ) ) ;
#6149 = ORIENTED_EDGE ( 'NONE', *, *, #7172, .F. ) ;
#6150 = CARTESIAN_POINT ( 'NONE',  ( 6.424999999999998900, 1.478223484310471800, 4.274984218714779500 ) ) ;
#6151 = CC_DESIGN_PERSON_AND_ORGANIZATION_ASSIGNMENT ( #5627, #7115, ( #2897 ) ) ;
#6152 = CARTESIAN_POINT ( 'NONE',  ( -2.304271744735718400, -2.788920467228270400, 1.857057514601996500 ) ) ;
#6153 = CARTESIAN_POINT ( 'NONE',  ( -13.67140971646411700, -2.406906743079763300, 3.305061906340970100 ) ) ;
#6154 = DIRECTION ( 'NONE',  ( 0.9883419278128943200, -2.976562403592365800E-016, -0.1522505623211007900 ) ) ;
#6155 = VERTEX_POINT ( 'NONE', #1330 ) ;
#6156 = VERTEX_POINT ( 'NONE', #4781 ) ;
#6157 = EDGE_CURVE ( 'NONE', #2027, #3782, #4681, .T. ) ;
#6158 = CARTESIAN_POINT ( 'NONE',  ( 6.405202790790650800, 1.035834230063381400, -10.59865379181251300 ) ) ;
#6159 = ORIENTED_EDGE ( 'NONE', *, *, #3800, .F. ) ;
#6160 = CARTESIAN_POINT ( 'NONE',  ( 1.769999999999999800, -2.879999999999999900, 2.533383294124545200E-016 ) ) ;
#6161 = EDGE_CURVE ( 'NONE', #8037, #117, #211, .T. ) ;
#6162 = DIRECTION ( 'NONE',  ( 0.0000000000000000000, 0.0000000000000000000, 1.000000000000000000 ) ) ;
#6163 = CARTESIAN_POINT ( 'NONE',  ( 5.089999999999999900, 2.879999999999999900, -7.285266083103919200E-016 ) ) ;
#6164 = DIRECTION ( 'NONE',  ( -1.000000000000000000, 3.011672701348624000E-016, 0.0000000000000000000 ) ) ;
#6165 = ORIENTED_EDGE ( 'NONE', *, *, #7952, .F. ) ;
#6166 = ORIENTED_EDGE ( 'NONE', *, *, #1702, .F. ) ;
#6167 = ORIENTED_EDGE ( 'NONE', *, *, #3624, .T. ) ;
#6168 = FACE_OUTER_BOUND ( 'NONE', #973, .T. ) ;
#6169 = DIRECTION ( 'NONE',  ( 0.0000000000000000000, -1.000000000000000000, 0.0000000000000000000 ) ) ;
#6170 = ADVANCED_FACE ( 'NONE', ( #1091 ), #2830, .T. ) ;
#6171 = COORDINATED_UNIVERSAL_TIME_OFFSET ( 3, 30, .AHEAD. ) ;
#6172 = EDGE_CURVE ( 'NONE', #4327, #1536, #6295, .T. ) ;
#6173 = DIRECTION ( 'NONE',  ( 0.0000000000000000000, 0.0000000000000000000, -1.000000000000000000 ) ) ;
#6174 = ORIENTED_EDGE ( 'NONE', *, *, #3781, .T. ) ;
#6175 = CARTESIAN_POINT ( 'NONE',  ( 6.143516044474751900, 1.224707980296402300, -0.4095298483842153600 ) ) ;
#6176 = EDGE_CURVE ( 'NONE', #7058, #7471, #1864, .T. ) ;
#6177 = CARTESIAN_POINT ( 'NONE',  ( 6.811409716464077700, 2.806906743079782300, 3.066959884049312200 ) ) ;
#6178 = ORIENTED_EDGE ( 'NONE', *, *, #363, .F. ) ;
#6179 = LINE ( 'NONE', #6068, #3903 ) ;
#6180 = DIRECTION ( 'NONE',  ( -3.285461128743965800E-016, -1.000000000000000000, 0.0000000000000000000 ) ) ;
#6181 = ORIENTED_EDGE ( 'NONE', *, *, #4859, .F. ) ;
#6182 = CARTESIAN_POINT ( 'NONE',  ( -1.075257074896937200, -0.8999999999999998000, -9.124999999999998200 ) ) ;
#6183 = DIRECTION ( 'NONE',  ( -1.000000000000000000, 3.011672701348624000E-016, 3.081485053625932800E-033 ) ) ;
#6184 = VERTEX_POINT ( 'NONE', #3453 ) ;
#6185 = VECTOR ( 'NONE', #4313, 1000.000000000000000 ) ;
#6186 = CARTESIAN_POINT ( 'NONE',  ( 4.910000000000000100, 1.879999999999999700, -0.5250000000000008000 ) ) ;
#6187 = EDGE_LOOP ( 'NONE', ( #8010, #4901, #6023, #460 ) ) ;
#6188 = EDGE_CURVE ( 'NONE', #1760, #2563, #4441, .T. ) ;
#6189 = AXIS2_PLACEMENT_3D ( 'NONE', #1581, #7037, #2930 ) ;
#6190 = FACE_OUTER_BOUND ( 'NONE', #3725, .T. ) ;
#6191 = EDGE_CURVE ( 'NONE', #3311, #8322, #2611, .T. ) ;
#6192 = ORIENTED_EDGE ( 'NONE', *, *, #4296, .F. ) ;
#6193 = DIRECTION ( 'NONE',  ( 3.285461128743965800E-016, 1.000000000000000000, -2.062312011738056300E-017 ) ) ;
#6194 = PLANE ( 'NONE',  #3048 ) ;
#6195 = DIRECTION ( 'NONE',  ( 1.000000000000000000, 0.0000000000000000000, 0.0000000000000000000 ) ) ;
#6196 = ORIENTED_EDGE ( 'NONE', *, *, #1617, .F. ) ;
#6197 = CARTESIAN_POINT ( 'NONE',  ( -13.67140971646411500, -2.076906743079764100, 3.066959884049314000 ) ) ;
#6198 = LINE ( 'NONE', #8900, #654 ) ;
#6199 = VECTOR ( 'NONE', #3301, 1000.000000000000000 ) ;
#6200 =( BOUNDED_CURVE ( )  B_SPLINE_CURVE ( 3, ( #6697, #3163, #7268, #1793 ),
 .UNSPECIFIED., .F., .F. ) 
 B_SPLINE_CURVE_WITH_KNOTS ( ( 4, 4 ),
 ( 1.570796326794947900, 2.203548767338560800 ),
 .UNSPECIFIED. ) 
 CURVE ( )  GEOMETRIC_REPRESENTATION_ITEM ( )  RATIONAL_B_SPLINE_CURVE ( ( 1.000000000000000000, 0.9669127352965449800, 0.9669127352965449800, 1.000000000000000000 ) ) 
 REPRESENTATION_ITEM ( '' )  );
#6201 = ORIENTED_EDGE ( 'NONE', *, *, #6866, .T. ) ;
#6202 = VERTEX_POINT ( 'NONE', #4849 ) ;
#6203 = CARTESIAN_POINT ( 'NONE',  ( -6.540000000000000000, 0.1500911744255225000, -3.830697027045894200 ) ) ;
#6204 = AXIS2_PLACEMENT_3D ( 'NONE', #475, #1901, #4055 ) ;
#6205 = EDGE_CURVE ( 'NONE', #4764, #1174, #3170, .T. ) ;
#6206 = LINE ( 'NONE', #4655, #8474 ) ;
#6207 = VERTEX_POINT ( 'NONE', #8954 ) ;
#6208 = ORIENTED_EDGE ( 'NONE', *, *, #7533, .T. ) ;
#6209 = AXIS2_PLACEMENT_3D ( 'NONE', #8016, #3201, #2572 ) ;
#6210 = VECTOR ( 'NONE', #806, 1000.000000000000100 ) ;
#6211 = LINE ( 'NONE', #2394, #7170 ) ;
#6212 = EDGE_CURVE ( 'NONE', #5434, #7704, #1072, .T. ) ;
#6213 = ORIENTED_EDGE ( 'NONE', *, *, #4748, .F. ) ;
#6214 = FACE_OUTER_BOUND ( 'NONE', #3159, .T. ) ;
#6215 = ORIENTED_EDGE ( 'NONE', *, *, #4748, .T. ) ;
#6216 = CARTESIAN_POINT ( 'NONE',  ( 6.089999999999998100, -0.6200000000000000000, 4.174999999999999800 ) ) ;
#6217 = ADVANCED_FACE ( 'NONE', ( #6623 ), #109, .T. ) ;
#6218 = CARTESIAN_POINT ( 'NONE',  ( -6.470232647422536200, 0.6426760702308146300, -7.109375123298480800 ) ) ;
#6219 = CARTESIAN_POINT ( 'NONE',  ( -6.133248313036694400, -0.5140524721802258700, 1.003511519317804600 ) ) ;
#6220 = VERTEX_POINT ( 'NONE', #1448 ) ;
#6221 = CARTESIAN_POINT ( 'NONE',  ( -6.089999999999998100, 1.387935967731448500, -1.224994274580306000 ) ) ;
#6222 = VECTOR ( 'NONE', #3551, 1000.000000000000000 ) ;
#6223 = LINE ( 'NONE', #7957, #6876 ) ;
#6224 = CIRCLE ( 'NONE', #2130, 0.1799999999999999900 ) ;
#6225 = CARTESIAN_POINT ( 'NONE',  ( -6.263847163821743900, 1.381754513241300300, 4.087694446229456900 ) ) ;
#6226 = ORIENTED_EDGE ( 'NONE', *, *, #8798, .T. ) ;
#6227 = AXIS2_PLACEMENT_3D ( 'NONE', #1187, #441, #5351 ) ;
#6228 = EDGE_CURVE ( 'NONE', #6704, #5177, #4799, .T. ) ;
#6229 = DIRECTION ( 'NONE',  ( 1.146609398287955900E-017, -0.03489949670250110100, -0.9993908270190956500 ) ) ;
#6230 = VECTOR ( 'NONE', #8851, 1000.000000000000000 ) ;
#6231 = CARTESIAN_POINT ( 'NONE',  ( 3.924742925103062800, -1.149999999999999700, -9.324999999999995700 ) ) ;
#6232 = LINE ( 'NONE', #401, #2870 ) ;
#6233 = LINE ( 'NONE', #1443, #4378 ) ;
#6234 = ORIENTED_EDGE ( 'NONE', *, *, #2647, .F. ) ;
#6235 = LINE ( 'NONE', #6150, #7641 ) ;
#6236 = CARTESIAN_POINT ( 'NONE',  ( -6.690057314328482700, 0.6149427895048328300, -6.863242256855396100 ) ) ;
#6237 = VECTOR ( 'NONE', #186, 1000.000000000000100 ) ;
#6238 = ORIENTED_EDGE ( 'NONE', *, *, #5096, .T. ) ;
#6239 = EDGE_CURVE ( 'NONE', #7042, #1944, #3700, .T. ) ;
#6240 = AXIS2_PLACEMENT_3D ( 'NONE', #1934, #4062, #4228 ) ;
#6241 = VECTOR ( 'NONE', #4339, 1000.000000000000000 ) ;
#6243 = CARTESIAN_POINT ( 'NONE',  ( -4.538653896477963000, -2.549999999999999400, 2.182855688459061300 ) ) ;
#6242 = DIRECTION ( 'NONE',  ( -1.000000000000000000, 0.0000000000000000000, 0.0000000000000000000 ) ) ;
#6244 = VERTEX_POINT ( 'NONE', #8309 ) ;
#6245 = CARTESIAN_POINT ( 'NONE',  ( 5.803248313036692500, -5.263181610785594000, 1.003511519317803900 ) ) ;
#6246 = ORIENTED_EDGE ( 'NONE', *, *, #7332, .F. ) ;
#6247 = CARTESIAN_POINT ( 'NONE',  ( 4.492319958932258200, -2.076906743079788500, 3.066959884049311700 ) ) ;
#6248 = LINE ( 'NONE', #5837, #479 ) ;
#6249 = DIRECTION ( 'NONE',  ( -0.0000000000000000000, 1.000000000000000000, -0.0000000000000000000 ) ) ;
#6250 = CARTESIAN_POINT ( 'NONE',  ( -4.446142582605442200, -2.649368043255620800, 4.045652197861753200 ) ) ;
#6251 = CARTESIAN_POINT ( 'NONE',  ( -4.640307561336753000, -2.879999999999999900, 0.2431882144799621700 ) ) ;
#6252 = AXIS2_PLACEMENT_3D ( 'NONE', #6520, #5138, #6460 ) ;
#6253 = EDGE_CURVE ( 'NONE', #3667, #7127, #7366, .T. ) ;
#6254 = DIRECTION ( 'NONE',  ( 0.0000000000000000000, -1.000000000000000000, 0.0000000000000000000 ) ) ;
#6255 = ADVANCED_FACE ( 'NONE', ( #1852 ), #6311, .F. ) ;
#6256 = VERTEX_POINT ( 'NONE', #2226 ) ;
#6257 = AXIS2_PLACEMENT_3D ( 'NONE', #571, #8204, #666 ) ;
#6258 = ORIENTED_EDGE ( 'NONE', *, *, #2036, .F. ) ;
#6259 = EDGE_LOOP ( 'NONE', ( #5605, #4544, #4044, #3143 ) ) ;
#6260 = DIRECTION ( 'NONE',  ( 3.401418580346680800E-016, -1.000000000000000000, 0.0000000000000000000 ) ) ;
#6261 = ORIENTED_EDGE ( 'NONE', *, *, #3034, .T. ) ;
#6262 = DIRECTION ( 'NONE',  ( -3.285461128743965400E-016, 1.000000000000000000, -2.062312011738056000E-017 ) ) ;
#6263 = DIRECTION ( 'NONE',  ( 0.9577750814649270700, 3.087437512651632700E-016, -0.2875185095343469900 ) ) ;
#6264 = DIRECTION ( 'NONE',  ( 0.04222409276774593400, -0.5908391699278819900, -0.8056836856166768000 ) ) ;
#6265 = ORIENTED_EDGE ( 'NONE', *, *, #1137, .F. ) ;
#6266 = VERTEX_POINT ( 'NONE', #8335 ) ;
#6267 = ORIENTED_EDGE ( 'NONE', *, *, #142, .F. ) ;
#6268 = VECTOR ( 'NONE', #5828, 1000.000000000000000 ) ;
#6269 = ORIENTED_EDGE ( 'NONE', *, *, #8827, .T. ) ;
#6270 = DIRECTION ( 'NONE',  ( -0.0000000000000000000, -1.000000000000000000, -0.0000000000000000000 ) ) ;
#6271 = CARTESIAN_POINT ( 'NONE',  ( -6.590000000000000700, 1.480000000000000000, 4.174999999999999800 ) ) ;
#6272 = AXIS2_PLACEMENT_3D ( 'NONE', #4673, #4642, #4714 ) ;
#6273 = EDGE_CURVE ( 'NONE', #7077, #1168, #3915, .T. ) ;
#6274 = VERTEX_POINT ( 'NONE', #7063 ) ;
#6275 = DIRECTION ( 'NONE',  ( -3.285461128743965400E-016, -1.000000000000000000, 2.062312011738056000E-017 ) ) ;
#6276 = VERTEX_POINT ( 'NONE', #8395 ) ;
#6277 = LINE ( 'NONE', #7061, #3360 ) ;
#6278 = DIRECTION ( 'NONE',  ( 0.9577750814649270700, -3.087437512651632200E-016, 0.2875185095343469900 ) ) ;
#6279 = VERTEX_POINT ( 'NONE', #1505 ) ;
#6280 = EDGE_LOOP ( 'NONE', ( #2117, #1740, #72, #7064, #8863, #3264, #7367, #5916, #3659, #6516, #3796, #7143, #6302, #5408, #1113, #6376, #7336, #3077, #770, #1743 ) ) ;
#6281 = CARTESIAN_POINT ( 'NONE',  ( -3.375257074896937000, -0.8999999999999998000, -4.275000000000001200 ) ) ;
#6282 = ORIENTED_EDGE ( 'NONE', *, *, #5893, .F. ) ;
#6283 = LINE ( 'NONE', #2079, #750 ) ;
#6284 = ORIENTED_EDGE ( 'NONE', *, *, #7760, .F. ) ;
#6285 = CARTESIAN_POINT ( 'NONE',  ( -3.575257074896936800, -1.149999999999999700, -9.324999999999995700 ) ) ;
#6286 = ORIENTED_EDGE ( 'NONE', *, *, #6371, .T. ) ;
#6287 = EDGE_LOOP ( 'NONE', ( #6312, #3769, #7029, #5951, #7201, #1826, #487, #4311 ) ) ;
#6288 = EDGE_CURVE ( 'NONE', #5395, #4023, #8468, .T. ) ;
#6289 = AXIS2_PLACEMENT_3D ( 'NONE', #2346, #4404, #947 ) ;
#6290 = DIRECTION ( 'NONE',  ( 0.0000000000000000000, 0.5913665711502956700, -0.8064028636642743800 ) ) ;
#6291 = ORIENTED_EDGE ( 'NONE', *, *, #2291, .T. ) ;
#6292 = LINE ( 'NONE', #560, #7900 ) ;
#6293 = ORIENTED_EDGE ( 'NONE', *, *, #2925, .T. ) ;
#6294 = ADVANCED_FACE ( 'NONE', ( #8458 ), #89, .F. ) ;
#6295 = LINE ( 'NONE', #4819, #3706 ) ;
#6297 = DIRECTION ( 'NONE',  ( 1.000000000000000000, -0.0000000000000000000, 0.0000000000000000000 ) ) ;
#6296 = CARTESIAN_POINT ( 'NONE',  ( -2.402782751676284500, -2.218232652604873700, 3.736759503280683100 ) ) ;
#6298 = ORIENTED_EDGE ( 'NONE', *, *, #8945, .T. ) ;
#6299 = CARTESIAN_POINT ( 'NONE',  ( 1.224742925103062800, -1.149999999999999700, -9.124999999999998200 ) ) ;
#6300 = VECTOR ( 'NONE', #5933, 1000.000000000000000 ) ;
#6301 = VERTEX_POINT ( 'NONE', #4251 ) ;
#6302 = ORIENTED_EDGE ( 'NONE', *, *, #1397, .T. ) ;
#6303 = LINE ( 'NONE', #6433, #5651 ) ;
#6304 = EDGE_LOOP ( 'NONE', ( #7684, #5710, #6506, #2045, #3489, #711, #999, #8047, #263, #329, #188, #1547 ) ) ;
#6305 = EDGE_CURVE ( 'NONE', #4229, #4244, #5859, .T. ) ;
#6306 = EDGE_CURVE ( 'NONE', #2917, #7460, #3385, .T. ) ;
#6307 = LINE ( 'NONE', #4197, #8909 ) ;
#6308 = AXIS2_PLACEMENT_3D ( 'NONE', #1904, #2585, #8800 ) ;
#6309 = SECURITY_CLASSIFICATION_LEVEL ( 'unclassified' ) ;
#6310 = FACE_OUTER_BOUND ( 'NONE', #4682, .T. ) ;
#6311 = PLANE ( 'NONE',  #7109 ) ;
#6312 = ORIENTED_EDGE ( 'NONE', *, *, #8415, .F. ) ;
#6313 = LINE ( 'NONE', #3988, #8919 ) ;
#6314 = VERTEX_POINT ( 'NONE', #4964 ) ;
#6315 = DIRECTION ( 'NONE',  ( 0.9883279591950072700, -0.005316631648735535400, -0.1522484105051468700 ) ) ;
#6316 = ORIENTED_EDGE ( 'NONE', *, *, #7055, .T. ) ;
#6317 = LINE ( 'NONE', #1069, #1765 ) ;
#6318 = CARTESIAN_POINT ( 'NONE',  ( -6.362222222222221100, 0.3033637248085074300, -3.677662888415997400 ) ) ;
#6319 = AXIS2_PLACEMENT_3D ( 'NONE', #6197, #4165, #4870 ) ;
#6320 = FACE_OUTER_BOUND ( 'NONE', #8457, .T. ) ;
#6321 = DIRECTION ( 'NONE',  ( 0.0000000000000000000, -1.000000000000000000, 0.0000000000000000000 ) ) ;
#6322 = LINE ( 'NONE', #6153, #688 ) ;
#6323 = ORIENTED_EDGE ( 'NONE', *, *, #7004, .F. ) ;
#6324 = AXIS2_PLACEMENT_3D ( 'NONE', #8609, #3020, #5885 ) ;
#6325 = PLANE ( 'NONE',  #7408 ) ;
#6326 = DIRECTION ( 'NONE',  ( -3.011672701348624000E-016, -1.000000000000000000, 0.0000000000000000000 ) ) ;
#6327 = LINE ( 'NONE', #27, #343 ) ;
#6328 = EDGE_CURVE ( 'NONE', #4803, #3417, #7597, .T. ) ;
#6329 = FACE_OUTER_BOUND ( 'NONE', #4690, .T. ) ;
#6330 = CARTESIAN_POINT ( 'NONE',  ( 7.628237703307986500, 2.404999999999999800, -8.281148335353792700 ) ) ;
#6331 =( BOUNDED_CURVE ( )  B_SPLINE_CURVE ( 3, ( #7776, #8161, #5263, #5978 ),
 .UNSPECIFIED., .F., .F. ) 
 B_SPLINE_CURVE_WITH_KNOTS ( ( 4, 4 ),
 ( 4.365772140354874200, 5.560451059366178200 ),
 .UNSPECIFIED. ) 
 CURVE ( )  GEOMETRIC_REPRESENTATION_ITEM ( )  RATIONAL_B_SPLINE_CURVE ( ( 1.000000000000000000, 0.8845566308302423900, 0.8845566308302423900, 1.000000000000000000 ) ) 
 REPRESENTATION_ITEM ( '' )  );
#6332 = DIRECTION ( 'NONE',  ( 0.0000000000000000000, 1.000000000000000000, 0.0000000000000000000 ) ) ;
#6333 = ORIENTED_EDGE ( 'NONE', *, *, #4072, .T. ) ;
#6334 = DIRECTION ( 'NONE',  ( -0.04222409276774594100, -0.5908391699278817700, -0.8056836856166769100 ) ) ;
#6335 = EDGE_CURVE ( 'NONE', #7888, #136, #6401, .T. ) ;
#6336 = VECTOR ( 'NONE', #7457, 1000.000000000000000 ) ;
#6337 = CYLINDRICAL_SURFACE ( 'NONE', #4766, 0.7299999999999997600 ) ;
#6338 = DIRECTION ( 'NONE',  ( -3.469446951953614200E-015, 0.0000000000000000000, 1.000000000000000000 ) ) ;
#6339 = EDGE_CURVE ( 'NONE', #6962, #5518, #7046, .T. ) ;
#6340 = DIRECTION ( 'NONE',  ( 0.0000000000000000000, -0.0000000000000000000, 1.000000000000000000 ) ) ;
#6341 = CARTESIAN_POINT ( 'NONE',  ( -6.589999999999999000, -0.6698967979784598000, -0.02339331166546568600 ) ) ;
#6342 = CIRCLE ( 'NONE', #2926, 0.1000000000000000500 ) ;
#6343 = ORIENTED_EDGE ( 'NONE', *, *, #7604, .T. ) ;
#6344 = PLANE ( 'NONE',  #38 ) ;
#6345 = ADVANCED_FACE ( 'NONE', ( #4028 ), #3014, .F. ) ;
#6346 = VECTOR ( 'NONE', #5140, 1000.000000000000000 ) ;
#6347 = EDGE_CURVE ( 'NONE', #4213, #4885, #312, .T. ) ;
#6348 = AXIS2_PLACEMENT_3D ( 'NONE', #6514, #4365, #3016 ) ;
#6349 = CARTESIAN_POINT ( 'NONE',  ( -2.384655323206781800, -2.406906743079793900, 3.390867562857083700 ) ) ;
#6350 = CARTESIAN_POINT ( 'NONE',  ( -1.769999999999999800, 2.879999999999999900, -0.5249999999999994700 ) ) ;
#6351 = VECTOR ( 'NONE', #5039, 1000.000000000000000 ) ;
#6352 = CARTESIAN_POINT ( 'NONE',  ( 0.0000000000000000000, 2.779999999999999800, 4.738502621547048000 ) ) ;
#6353 = VERTEX_POINT ( 'NONE', #2332 ) ;
#6354 = DIRECTION ( 'NONE',  ( 2.277634914236021900E-015, 0.8064028636642743800, 0.5913665711502956700 ) ) ;
#6355 = VECTOR ( 'NONE', #2416, 1000.000000000000000 ) ;
#6356 = ORIENTED_EDGE ( 'NONE', *, *, #2120, .T. ) ;
#6357 = ADVANCED_FACE ( 'NONE', ( #9004 ), #904, .T. ) ;
#6358 = EDGE_CURVE ( 'NONE', #5465, #3241, #5253, .T. ) ;
#6359 = DIRECTION ( 'NONE',  ( -1.000000000000000000, 0.0000000000000000000, 0.0000000000000000000 ) ) ;
#6360 = EDGE_CURVE ( 'NONE', #2100, #6207, #3654, .T. ) ;
#6362 = CARTESIAN_POINT ( 'NONE',  ( -1.075257074896937200, -0.8999999999999998000, -9.324999999999995700 ) ) ;
#6361 = CARTESIAN_POINT ( 'NONE',  ( 0.2664338688640217600, 2.779999999999999800, 4.014026416602996000 ) ) ;
#6363 = ORIENTED_EDGE ( 'NONE', *, *, #5484, .T. ) ;
#6364 = CARTESIAN_POINT ( 'NONE',  ( 5.089999999999999900, 2.879999999999999900, -0.5249999999999995800 ) ) ;
#6365 = CARTESIAN_POINT ( 'NONE',  ( -4.910000000000000100, 2.549999999999999800, -0.5250000000000008000 ) ) ;
#6366 = VERTEX_POINT ( 'NONE', #3682 ) ;
#6367 = FACE_OUTER_BOUND ( 'NONE', #4548, .T. ) ;
#6368 = ORIENTED_EDGE ( 'NONE', *, *, #8827, .F. ) ;
#6369 = AXIS2_PLACEMENT_3D ( 'NONE', #2709, #3432, #2744 ) ;
#6370 = FACE_OUTER_BOUND ( 'NONE', #3704, .T. ) ;
#6371 = EDGE_CURVE ( 'NONE', #3311, #7565, #864, .T. ) ;
#6372 = ORIENTED_EDGE ( 'NONE', *, *, #2763, .F. ) ;
#6373 = DIRECTION ( 'NONE',  ( -0.0000000000000000000, 1.000000000000000000, -0.0000000000000000000 ) ) ;
#6374 = DIRECTION ( 'NONE',  ( 0.0000000000000000000, 0.5913665711502953400, 0.8064028636642744900 ) ) ;
#6375 = ORIENTED_EDGE ( 'NONE', *, *, #3519, .T. ) ;
#6376 = ORIENTED_EDGE ( 'NONE', *, *, #8510, .T. ) ;
#6377 = ORIENTED_EDGE ( 'NONE', *, *, #1785, .T. ) ;
#6378 = EDGE_CURVE ( 'NONE', #8026, #1841, #5322, .T. ) ;
#6379 = VECTOR ( 'NONE', #6764, 1000.000000000000000 ) ;
#6380 = DIRECTION ( 'NONE',  ( -3.469446951953614200E-015, 0.0000000000000000000, -1.000000000000000000 ) ) ;
#6381 = CARTESIAN_POINT ( 'NONE',  ( 5.328437190809231600, 0.0000000000000000000, 6.774999999999999500 ) ) ;
#6382 = DIRECTION ( 'NONE',  ( 0.0000000000000000000, 0.0000000000000000000, -1.000000000000000000 ) ) ;
#6383 = CIRCLE ( 'NONE', #8987, 0.1800000000000003500 ) ;
#6384 = CARTESIAN_POINT ( 'NONE',  ( -5.089999999999999000, -2.549999999999999800, -6.775000000000000400 ) ) ;
#6385 = EDGE_LOOP ( 'NONE', ( #4357, #5520, #6700, #7314 ) ) ;
#6386 = CARTESIAN_POINT ( 'NONE',  ( 6.811409716464076800, -2.406906743079781900, 3.066959884049312200 ) ) ;
#6387 = ORIENTED_EDGE ( 'NONE', *, *, #3396, .F. ) ;
#6388 = ADVANCED_FACE ( 'NONE', ( #3487 ), #4364, .F. ) ;
#6389 = DIRECTION ( 'NONE',  ( -1.431289996680534200E-016, 0.0000000000000000000, 1.000000000000000000 ) ) ;
#6390 = DIRECTION ( 'NONE',  ( 1.000000000000000000, 2.628368902995162400E-015, -2.673649675311314200E-016 ) ) ;
#6391 = EDGE_LOOP ( 'NONE', ( #1340, #5314, #7806, #3909 ) ) ;
#6392 = LINE ( 'NONE', #4621, #6500 ) ;
#6393 = AXIS2_PLACEMENT_3D ( 'NONE', #1984, #6826, #8233 ) ;
#6394 = EDGE_CURVE ( 'NONE', #8542, #3553, #1322, .T. ) ;
#6395 = ORIENTED_EDGE ( 'NONE', *, *, #2858, .F. ) ;
#6396 = CARTESIAN_POINT ( 'NONE',  ( -6.259999999999999800, 1.195776918187691800, -6.727709487919628200 ) ) ;
#6397 = VERTEX_POINT ( 'NONE', #1569 ) ;
#6398 = LINE ( 'NONE', #7736, #5745 ) ;
#6399 = ORIENTED_EDGE ( 'NONE', *, *, #2408, .T. ) ;
#6400 = CARTESIAN_POINT ( 'NONE',  ( -4.681060305752854600, -1.879999999999999700, -0.5344204721237294500 ) ) ;
#6401 = LINE ( 'NONE', #6251, #2715 ) ;
#6402 = ORIENTED_EDGE ( 'NONE', *, *, #7318, .F. ) ;
#6403 = VECTOR ( 'NONE', #4925, 1000.000000000000100 ) ;
#6404 = CARTESIAN_POINT ( 'NONE',  ( -5.090000000000000700, -2.879999999999999900, 5.534999999999999300 ) ) ;
#6405 = CARTESIAN_POINT ( 'NONE',  ( -2.340843213202029400, 2.686402863664274100, 2.554882703278625200 ) ) ;
#6406 = ORIENTED_EDGE ( 'NONE', *, *, #1332, .T. ) ;
#6407 = VECTOR ( 'NONE', #512, 1000.000000000000000 ) ;
#6408 = DIRECTION ( 'NONE',  ( 0.0000000000000000000, 0.0000000000000000000, -1.000000000000000000 ) ) ;
#6409 = EDGE_CURVE ( 'NONE', #3571, #5206, #7413, .T. ) ;
#6410 = VECTOR ( 'NONE', #445, 1000.000000000000000 ) ;
#6411 = ORIENTED_EDGE ( 'NONE', *, *, #4065, .T. ) ;
#6412 = PLANE ( 'NONE',  #3186 ) ;
#6413 = CIRCLE ( 'NONE', #640, 0.1799999999999999900 ) ;
#6414 = ORIENTED_EDGE ( 'NONE', *, *, #7595, .F. ) ;
#6415 = LINE ( 'NONE', #8286, #4571 ) ;
#6416 = ORIENTED_EDGE ( 'NONE', *, *, #2462, .F. ) ;
#6417 = ORIENTED_EDGE ( 'NONE', *, *, #276, .F. ) ;
#6418 = CARTESIAN_POINT ( 'NONE',  ( -2.348323354911687300, 2.406906743079794400, 2.697612309684155600 ) ) ;
#6419 = VECTOR ( 'NONE', #1199, 1000.000000000000000 ) ;
#6420 = FACE_OUTER_BOUND ( 'NONE', #4203, .T. ) ;
#6421 = ORIENTED_EDGE ( 'NONE', *, *, #6394, .F. ) ;
#6422 = AXIS2_PLACEMENT_3D ( 'NONE', #5787, #7206, #1654 ) ;
#6423 = EDGE_CURVE ( 'NONE', #6101, #8638, #2182, .T. ) ;
#6424 = VECTOR ( 'NONE', #4466, 1000.000000000000000 ) ;
#6425 = ORIENTED_EDGE ( 'NONE', *, *, #1717, .F. ) ;
#6426 = ORIENTED_EDGE ( 'NONE', *, *, #7531, .T. ) ;
#6427 = CARTESIAN_POINT ( 'NONE',  ( 7.317863657066530100, 0.7620750941256567700, -8.169041460365205500 ) ) ;
#6428 = VECTOR ( 'NONE', #3734, 1000.000000000000000 ) ;
#6429 =( LENGTH_UNIT ( ) NAMED_UNIT ( * ) SI_UNIT ( .MILLI., .METRE. ) );
#6430 = DIRECTION ( 'NONE',  ( -1.000000000000000000, -2.124908078801903100E-016, 0.0000000000000000000 ) ) ;
#6431 = CARTESIAN_POINT ( 'NONE',  ( -6.956877475932494700, 2.062346718867908500, -9.816047870047313500 ) ) ;
#6432 = LINE ( 'NONE', #1314, #5775 ) ;
#6433 = CARTESIAN_POINT ( 'NONE',  ( -4.446142582605443000, -2.814368043255621300, 4.045652197861753200 ) ) ;
#6434 = ADVANCED_FACE ( 'NONE', ( #4789 ), #5012, .T. ) ;
#6435 = LINE ( 'NONE', #49, #4596 ) ;
#6436 = ORIENTED_EDGE ( 'NONE', *, *, #5510, .F. ) ;
#6437 = CARTESIAN_POINT ( 'NONE',  ( 6.089999999999998100, -0.6200000000000000000, -3.249120853379041000E-031 ) ) ;
#6438 = DIRECTION ( 'NONE',  ( -0.7499999999999996700, 0.0000000000000000000, -0.6614378277661481200 ) ) ;
#6439 = CC_DESIGN_PERSON_AND_ORGANIZATION_ASSIGNMENT ( #4006, #8519, ( #2897 ) ) ;
#6440 = FACE_OUTER_BOUND ( 'NONE', #8797, .T. ) ;
#6441 = CARTESIAN_POINT ( 'NONE',  ( -2.309851004465816700, 2.879999999999999900, 1.963516132128329000 ) ) ;
#6442 = LINE ( 'NONE', #1823, #6881 ) ;
#6443 = DIRECTION ( 'NONE',  ( 1.000000000000000000, 2.628368902995162000E-015, 0.0000000000000000000 ) ) ;
#6444 = PLANE ( 'NONE',  #7532 ) ;
#6445 = ADVANCED_FACE ( 'NONE', ( #1974 ), #6571, .F. ) ;
#6446 = EDGE_CURVE ( 'NONE', #2621, #1636, #4553, .T. ) ;
#6447 = LINE ( 'NONE', #7528, #2651 ) ;
#6448 = VERTEX_POINT ( 'NONE', #5214 ) ;
#6449 = ORIENTED_EDGE ( 'NONE', *, *, #3404, .T. ) ;
#6450 = CYLINDRICAL_SURFACE ( 'NONE', #6083, 0.4000000000000001900 ) ;
#6451 = DIRECTION ( 'NONE',  ( -1.431289996680534200E-016, 0.0000000000000000000, 1.000000000000000000 ) ) ;
#6452 = DIRECTION ( 'NONE',  ( 0.0000000000000000000, 0.0000000000000000000, 1.000000000000000000 ) ) ;
#6453 = EDGE_CURVE ( 'NONE', #7881, #1026, #8009, .T. ) ;
#6454 = LINE ( 'NONE', #1664, #2771 ) ;
#6455 = VERTEX_POINT ( 'NONE', #1084 ) ;
#6456 = CYLINDRICAL_SURFACE ( 'NONE', #1619, 0.1000000000000000500 ) ;
#6457 = ORIENTED_EDGE ( 'NONE', *, *, #8397, .F. ) ;
#6458 = DIRECTION ( 'NONE',  ( -0.0000000000000000000, 1.000000000000000000, -0.0000000000000000000 ) ) ;
#6459 = CARTESIAN_POINT ( 'NONE',  ( -4.590000000000000700, 1.050000000000001400, -5.775000000000000400 ) ) ;
#6460 = DIRECTION ( 'NONE',  ( -1.000000000000000000, 0.0000000000000000000, 0.0000000000000000000 ) ) ;
#6461 = VERTEX_POINT ( 'NONE', #1792 ) ;
#6462 = EDGE_CURVE ( 'NONE', #4733, #2100, #2039, .T. ) ;
#6463 = FACE_OUTER_BOUND ( 'NONE', #4021, .T. ) ;
#6464 = DIRECTION ( 'NONE',  ( 0.1521599633690915400, -0.03449312277525671400, 0.9877538003109518300 ) ) ;
#6465 = PLANE ( 'NONE',  #3012 ) ;
#6466 = CARTESIAN_POINT ( 'NONE',  ( 5.809414597324541200, 1.263573089030706000, 0.7034212491993541100 ) ) ;
#6467 = CARTESIAN_POINT ( 'NONE',  ( 2.402782751676284500, 2.218232652604873200, 3.736759503280682600 ) ) ;
#6468 = CARTESIAN_POINT ( 'NONE',  ( 6.159999999999998400, 2.449999999999999700, -4.275000000000001200 ) ) ;
#6469 =( BOUNDED_CURVE ( )  B_SPLINE_CURVE ( 3, ( #8378, #3332, #2871, #1239 ),
 .UNSPECIFIED., .F., .F. ) 
 B_SPLINE_CURVE_WITH_KNOTS ( ( 4, 4 ),
 ( 4.712388980384639900, 5.345141420928253100 ),
 .UNSPECIFIED. ) 
 CURVE ( )  GEOMETRIC_REPRESENTATION_ITEM ( )  RATIONAL_B_SPLINE_CURVE ( ( 1.000000000000000000, 0.9669127352965449800, 0.9669127352965449800, 1.000000000000000000 ) ) 
 REPRESENTATION_ITEM ( '' )  );
#6470 = ORIENTED_EDGE ( 'NONE', *, *, #2047, .T. ) ;
#6471 = DIRECTION ( 'NONE',  ( -0.0000000000000000000, 1.000000000000000000, -0.0000000000000000000 ) ) ;
#6472 = ORIENTED_EDGE ( 'NONE', *, *, #4342, .T. ) ;
#6473 = ORIENTED_EDGE ( 'NONE', *, *, #2428, .T. ) ;
#6474 = ORIENTED_EDGE ( 'NONE', *, *, #3872, .T. ) ;
#6475 = EDGE_CURVE ( 'NONE', #6665, #3571, #6940, .T. ) ;
#6476 = ADVANCED_FACE ( 'NONE', ( #6190 ), #5961, .F. ) ;
#6477 = EDGE_CURVE ( 'NONE', #1841, #8360, #2489, .T. ) ;
#6478 = AXIS2_PLACEMENT_3D ( 'NONE', #110, #5667, #1526 ) ;
#6479 = ORIENTED_EDGE ( 'NONE', *, *, #8230, .F. ) ;
#6480 = VECTOR ( 'NONE', #5490, 1000.000000000000000 ) ;
#6481 = ORIENTED_EDGE ( 'NONE', *, *, #5871, .F. ) ;
#6482 = LINE ( 'NONE', #7136, #1715 ) ;
#6483 = VERTEX_POINT ( 'NONE', #8013 ) ;
#6484 = DIRECTION ( 'NONE',  ( -1.000000000000000000, 0.0000000000000000000, 0.0000000000000000000 ) ) ;
#6485 = ADVANCED_FACE ( 'NONE', ( #5446 ), #1766, .F. ) ;
#6486 = CARTESIAN_POINT ( 'NONE',  ( -6.645858330770731300, 1.965324341290856100, -10.67712147104292200 ) ) ;
#6487 = ORIENTED_EDGE ( 'NONE', *, *, #7157, .F. ) ;
#6488 = CARTESIAN_POINT ( 'NONE',  ( 4.910000000000000100, 2.879999999999999900, -0.5250000000000008000 ) ) ;
#6489 = AXIS2_PLACEMENT_3D ( 'NONE', #1855, #6695, #3859 ) ;
#6490 = ORIENTED_EDGE ( 'NONE', *, *, #5908, .F. ) ;
#6491 = LOCAL_TIME ( 5, 31, 5.000000000000000000, #1057 ) ;
#6492 = CARTESIAN_POINT ( 'NONE',  ( 1.769999999999998900, -2.879999999999999900, 5.534999999999999300 ) ) ;
#6493 = EDGE_CURVE ( 'NONE', #3562, #306, #5959, .T. ) ;
#6494 = DIRECTION ( 'NONE',  ( -0.3397178029957070300, 0.0000000000000000000, -0.9405274128529004200 ) ) ;
#6495 = DIRECTION ( 'NONE',  ( -1.000000000000000000, 0.0000000000000000000, 0.0000000000000000000 ) ) ;
#6496 = ORIENTED_EDGE ( 'NONE', *, *, #4526, .F. ) ;
#6497 = ORIENTED_EDGE ( 'NONE', *, *, #3295, .T. ) ;
#6498 = CARTESIAN_POINT ( 'NONE',  ( 4.589999999999999000, 1.050000000000000300, -6.775000000000000400 ) ) ;
#6499 = ORIENTED_EDGE ( 'NONE', *, *, #8731, .T. ) ;
#6500 = VECTOR ( 'NONE', #1190, 1000.000000000000000 ) ;
#6501 = ORIENTED_EDGE ( 'NONE', *, *, #6941, .F. ) ;
#6502 = CARTESIAN_POINT ( 'NONE',  ( -6.371725516837170000, 0.6049999999999998700, -6.775000000000000400 ) ) ;
#6503 = DIRECTION ( 'NONE',  ( 3.401418580346681300E-016, -1.000000000000000000, 0.0000000000000000000 ) ) ;
#6504 = ORIENTED_EDGE ( 'NONE', *, *, #2337, .T. ) ;
#6505 = EDGE_CURVE ( 'NONE', #16, #5621, #1637, .T. ) ;
#6506 = ORIENTED_EDGE ( 'NONE', *, *, #4747, .F. ) ;
#6507 = VECTOR ( 'NONE', #669, 1000.000000000000000 ) ;
#6508 = ORIENTED_EDGE ( 'NONE', *, *, #6741, .T. ) ;
#6509 = LINE ( 'NONE', #4551, #871 ) ;
#6510 = VERTEX_POINT ( 'NONE', #4445 ) ;
#6511 = DIRECTION ( 'NONE',  ( 1.000000000000000000, 3.614007241618349300E-016, -0.0000000000000000000 ) ) ;
#6512 = VECTOR ( 'NONE', #1283, 1000.000000000000100 ) ;
#6513 = DIRECTION ( 'NONE',  ( 0.05233595624294350200, 0.0000000000000000000, 0.9986295347545739400 ) ) ;
#6515 = CARTESIAN_POINT ( 'NONE',  ( 2.367680041067742100, -2.076906743079793400, 3.066959884049310400 ) ) ;
#6514 = CARTESIAN_POINT ( 'NONE',  ( -7.033248313036693000, -5.263181610785591300, 0.9045998214170085600 ) ) ;
#6516 = ORIENTED_EDGE ( 'NONE', *, *, #6228, .T. ) ;
#6517 = ORIENTED_EDGE ( 'NONE', *, *, #4512, .T. ) ;
#6518 = VECTOR ( 'NONE', #8522, 1000.000000000000000 ) ;
#6519 = VERTEX_POINT ( 'NONE', #7892 ) ;
#6520 = CARTESIAN_POINT ( 'NONE',  ( 0.0000000000000000000, 0.0000000000000000000, -4.275000000000001200 ) ) ;
#6521 = ADVANCED_FACE ( 'NONE', ( #6612 ), #1705, .F. ) ;
#6522 = CIRCLE ( 'NONE', #657, 0.1799999999999999900 ) ;
#6523 = CARTESIAN_POINT ( 'NONE',  ( 6.811409716464075900, 2.076906743079781800, 3.305061906340968300 ) ) ;
#6524 = CYLINDRICAL_SURFACE ( 'NONE', #5802, 1.000000000000000000 ) ;
#6525 = ORIENTED_EDGE ( 'NONE', *, *, #410, .F. ) ;
#6526 = CARTESIAN_POINT ( 'NONE',  ( 3.924742925103062800, -1.149999999999999700, -9.124999999999998200 ) ) ;
#6527 = FACE_OUTER_BOUND ( 'NONE', #4710, .T. ) ;
#6528 = VERTEX_POINT ( 'NONE', #5182 ) ;
#6529 = EDGE_CURVE ( 'NONE', #3138, #5575, #536, .T. ) ;
#6530 = ORIENTED_EDGE ( 'NONE', *, *, #247, .F. ) ;
#6531 = CARTESIAN_POINT ( 'NONE',  ( -0.6647873582993000200, -1.150000000000034800, -5.775000000000000400 ) ) ;
#6532 = AXIS2_PLACEMENT_3D ( 'NONE', #3817, #272, #8651 ) ;
#6533 = ORIENTED_EDGE ( 'NONE', *, *, #7835, .F. ) ;
#6534 = PLANE ( 'NONE',  #2764 ) ;
#6535 = LINE ( 'NONE', #3184, #7720 ) ;
#6536 = FACE_OUTER_BOUND ( 'NONE', #6059, .T. ) ;
#6537 = DIRECTION ( 'NONE',  ( 1.000000000000000000, 0.0000000000000000000, -0.0000000000000000000 ) ) ;
#6538 = CIRCLE ( 'NONE', #249, 0.1999999999999994300 ) ;
#6539 = CARTESIAN_POINT ( 'NONE',  ( -4.457217248323716200, -2.218232652604867900, 3.736759503280683500 ) ) ;
#6540 = VERTEX_POINT ( 'NONE', #994 ) ;
#6541 = FACE_OUTER_BOUND ( 'NONE', #3911, .T. ) ;
#6542 = PLANE ( 'NONE',  #372 ) ;
#6543 = EDGE_CURVE ( 'NONE', #4989, #8659, #7797, .T. ) ;
#6544 = VECTOR ( 'NONE', #706, 1000.000000000000100 ) ;
#6545 = ORIENTED_EDGE ( 'NONE', *, *, #4967, .F. ) ;
#6546 = DIRECTION ( 'NONE',  ( -0.0000000000000000000, 0.0000000000000000000, -1.000000000000000000 ) ) ;
#6547 = DIRECTION ( 'NONE',  ( 1.000000000000000000, -0.0000000000000000000, 0.0000000000000000000 ) ) ;
#6548 = DIRECTION ( 'NONE',  ( 0.0000000000000000000, 0.0000000000000000000, 1.000000000000000000 ) ) ;
#6549 = CIRCLE ( 'NONE', #8497, 0.1000000000000000500 ) ;
#6550 = LINE ( 'NONE', #8749, #8175 ) ;
#6551 = CARTESIAN_POINT ( 'NONE',  ( -6.259999999999999800, -0.7182234843104715600, 4.274984218714779500 ) ) ;
#6552 = PLANE ( 'NONE',  #6924 ) ;
#6553 = CIRCLE ( 'NONE', #5204, 0.1800000000000003500 ) ;
#6554 = CARTESIAN_POINT ( 'NONE',  ( 6.263847163821743900, 1.381754513241295800, 4.087694446229456900 ) ) ;
#6555 = CARTESIAN_POINT ( 'NONE',  ( -2.367680041067742100, -2.406906743079793500, 3.066959884049310900 ) ) ;
#6556 = ORIENTED_EDGE ( 'NONE', *, *, #7053, .F. ) ;
#6557 = CARTESIAN_POINT ( 'NONE',  ( 1.624742925103062500, -1.149999999999999700, -4.275000000000001200 ) ) ;
#6558 = VECTOR ( 'NONE', #2140, 1000.000000000000000 ) ;
#6559 = EDGE_CURVE ( 'NONE', #1286, #1853, #5749, .T. ) ;
#6560 = DIRECTION ( 'NONE',  ( -1.000000000000000000, 0.0000000000000000000, 3.316747347134607700E-015 ) ) ;
#6561 = ADVANCED_FACE ( 'NONE', ( #205 ), #2670, .T. ) ;
#6562 = FACE_OUTER_BOUND ( 'NONE', #8697, .T. ) ;
#6563 = DIRECTION ( 'NONE',  ( 1.000000000000000000, 3.401418580346681300E-016, -0.0000000000000000000 ) ) ;
#6564 = ORIENTED_EDGE ( 'NONE', *, *, #8930, .T. ) ;
#6565 = EDGE_CURVE ( 'NONE', #4678, #5976, #3601, .T. ) ;
#6566 = VECTOR ( 'NONE', #1115, 1000.000000000000000 ) ;
#6567 = ORIENTED_EDGE ( 'NONE', *, *, #1994, .T. ) ;
#6568 = CARTESIAN_POINT ( 'NONE',  ( 1.950000000000001300, -1.879999999999999700, -0.7050000000000005200 ) ) ;
#6569 = ORIENTED_EDGE ( 'NONE', *, *, #5871, .T. ) ;
#6570 = ADVANCED_FACE ( 'NONE', ( #7698 ), #5108, .T. ) ;
#6571 = PLANE ( 'NONE',  #1194 ) ;
#6572 = CARTESIAN_POINT ( 'NONE',  ( -5.803248313036694300, -0.5198367921258493200, 1.169152770350097200 ) ) ;
#6573 = CARTESIAN_POINT ( 'NONE',  ( 2.178939694247144800, -2.549999999999999800, -0.5344204721237292300 ) ) ;
#6574 = EDGE_CURVE ( 'NONE', #2446, #7274, #3268, .T. ) ;
#6575 = AXIS2_PLACEMENT_3D ( 'NONE', #5549, #6966, #7636 ) ;
#6576 = ORIENTED_EDGE ( 'NONE', *, *, #7055, .F. ) ;
#6577 = VECTOR ( 'NONE', #7796, 1000.000000000000000 ) ;
#6578 = VERTEX_POINT ( 'NONE', #6056 ) ;
#6579 = CYLINDRICAL_SURFACE ( 'NONE', #2648, 0.1650000000000002000 ) ;
#6580 = VERTEX_POINT ( 'NONE', #5403 ) ;
#6581 = CARTESIAN_POINT ( 'NONE',  ( -2.359473227935764000, -2.076906743079793400, 2.910364560907399100 ) ) ;
#6582 = CARTESIAN_POINT ( 'NONE',  ( -3.775257074896937000, -0.8999999999999998000, -9.124999999999998200 ) ) ;
#6583 = CARTESIAN_POINT ( 'NONE',  ( 6.136752553425243000, 1.277253393888169600, 1.095173924085157000 ) ) ;
#6584 = ORIENTED_EDGE ( 'NONE', *, *, #2783, .F. ) ;
#6585 = ORIENTED_EDGE ( 'NONE', *, *, #6475, .T. ) ;
#6586 = VERTEX_POINT ( 'NONE', #4671 ) ;
#6587 = EDGE_CURVE ( 'NONE', #4503, #5412, #1426, .T. ) ;
#6588 = AXIS2_PLACEMENT_3D ( 'NONE', #6182, #2040, #7519 ) ;
#6589 = LINE ( 'NONE', #8229, #4113 ) ;
#6590 = EDGE_CURVE ( 'NONE', #6578, #8956, #8611, .T. ) ;
#6591 = PLANE ( 'NONE',  #8433 ) ;
#6592 = CARTESIAN_POINT ( 'NONE',  ( 6.171250739718259700, -5.263181610785594000, 0.6458331628360934900 ) ) ;
#6593 = VERTEX_POINT ( 'NONE', #8048 ) ;
#6594 = PERSON_AND_ORGANIZATION ( #2266, #3475 ) ;
#6595 = AXIS2_PLACEMENT_3D ( 'NONE', #7247, #5892, #1719 ) ;
#6596 = CARTESIAN_POINT ( 'NONE',  ( -1.769999999999999800, -2.879999999999999900, -0.5249999999999994700 ) ) ;
#6597 = CARTESIAN_POINT ( 'NONE',  ( 0.0000000000000000000, 0.0000000000000000000, -4.275000000000001200 ) ) ;
#6598 = ORIENTED_EDGE ( 'NONE', *, *, #4015, .F. ) ;
#6599 = EDGE_LOOP ( 'NONE', ( #5864, #5972, #2261, #341 ) ) ;
#6600 = DIRECTION ( 'NONE',  ( -2.992734897828183500E-016, 0.9937118653325240900, -0.1119675341219746000 ) ) ;
#6601 = ORIENTED_EDGE ( 'NONE', *, *, #3295, .F. ) ;
#6602 = VECTOR ( 'NONE', #1328, 1000.000000000000100 ) ;
#6604 = CARTESIAN_POINT ( 'NONE',  ( -1.769999999999998900, 2.879999999999999900, 5.534999999999999300 ) ) ;
#6603 = CARTESIAN_POINT ( 'NONE',  ( -6.260000000000000700, 2.549999999999999800, 5.534999999999999300 ) ) ;
#6605 = ORIENTED_EDGE ( 'NONE', *, *, #7569, .F. ) ;
#6606 = ORIENTED_EDGE ( 'NONE', *, *, #8210, .T. ) ;
#6607 = ORIENTED_EDGE ( 'NONE', *, *, #7257, .F. ) ;
#6608 = LINE ( 'NONE', #5623, #3381 ) ;
#6609 = EDGE_CURVE ( 'NONE', #7343, #6035, #5486, .T. ) ;
#6610 = DIRECTION ( 'NONE',  ( -1.000000000000000000, 3.011672701348624000E-016, 0.0000000000000000000 ) ) ;
#6611 = ORIENTED_EDGE ( 'NONE', *, *, #2566, .T. ) ;
#6612 = FACE_OUTER_BOUND ( 'NONE', #99, .T. ) ;
#6613 = DIRECTION ( 'NONE',  ( 0.0000000000000000000, -1.000000000000000000, 0.0000000000000000000 ) ) ;
#6614 = ORIENTED_EDGE ( 'NONE', *, *, #4130, .T. ) ;
#6615 = EDGE_CURVE ( 'NONE', #2627, #2955, #2404, .T. ) ;
#6616 = DIRECTION ( 'NONE',  ( -0.1522505623211014000, 0.0000000000000000000, 0.9883419278128942100 ) ) ;
#6617 = ADVANCED_FACE ( 'NONE', ( #7906 ), #3193, .F. ) ;
#6618 = VECTOR ( 'NONE', #4954, 1000.000000000000000 ) ;
#6619 = ORIENTED_EDGE ( 'NONE', *, *, #5615, .T. ) ;
#6620 = VECTOR ( 'NONE', #651, 1000.000000000000000 ) ;
#6621 = CARTESIAN_POINT ( 'NONE',  ( 6.596241056188854500, 1.778231608142505400, -10.16689330055338700 ) ) ;
#6622 = CARTESIAN_POINT ( 'NONE',  ( -5.820683886816488500, 1.262262163366668400, 0.6658812498487632900 ) ) ;
#6623 = FACE_OUTER_BOUND ( 'NONE', #91, .T. ) ;
#6624 = ORIENTED_EDGE ( 'NONE', *, *, #2765, .F. ) ;
#6625 = EDGE_CURVE ( 'NONE', #1306, #3398, #7159, .T. ) ;
#6626 = DIRECTION ( 'NONE',  ( 0.0000000000000000000, -1.000000000000000000, 0.0000000000000000000 ) ) ;
#6627 = VECTOR ( 'NONE', #791, 1000.000000000000200 ) ;
#6628 = ORIENTED_EDGE ( 'NONE', *, *, #1699, .T. ) ;
#6629 = VECTOR ( 'NONE', #6683, 1000.000000000000000 ) ;
#6630 = ORIENTED_EDGE ( 'NONE', *, *, #6140, .T. ) ;
#6631 = ORIENTED_EDGE ( 'NONE', *, *, #5711, .F. ) ;
#6632 = EDGE_CURVE ( 'NONE', #5575, #1651, #6727, .T. ) ;
#6633 = AXIS2_PLACEMENT_3D ( 'NONE', #672, #7586, #1413 ) ;
#6634 = DIRECTION ( 'NONE',  ( -1.000000000000000000, -2.124908078801903100E-016, 0.0000000000000000000 ) ) ;
#6635 = LINE ( 'NONE', #2439, #1995 ) ;
#6636 = CARTESIAN_POINT ( 'NONE',  ( -6.466548932916465400, 1.226364640949757100, -0.3620892943110485300 ) ) ;
#6638 = DIRECTION ( 'NONE',  ( -1.000000000000000000, -0.0000000000000000000, -0.0000000000000000000 ) ) ;
#6637 = CARTESIAN_POINT ( 'NONE',  ( -6.590000000000030900, -2.686402863664274900, 2.554882703278610100 ) ) ;
#6639 = EDGE_LOOP ( 'NONE', ( #7020, #2843, #4421, #4226 ) ) ;
#6640 = VECTOR ( 'NONE', #1583, 1000.000000000000000 ) ;
#6641 = EDGE_LOOP ( 'NONE', ( #8088, #7321, #653, #2583 ) ) ;
#6642 = DIRECTION ( 'NONE',  ( 0.05233595624294350200, 0.0000000000000000000, 0.9986295347545739400 ) ) ;
#6643 = VERTEX_POINT ( 'NONE', #6696 ) ;
#6644 = FACE_OUTER_BOUND ( 'NONE', #7709, .T. ) ;
#6645 = CARTESIAN_POINT ( 'NONE',  ( 0.2664338688640217100, 2.779999999999999800, -4.201714464797489300 ) ) ;
#6646 = LINE ( 'NONE', #4098, #4593 ) ;
#6647 = CARTESIAN_POINT ( 'NONE',  ( -1.999186377991320200, -2.549999999999999800, -0.7050000000000005200 ) ) ;
#6648 = EDGE_CURVE ( 'NONE', #8487, #2149, #4272, .T. ) ;
#6649 = AXIS2_PLACEMENT_3D ( 'NONE', #8431, #5654, #98 ) ;
#6650 = CARTESIAN_POINT ( 'NONE',  ( 6.263847163821743900, -0.6217545132412964900, 4.087694446229456900 ) ) ;
#6651 = EDGE_CURVE ( 'NONE', #8969, #1780, #3287, .T. ) ;
#6652 = LINE ( 'NONE', #718, #234 ) ;
#6653 = EDGE_LOOP ( 'NONE', ( #1019, #1302, #7337, #6165 ) ) ;
#6654 = CARTESIAN_POINT ( 'NONE',  ( 1.835212641700700000, 1.049999999999982700, -4.275000000000001200 ) ) ;
#6655 = VECTOR ( 'NONE', #4578, 1000.000000000000100 ) ;
#6656 = VECTOR ( 'NONE', #3979, 1000.000000000000000 ) ;
#6657 = DIRECTION ( 'NONE',  ( -1.000000000000000000, 0.0000000000000000000, 0.0000000000000000000 ) ) ;
#6659 = DIRECTION ( 'NONE',  ( 1.000000000000000000, 2.124908078801903100E-016, 0.0000000000000000000 ) ) ;
#6658 = CARTESIAN_POINT ( 'NONE',  ( -4.519156786797971400, 2.686402863664273600, 2.554882703278618500 ) ) ;
#6660 = PLANE ( 'NONE',  #6945 ) ;
#6661 = AXIS2_PLACEMENT_3D ( 'NONE', #2024, #3536, #2049 ) ;
#6662 = PLANE ( 'NONE',  #4376 ) ;
#6663 = FACE_OUTER_BOUND ( 'NONE', #5665, .T. ) ;
#6664 = EDGE_CURVE ( 'NONE', #8517, #2349, #3419, .T. ) ;
#6665 = VERTEX_POINT ( 'NONE', #4640 ) ;
#6666 = ORIENTED_EDGE ( 'NONE', *, *, #5155, .T. ) ;
#6667 = LINE ( 'NONE', #6827, #3209 ) ;
#6668 = CARTESIAN_POINT ( 'NONE',  ( -1.075257074896937200, -1.149999999999999700, -9.124999999999998200 ) ) ;
#6669 = ADVANCED_FACE ( 'NONE', ( #3894 ), #8112, .F. ) ;
#6670 = DIRECTION ( 'NONE',  ( 1.000000000000000000, 0.0000000000000000000, -3.316747347134613200E-015 ) ) ;
#6671 = CARTESIAN_POINT ( 'NONE',  ( -4.185257074896937500, -1.150000000000052500, -4.275000000000001200 ) ) ;
#6672 = EDGE_CURVE ( 'NONE', #1486, #7342, #5360, .T. ) ;
#6673 = CARTESIAN_POINT ( 'NONE',  ( -2.418971131836033600, 2.814368043255626200, 4.045652197861752300 ) ) ;
#6674 = FACE_OUTER_BOUND ( 'NONE', #4507, .T. ) ;
#6675 = ORIENTED_EDGE ( 'NONE', *, *, #1009, .T. ) ;
#6676 = FACE_OUTER_BOUND ( 'NONE', #1388, .T. ) ;
#6677 = ORIENTED_EDGE ( 'NONE', *, *, #743, .F. ) ;
#6678 = DIRECTION ( 'NONE',  ( -1.000000000000000000, -3.401418580346681300E-016, 0.0000000000000000000 ) ) ;
#6679 = DIRECTION ( 'NONE',  ( 0.0000000000000000000, -0.03489949670250107300, 0.9993908270190956500 ) ) ;
#6680 = CARTESIAN_POINT ( 'NONE',  ( 6.133248313036692600, -5.263181610785594000, 1.003511519317804600 ) ) ;
#6681 = CARTESIAN_POINT ( 'NONE',  ( 2.396164754065100300, -2.125627413300268400, 3.610480586262612600 ) ) ;
#6682 = ORIENTED_EDGE ( 'NONE', *, *, #5472, .T. ) ;
#6683 = DIRECTION ( 'NONE',  ( 1.000000000000000000, -2.628368902995162400E-015, -2.673649675311314200E-016 ) ) ;
#6684 = EDGE_CURVE ( 'NONE', #5474, #1760, #6538, .T. ) ;
#6685 = CARTESIAN_POINT ( 'NONE',  ( -0.1000000000000000100, 2.779999999999999800, 4.014026416602996000 ) ) ;
#6686 = CARTESIAN_POINT ( 'NONE',  ( -6.371725516837170000, 2.404999999999999800, -6.775000000000000400 ) ) ;
#6687 = DIRECTION ( 'NONE',  ( 0.0000000000000000000, 0.5913665711502953400, -0.8064028636642744900 ) ) ;
#6688 = DIRECTION ( 'NONE',  ( 1.000000000000000000, -2.628368902995162400E-015, -2.673649675311314200E-016 ) ) ;
#6689 = EDGE_LOOP ( 'NONE', ( #235, #200, #5026, #4912 ) ) ;
#6690 = DIRECTION ( 'NONE',  ( -0.05233595624294380700, 0.0000000000000000000, 0.9986295347545739400 ) ) ;
#6691 = VERTEX_POINT ( 'NONE', #8910 ) ;
#6692 = ORIENTED_EDGE ( 'NONE', *, *, #6161, .T. ) ;
#6693 = CARTESIAN_POINT ( 'NONE',  ( -6.459581821358177900, -0.4680213016031000200, -0.3146487402378818100 ) ) ;
#6694 = VERTEX_POINT ( 'NONE', #8965 ) ;
#6695 = DIRECTION ( 'NONE',  ( -2.124908078801903100E-016, 1.000000000000000000, 0.0000000000000000000 ) ) ;
#6696 = CARTESIAN_POINT ( 'NONE',  ( 6.143740578005090200, -0.5188375082928540200, 1.140537025406802400 ) ) ;
#6698 = CARTESIAN_POINT ( 'NONE',  ( 6.539999999999999100, 0.1500911744255224700, -3.371594611156200700 ) ) ;
#6697 = CARTESIAN_POINT ( 'NONE',  ( 4.492319958932258200, -2.406906743079788600, 3.066959884049311300 ) ) ;
#6699 = DIRECTION ( 'NONE',  ( -1.000000000000000000, -2.628368902995162800E-015, -2.673649675311314200E-016 ) ) ;
#6700 = ORIENTED_EDGE ( 'NONE', *, *, #2981, .T. ) ;
#6701 = ORIENTED_EDGE ( 'NONE', *, *, #215, .T. ) ;
#6702 = ORIENTED_EDGE ( 'NONE', *, *, #2325, .F. ) ;
#6703 = FACE_OUTER_BOUND ( 'NONE', #6689, .T. ) ;
#6704 = VERTEX_POINT ( 'NONE', #8202 ) ;
#6705 = EDGE_CURVE ( 'NONE', #4222, #2211, #8377, .T. ) ;
#6706 = AXIS2_PLACEMENT_3D ( 'NONE', #5390, #6076, #1549 ) ;
#6707 = CARTESIAN_POINT ( 'NONE',  ( 7.214600510584429700, 0.7166446054373846200, -7.765845873256791000 ) ) ;
#6708 = CARTESIAN_POINT ( 'NONE',  ( -4.559493973142682700, 2.841613929174147600, 1.785203337036817700 ) ) ;
#6709 = CARTESIAN_POINT ( 'NONE',  ( 0.8147429251030621200, 0.0000000000000000000, -4.275000000000001200 ) ) ;
#6710 = ORIENTED_EDGE ( 'NONE', *, *, #6529, .T. ) ;
#6711 = CARTESIAN_POINT ( 'NONE',  ( 6.589999999999999900, 2.404999999999999800, -6.775000000000000400 ) ) ;
#6712 = ADVANCED_FACE ( 'NONE', ( #33 ), #631, .F. ) ;
#6713 = EDGE_LOOP ( 'NONE', ( #8639, #1943, #2400, #5935 ) ) ;
#6714 = CARTESIAN_POINT ( 'NONE',  ( 2.345055728690305800, 2.218232652604872800, 2.635262287109595600 ) ) ;
#6715 = EDGE_CURVE ( 'NONE', #4966, #5112, #6322, .T. ) ;
#6716 = DIRECTION ( 'NONE',  ( 1.000000000000000000, 2.124908078801903600E-016, -0.0000000000000000000 ) ) ;
#6717 = EDGE_LOOP ( 'NONE', ( #4459, #8642, #1411, #8217 ) ) ;
#6718 = ORIENTED_EDGE ( 'NONE', *, *, #4292, .T. ) ;
#6719 =( BOUNDED_CURVE ( )  B_SPLINE_CURVE ( 3, ( #4071, #6051, #4762, #2354 ),
 .UNSPECIFIED., .F., .F. ) 
 B_SPLINE_CURVE_WITH_KNOTS ( ( 4, 4 ),
 ( 1.570796326794896600, 2.203548767338511000 ),
 .UNSPECIFIED. ) 
 CURVE ( )  GEOMETRIC_REPRESENTATION_ITEM ( )  RATIONAL_B_SPLINE_CURVE ( ( 1.000000000000000000, 0.9669127352965448700, 0.9669127352965448700, 1.000000000000000000 ) ) 
 REPRESENTATION_ITEM ( '' )  );
#6720 = CARTESIAN_POINT ( 'NONE',  ( -1.685257074896937500, 1.049999999999965400, -4.275000000000001200 ) ) ;
#6721 = CARTESIAN_POINT ( 'NONE',  ( 4.335212641700700900, 0.0000000000000000000, -4.275000000000001200 ) ) ;
#6722 = DIRECTION ( 'NONE',  ( 0.0000000000000000000, 0.0000000000000000000, -1.000000000000000000 ) ) ;
#6723 = ORIENTED_EDGE ( 'NONE', *, *, #6715, .F. ) ;
#6724 = LINE ( 'NONE', #2142, #6185 ) ;
#6725 = CARTESIAN_POINT ( 'NONE',  ( 6.159999999999998400, -2.449999999999999700, -6.775000000000000400 ) ) ;
#6726 = EDGE_LOOP ( 'NONE', ( #4791, #720, #144 ) ) ;
#6727 = LINE ( 'NONE', #6824, #3045 ) ;
#6728 = ORIENTED_EDGE ( 'NONE', *, *, #1354, .T. ) ;
#6729 = CARTESIAN_POINT ( 'NONE',  ( -3.575257074896936800, -0.8999999999999998000, -9.124999999999998200 ) ) ;
#6730 = CARTESIAN_POINT ( 'NONE',  ( -0.6647873582993000200, 1.049999999999965400, -4.275000000000001200 ) ) ;
#6732 = DIRECTION ( 'NONE',  ( 0.0000000000000000000, -1.000000000000000000, 0.0000000000000000000 ) ) ;
#6731 = CARTESIAN_POINT ( 'NONE',  ( -1.769999999999998900, -2.879999999999999900, 5.534999999999999300 ) ) ;
#6733 = ORIENTED_EDGE ( 'NONE', *, *, #2460, .T. ) ;
#6734 = LINE ( 'NONE', #3216, #8247 ) ;
#6735 = CARTESIAN_POINT ( 'NONE',  ( 6.645858330770328900, 1.044675658709060700, -10.67712147104302600 ) ) ;
#6736 = VECTOR ( 'NONE', #5975, 1000.000000000000000 ) ;
#6737 = ORIENTED_EDGE ( 'NONE', *, *, #5878, .T. ) ;
#6738 = CARTESIAN_POINT ( 'NONE',  ( 5.803248313036692500, -5.263181610785594000, 1.003511519317803900 ) ) ;
#6739 = CARTESIAN_POINT ( 'NONE',  ( 5.817587741826835100, 1.280592021534149100, 1.190779710972765600 ) ) ;
#6740 = FACE_OUTER_BOUND ( 'NONE', #5612, .T. ) ;
#6741 = EDGE_CURVE ( 'NONE', #3494, #8847, #7832, .T. ) ;
#6742 = ORIENTED_EDGE ( 'NONE', *, *, #2681, .T. ) ;
#6743 = CARTESIAN_POINT ( 'NONE',  ( 6.259999999999998900, 1.476446968620943400, 4.174999999999999800 ) ) ;
#6744 = FACE_BOUND ( 'NONE', #8771, .T. ) ;
#6745 = DIRECTION ( 'NONE',  ( 1.000000000000000000, 2.124908078801903600E-016, -0.0000000000000000000 ) ) ;
#6746 = ORIENTED_EDGE ( 'NONE', *, *, #6615, .F. ) ;
#6747 = PLANE ( 'NONE',  #482 ) ;
#6748 = FACE_OUTER_BOUND ( 'NONE', #1726, .T. ) ;
#6749 = VECTOR ( 'NONE', #4052, 1000.000000000000000 ) ;
#6750 = CARTESIAN_POINT ( 'NONE',  ( 4.479841560701152600, -2.406906743079787700, 3.305061906340967900 ) ) ;
#6751 = ORIENTED_EDGE ( 'NONE', *, *, #2853, .T. ) ;
#6752 = DIRECTION ( 'NONE',  ( 1.000000000000000000, 0.0000000000000000000, -0.0000000000000000000 ) ) ;
#6753 = ADVANCED_FACE ( 'NONE', ( #6878 ), #8592, .T. ) ;
#6754 = LINE ( 'NONE', #6950, #8368 ) ;
#6755 = CARTESIAN_POINT ( 'NONE',  ( 6.133248313036694400, 1.270598399577798300, 0.9045998214170117800 ) ) ;
#6756 = VERTEX_POINT ( 'NONE', #4800 ) ;
#6757 = ORIENTED_EDGE ( 'NONE', *, *, #2131, .F. ) ;
#6758 =( BOUNDED_CURVE ( )  B_SPLINE_CURVE ( 3, ( #4595, #6583, #3208, #299 ),
 .UNSPECIFIED., .F., .F. ) 
 B_SPLINE_CURVE_WITH_KNOTS ( ( 4, 4 ),
 ( 4.559543995861945500, 4.712388980384693200 ),
 .UNSPECIFIED. ) 
 CURVE ( )  GEOMETRIC_REPRESENTATION_ITEM ( )  RATIONAL_B_SPLINE_CURVE ( ( 1.000000000000000000, 0.9980541482144369400, 0.9980541482144369400, 1.000000000000000000 ) ) 
 REPRESENTATION_ITEM ( '' )  );
#6759 = CARTESIAN_POINT ( 'NONE',  ( -6.133248313036694400, 1.267532287438587700, 0.8167978576046398500 ) ) ;
#6760 = ORIENTED_EDGE ( 'NONE', *, *, #2295, .F. ) ;
#6761 = CIRCLE ( 'NONE', #1001, 0.1999999999999992300 ) ;
#6762 = DIRECTION ( 'NONE',  ( -1.000000000000000000, -3.401418580346681300E-016, 0.0000000000000000000 ) ) ;
#6763 = VECTOR ( 'NONE', #3223, 1000.000000000000000 ) ;
#6764 = DIRECTION ( 'NONE',  ( -1.000000000000000000, -0.0000000000000000000, -0.0000000000000000000 ) ) ;
#6765 = VECTOR ( 'NONE', #6745, 1000.000000000000000 ) ;
#6766 = ORIENTED_EDGE ( 'NONE', *, *, #1258, .T. ) ;
#6767 = EDGE_CURVE ( 'NONE', #1659, #6942, #3516, .T. ) ;
#6768 = CARTESIAN_POINT ( 'NONE',  ( -5.360059963454983000, 0.0000000000000000000, 17.55885521993058900 ) ) ;
#6769 = ADVANCED_FACE ( 'NONE', ( #447 ), #8046, .T. ) ;
#6770 = CARTESIAN_POINT ( 'NONE',  ( -6.260000000000000700, 2.549999999999999400, 4.062720395229402600 ) ) ;
#6771 = LINE ( 'NONE', #4082, #1362 ) ;
#6772 = VECTOR ( 'NONE', #1503, 1000.000000000000000 ) ;
#6773 = CARTESIAN_POINT ( 'NONE',  ( -3.375257074896937000, -0.8999999999999998000, -4.275000000000001200 ) ) ;
#6774 = VERTEX_POINT ( 'NONE', #7607 ) ;
#6775 = VECTOR ( 'NONE', #3231, 1000.000000000000000 ) ;
#6776 = DIRECTION ( 'NONE',  ( 0.0000000000000000000, 1.000000000000000000, 0.0000000000000000000 ) ) ;
#6777 = EDGE_CURVE ( 'NONE', #7127, #7696, #3733, .T. ) ;
#6778 = AXIS2_PLACEMENT_3D ( 'NONE', #7710, #2212, #7041 ) ;
#6779 = EDGE_CURVE ( 'NONE', #7881, #2056, #4471, .T. ) ;
#6780 = VECTOR ( 'NONE', #6003, 1000.000000000000000 ) ;
#6781 = CARTESIAN_POINT ( 'NONE',  ( -6.590000000000000700, -0.7200000000000002000, 4.174999999999999800 ) ) ;
#6782 = LINE ( 'NONE', #5852, #2429 ) ;
#6783 = ORIENTED_EDGE ( 'NONE', *, *, #7661, .F. ) ;
#6785 = CARTESIAN_POINT ( 'NONE',  ( -6.171250739718261400, 1.261562068741348500, 0.6458331628360933800 ) ) ;
#6784 = CARTESIAN_POINT ( 'NONE',  ( -4.528222536950278400, 2.813259355862363500, 2.381897885445645600 ) ) ;
#6786 = LINE ( 'NONE', #4283, #4182 ) ;
#6787 = CARTESIAN_POINT ( 'NONE',  ( 6.811409716464077700, -2.806906743079782300, 3.066959884049312200 ) ) ;
#6788 = CC_DESIGN_PERSON_AND_ORGANIZATION_ASSIGNMENT ( #3036, #5705, ( #5808 ) ) ;
#6789 = CARTESIAN_POINT ( 'NONE',  ( -6.160000000000000100, -2.449999999999999700, -6.775000000000000400 ) ) ;
#6790 = ORIENTED_EDGE ( 'NONE', *, *, #4610, .T. ) ;
#6791 = AXIS2_PLACEMENT_3D ( 'NONE', #1445, #6837, #611 ) ;
#6792 = CARTESIAN_POINT ( 'NONE',  ( 3.726944955304026900E-016, 1.237499995811332600, -0.04321445209976647300 ) ) ;
#6793 = VECTOR ( 'NONE', #7718, 1000.000000000000000 ) ;
#6795 = CARTESIAN_POINT ( 'NONE',  ( 6.159999999999998400, 2.449999999999999700, -5.775000000000000400 ) ) ;
#6794 = DIRECTION ( 'NONE',  ( 1.000000000000000000, 2.628368902995162400E-015, -2.673649675311314200E-016 ) ) ;
#6796 = ORIENTED_EDGE ( 'NONE', *, *, #705, .T. ) ;
#6797 = EDGE_CURVE ( 'NONE', #7044, #8265, #2750, .T. ) ;
#6798 = CARTESIAN_POINT ( 'NONE',  ( 6.426129359484516400, 1.973396950054383300, -10.60547706826732300 ) ) ;
#6799 = ORIENTED_EDGE ( 'NONE', *, *, #7551, .T. ) ;
#6800 = CARTESIAN_POINT ( 'NONE',  ( 6.589999999999999900, 2.404999999999999800, -6.775000000000000400 ) ) ;
#6801 = EDGE_CURVE ( 'NONE', #7499, #8350, #8714, .T. ) ;
#6802 = ORIENTED_EDGE ( 'NONE', *, *, #8449, .F. ) ;
#6803 = CARTESIAN_POINT ( 'NONE',  ( 2.438031234763911000, 2.711462539230618400, 4.409340627110760000 ) ) ;
#6804 = CARTESIAN_POINT ( 'NONE',  ( -4.681060305752854600, -2.549999999999999800, -0.5344204721237294500 ) ) ;
#6805 = ADVANCED_FACE ( 'NONE', ( #1234 ), #4831, .T. ) ;
#6806 = EDGE_CURVE ( 'NONE', #4656, #3119, #5797, .T. ) ;
#6807 = ORIENTED_EDGE ( 'NONE', *, *, #5409, .F. ) ;
#6808 = VERTEX_POINT ( 'NONE', #4702 ) ;
#6809 = EDGE_LOOP ( 'NONE', ( #1790, #5168, #4776, #2154 ) ) ;
#6810 = DIRECTION ( 'NONE',  ( -1.000000000000000000, 0.0000000000000000000, 0.0000000000000000000 ) ) ;
#6811 = PLANE ( 'NONE',  #803 ) ;
#6812 = LINE ( 'NONE', #4469, #3564 ) ;
#6813 = ORIENTED_EDGE ( 'NONE', *, *, #5529, .F. ) ;
#6814 = CARTESIAN_POINT ( 'NONE',  ( -4.860813622008678600, -2.879999999999999900, -0.5250000000000006900 ) ) ;
#6815 = EDGE_CURVE ( 'NONE', #5210, #3041, #4932, .T. ) ;
#6816 = CARTESIAN_POINT ( 'NONE',  ( -4.910000000000000100, 1.879999999999999700, -0.5250000000000008000 ) ) ;
#6817 = CARTESIAN_POINT ( 'NONE',  ( 6.301548932916465300, -0.4680213016031037900, -0.3620892943110480800 ) ) ;
#6818 = ORIENTED_EDGE ( 'NONE', *, *, #2032, .T. ) ;
#6819 = EDGE_LOOP ( 'NONE', ( #8110, #6937, #918, #2274, #8772, #3402, #841, #8532 ) ) ;
#6820 = VERTEX_POINT ( 'NONE', #3249 ) ;
#6821 = VECTOR ( 'NONE', #8188, 1000.000000000000000 ) ;
#6822 = ORIENTED_EDGE ( 'NONE', *, *, #7646, .T. ) ;
#6823 = SHAPE_DEFINITION_REPRESENTATION ( #4744, #4167 ) ;
#6824 = CARTESIAN_POINT ( 'NONE',  ( 6.259999999999998900, 2.549999999999999800, -6.775000000000000400 ) ) ;
#6826 = DIRECTION ( 'NONE',  ( 1.000000000000000000, 0.0000000000000000000, 0.0000000000000000000 ) ) ;
#6825 = CARTESIAN_POINT ( 'NONE',  ( -5.090000000000000700, 2.879999999999999900, 5.534999999999999300 ) ) ;
#6827 = CARTESIAN_POINT ( 'NONE',  ( -6.589999999999999000, 0.6099088255744773400, -3.371594611156200700 ) ) ;
#6828 = DIRECTION ( 'NONE',  ( 0.0000000000000000000, 0.0000000000000000000, 1.000000000000000000 ) ) ;
#6829 = ORIENTED_EDGE ( 'NONE', *, *, #7732, .T. ) ;
#6830 = EDGE_CURVE ( 'NONE', #7866, #6593, #7185, .T. ) ;
#6831 = AXIS2_PLACEMENT_3D ( 'NONE', #2356, #258, #6430 ) ;
#6832 = ORIENTED_EDGE ( 'NONE', *, *, #8488, .F. ) ;
#6833 = EDGE_CURVE ( 'NONE', #1883, #7704, #7934, .T. ) ;
#6834 = ORIENTED_EDGE ( 'NONE', *, *, #1367, .F. ) ;
#6835 = LINE ( 'NONE', #7339, #4428 ) ;
#6836 = ORIENTED_EDGE ( 'NONE', *, *, #8703, .F. ) ;
#6837 = DIRECTION ( 'NONE',  ( 0.0000000000000000000, -1.000000000000000000, 0.0000000000000000000 ) ) ;
#6838 = CARTESIAN_POINT ( 'NONE',  ( 2.424084846277508600, 2.516311570751021100, 4.143227682101551700 ) ) ;
#6839 = VERTEX_POINT ( 'NONE', #1172 ) ;
#6840 = ORIENTED_EDGE ( 'NONE', *, *, #6767, .F. ) ;
#6841 = VECTOR ( 'NONE', #5766, 999.9999999999998900 ) ;
#6842 = EDGE_CURVE ( 'NONE', #3017, #4966, #282, .T. ) ;
#6843 = ORIENTED_EDGE ( 'NONE', *, *, #236, .F. ) ;
#6844 = VECTOR ( 'NONE', #3742, 1000.000000000000000 ) ;
#6845 = CARTESIAN_POINT ( 'NONE',  ( 1.999186377991320200, -2.549999999999999800, -0.7050000000000005200 ) ) ;
#6846 = VERTEX_POINT ( 'NONE', #1882 ) ;
#6847 = DIRECTION ( 'NONE',  ( 3.009838071711635500E-016, 0.9993908270190957600, 0.03489949670250108000 ) ) ;
#6848 = FACE_OUTER_BOUND ( 'NONE', #7263, .T. ) ;
#6849 = DIRECTION ( 'NONE',  ( -1.000000000000000000, 3.285461128743965800E-016, 0.0000000000000000000 ) ) ;
#6850 = VERTEX_POINT ( 'NONE', #5368 ) ;
#6851 = FACE_OUTER_BOUND ( 'NONE', #8263, .T. ) ;
#6852 = EDGE_CURVE ( 'NONE', #8709, #4520, #6224, .T. ) ;
#6853 = DIRECTION ( 'NONE',  ( 0.0000000000000000000, 0.0000000000000000000, 1.000000000000000000 ) ) ;
#6854 = ADVANCED_FACE ( 'NONE', ( #4709 ), #3310, .F. ) ;
#6855 = FACE_OUTER_BOUND ( 'NONE', #2810, .T. ) ;
#6856 = DIRECTION ( 'NONE',  ( -1.000000000000000000, 0.0000000000000000000, 0.0000000000000000000 ) ) ;
#6857 = EDGE_LOOP ( 'NONE', ( #440, #3547, #7060, #5093 ) ) ;
#6858 = DIRECTION ( 'NONE',  ( 1.000000000000000000, 3.401418580346681300E-016, -0.0000000000000000000 ) ) ;
#6859 = ORIENTED_EDGE ( 'NONE', *, *, #6991, .T. ) ;
#6860 = VECTOR ( 'NONE', #1906, 1000.000000000000000 ) ;
#6861 = ORIENTED_EDGE ( 'NONE', *, *, #2607, .F. ) ;
#6862 = ORIENTED_EDGE ( 'NONE', *, *, #8331, .T. ) ;
#6863 = PLANE ( 'NONE',  #7140 ) ;
#6864 = PLANE ( 'NONE',  #1544 ) ;
#6865 = FACE_OUTER_BOUND ( 'NONE', #7717, .T. ) ;
#6866 = EDGE_CURVE ( 'NONE', #6448, #840, #7683, .T. ) ;
#6867 = PLANE ( 'NONE',  #7421 ) ;
#6868 = FACE_OUTER_BOUND ( 'NONE', #1745, .T. ) ;
#6869 = FACE_OUTER_BOUND ( 'NONE', #2700, .T. ) ;
#6870 = ORIENTED_EDGE ( 'NONE', *, *, #2268, .T. ) ;
#6871 = CARTESIAN_POINT ( 'NONE',  ( 6.259999999999998900, 1.478223484310471800, 4.274984218714779500 ) ) ;
#6872 =( BOUNDED_CURVE ( )  B_SPLINE_CURVE ( 3, ( #7315, #6681, #383, #1834 ),
 .UNSPECIFIED., .F., .F. ) 
 B_SPLINE_CURVE_WITH_KNOTS ( ( 4, 4 ),
 ( 0.9380438862512330300, 1.570796326794847000 ),
 .UNSPECIFIED. ) 
 CURVE ( )  GEOMETRIC_REPRESENTATION_ITEM ( )  RATIONAL_B_SPLINE_CURVE ( ( 1.000000000000000000, 0.9669127352965448700, 0.9669127352965448700, 1.000000000000000000 ) ) 
 REPRESENTATION_ITEM ( '' )  );
#6873 = ORIENTED_EDGE ( 'NONE', *, *, #6176, .F. ) ;
#6874 = FACE_OUTER_BOUND ( 'NONE', #3030, .T. ) ;
#6875 = CARTESIAN_POINT ( 'NONE',  ( -3.375257074896937000, -0.8999999999999998000, -4.275000000000001200 ) ) ;
#6876 = VECTOR ( 'NONE', #431, 1000.000000000000000 ) ;
#6877 = DIRECTION ( 'NONE',  ( -0.0000000000000000000, 0.0000000000000000000, 1.000000000000000000 ) ) ;
#6878 = FACE_OUTER_BOUND ( 'NONE', #8881, .T. ) ;
#6879 = ORIENTED_EDGE ( 'NONE', *, *, #4306, .T. ) ;
#6880 = VECTOR ( 'NONE', #7930, 1000.000000000000100 ) ;
#6881 = VECTOR ( 'NONE', #5309, 1000.000000000000000 ) ;
#6882 = EDGE_CURVE ( 'NONE', #2660, #6900, #3303, .T. ) ;
#6883 = AXIS2_PLACEMENT_3D ( 'NONE', #2909, #191, #6389 ) ;
#6884 = CARTESIAN_POINT ( 'NONE',  ( 0.0000000000000000000, 2.879999999999999900, 6.775000000000000400 ) ) ;
#6885 = CARTESIAN_POINT ( 'NONE',  ( 6.459581821358177900, -0.4680213016031037900, -0.3146487402378805900 ) ) ;
#6886 = VECTOR ( 'NONE', #8739, 1000.000000000000000 ) ;
#6887 = ORIENTED_EDGE ( 'NONE', *, *, #2325, .T. ) ;
#6888 = VECTOR ( 'NONE', #145, 1000.000000000000000 ) ;
#6889 = DIRECTION ( 'NONE',  ( -1.000000000000000000, -0.0000000000000000000, -0.0000000000000000000 ) ) ;
#6890 = VECTOR ( 'NONE', #1464, 1000.000000000000000 ) ;
#6891 = EDGE_CURVE ( 'NONE', #5268, #6266, #998, .T. ) ;
#6892 = ORIENTED_EDGE ( 'NONE', *, *, #698, .F. ) ;
#6893 = DIRECTION ( 'NONE',  ( 0.0000000000000000000, 0.0000000000000000000, 1.000000000000000000 ) ) ;
#6894 = ADVANCED_FACE ( 'NONE', ( #5045, #3196, #3949 ), #1939, .F. ) ;
#6895 = FACE_OUTER_BOUND ( 'NONE', #6287, .T. ) ;
#6896 = ORIENTED_EDGE ( 'NONE', *, *, #1862, .T. ) ;
#6897 = AXIS2_PLACEMENT_3D ( 'NONE', #8658, #3825, #2375 ) ;
#6898 = DIRECTION ( 'NONE',  ( -0.2873578278746629600, 0.03342755118621467500, -0.9572398223960643100 ) ) ;
#6899 = CARTESIAN_POINT ( 'NONE',  ( -4.590000000000000700, 1.050000000000001400, -6.775000000000000400 ) ) ;
#6900 = VERTEX_POINT ( 'NONE', #4946 ) ;
#6901 = CARTESIAN_POINT ( 'NONE',  ( 2.355283157573256200, -2.484345597614083800, 2.830413255589193400 ) ) ;
#6902 = CARTESIAN_POINT ( 'NONE',  ( 7.628237703307986500, 2.404999999999999800, -8.281148335353792700 ) ) ;
#6903 = CARTESIAN_POINT ( 'NONE',  ( 6.089999999999998100, -0.6279359677314483300, -1.224994274580306000 ) ) ;
#6904 = DIRECTION ( 'NONE',  ( 0.0000000000000000000, -1.000000000000000000, 0.0000000000000000000 ) ) ;
#6905 = ORIENTED_EDGE ( 'NONE', *, *, #1557, .T. ) ;
#6906 = CARTESIAN_POINT ( 'NONE',  ( 7.729042042437244600, 2.266739044397565500, -8.002065980971602600 ) ) ;
#6907 = EDGE_LOOP ( 'NONE', ( #2902, #7874, #2817, #6929 ) ) ;
#6908 = ORIENTED_EDGE ( 'NONE', *, *, #8082, .T. ) ;
#6909 = EDGE_CURVE ( 'NONE', #303, #4820, #4162, .T. ) ;
#6910 = CARTESIAN_POINT ( 'NONE',  ( -5.089999999999999900, 2.879999999999999900, -7.285266083103919200E-016 ) ) ;
#6911 = ORIENTED_EDGE ( 'NONE', *, *, #2937, .T. ) ;
#6912 = DIRECTION ( 'NONE',  ( -1.000000000000000000, 0.0000000000000000000, 0.0000000000000000000 ) ) ;
#6913 = EDGE_CURVE ( 'NONE', #1235, #3459, #790, .T. ) ;
#6914 = CARTESIAN_POINT ( 'NONE',  ( 5.328437190809231600, 0.0000000000000000000, -4.275000000000001200 ) ) ;
#6915 = EDGE_LOOP ( 'NONE', ( #4922, #3890, #6843, #81, #1516 ) ) ;
#6916 = VERTEX_POINT ( 'NONE', #6928 ) ;
#6917 = ORIENTED_EDGE ( 'NONE', *, *, #8537, .T. ) ;
#6918 = CIRCLE ( 'NONE', #3297, 0.1799999999999997200 ) ;
#6919 = DIRECTION ( 'NONE',  ( -0.0000000000000000000, 1.000000000000000000, -0.0000000000000000000 ) ) ;
#6920 = CARTESIAN_POINT ( 'NONE',  ( -6.540000000000000000, 0.4566362751914924100, -3.830697027045894200 ) ) ;
#6921 = ORIENTED_EDGE ( 'NONE', *, *, #4188, .F. ) ;
#6922 = DIRECTION ( 'NONE',  ( -1.000000000000000000, -0.0000000000000000000, -0.0000000000000000000 ) ) ;
#6923 = EDGE_CURVE ( 'NONE', #1257, #2796, #7630, .T. ) ;
#6924 = AXIS2_PLACEMENT_3D ( 'NONE', #5192, #1058, #6642 ) ;
#6925 = DIRECTION ( 'NONE',  ( 1.000000000000000000, -3.011672701348624000E-016, 0.0000000000000000000 ) ) ;
#6926 = VERTEX_POINT ( 'NONE', #2874 ) ;
#6927 = DATE_AND_TIME ( #8767, #6491 ) ;
#6928 = CARTESIAN_POINT ( 'NONE',  ( -4.519156786797971400, -2.686402863664273600, 2.554882703278618500 ) ) ;
#6929 = ORIENTED_EDGE ( 'NONE', *, *, #6779, .F. ) ;
#6930 = ORIENTED_EDGE ( 'NONE', *, *, #1699, .F. ) ;
#6931 = ADVANCED_FACE ( 'NONE', ( #1673 ), #5776, .T. ) ;
#6932 = CARTESIAN_POINT ( 'NONE',  ( -3.575257074896936800, -0.8999999999999998000, -9.324999999999995700 ) ) ;
#6933 = DIRECTION ( 'NONE',  ( -3.009838071711635500E-016, -0.9993908270190957600, 0.03489949670250110800 ) ) ;
#6934 = ORIENTED_EDGE ( 'NONE', *, *, #483, .F. ) ;
#6935 = LINE ( 'NONE', #8464, #1075 ) ;
#6936 = DIRECTION ( 'NONE',  ( -0.0000000000000000000, 1.000000000000000000, -0.0000000000000000000 ) ) ;
#6937 = ORIENTED_EDGE ( 'NONE', *, *, #6239, .T. ) ;
#6938 = EDGE_CURVE ( 'NONE', #8969, #8782, #6110, .T. ) ;
#6939 = AXIS2_PLACEMENT_3D ( 'NONE', #3875, #8617, #1749 ) ;
#6940 = LINE ( 'NONE', #7983, #8239 ) ;
#6941 = EDGE_CURVE ( 'NONE', #5703, #5293, #4368, .T. ) ;
#6942 = VERTEX_POINT ( 'NONE', #8994 ) ;
#6943 = CARTESIAN_POINT ( 'NONE',  ( -6.590000000000029200, -1.879999999999999900, 1.963516132128314600 ) ) ;
#6944 = CARTESIAN_POINT ( 'NONE',  ( 4.335212641700700000, 1.050000000000000300, -4.275000000000001200 ) ) ;
#6945 = AXIS2_PLACEMENT_3D ( 'NONE', #8074, #4706, #4032 ) ;
#6946 = DIRECTION ( 'NONE',  ( -1.000000000000000000, 0.0000000000000000000, -0.0000000000000000000 ) ) ;
#6947 = ORIENTED_EDGE ( 'NONE', *, *, #6574, .F. ) ;
#6948 = LINE ( 'NONE', #1276, #8564 ) ;
#6949 = DIRECTION ( 'NONE',  ( -1.000000000000000000, 0.0000000000000000000, 0.0000000000000000000 ) ) ;
#6950 = CARTESIAN_POINT ( 'NONE',  ( 3.314742925103062500, -1.149999999999999900, -4.275000000000001200 ) ) ;
#6951 = FACE_OUTER_BOUND ( 'NONE', #1753, .T. ) ;
#6952 = VERTEX_POINT ( 'NONE', #5660 ) ;
#6953 = LINE ( 'NONE', #5477, #7050 ) ;
#6954 = ORIENTED_EDGE ( 'NONE', *, *, #2586, .F. ) ;
#6955 = AXIS2_PLACEMENT_3D ( 'NONE', #6250, #60, #612 ) ;
#6956 = VECTOR ( 'NONE', #6828, 1000.000000000000000 ) ;
#6957 = ORIENTED_EDGE ( 'NONE', *, *, #3440, .F. ) ;
#6958 = LINE ( 'NONE', #2259, #5869 ) ;
#6959 = CARTESIAN_POINT ( 'NONE',  ( 4.589999999999999000, 1.050000000000000300, -6.775000000000000400 ) ) ;
#6960 = LINE ( 'NONE', #1741, #7619 ) ;
#6961 = EDGE_CURVE ( 'NONE', #8246, #7486, #1572, .T. ) ;
#6962 = VERTEX_POINT ( 'NONE', #2782 ) ;
#6963 = LINE ( 'NONE', #2321, #5767 ) ;
#6964 = ORIENTED_EDGE ( 'NONE', *, *, #4275, .T. ) ;
#6965 = ORIENTED_EDGE ( 'NONE', *, *, #1237, .F. ) ;
#6967 = CARTESIAN_POINT ( 'NONE',  ( -3.164787358299299600, 1.049999999999947900, -4.275000000000001200 ) ) ;
#6966 = DIRECTION ( 'NONE',  ( 0.0000000000000000000, 0.0000000000000000000, 1.000000000000000000 ) ) ;
#6968 = ORIENTED_EDGE ( 'NONE', *, *, #1752, .F. ) ;
#6969 = VECTOR ( 'NONE', #1148, 1000.000000000000000 ) ;
#6970 = LINE ( 'NONE', #2381, #686 ) ;
#6971 = VECTOR ( 'NONE', #4565, 1000.000000000000000 ) ;
#6972 = CARTESIAN_POINT ( 'NONE',  ( 1.999186377991321500, -2.879999999999999900, -0.5250000000000004700 ) ) ;
#6973 = ORIENTED_EDGE ( 'NONE', *, *, #8743, .T. ) ;
#6974 = EDGE_CURVE ( 'NONE', #4047, #2264, #6652, .T. ) ;
#6975 = VECTOR ( 'NONE', #8176, 1000.000000000000000 ) ;
#6976 = CARTESIAN_POINT ( 'NONE',  ( 6.811409716464076800, -2.484345597614072700, 3.541608534801086600 ) ) ;
#6977 = DIRECTION ( 'NONE',  ( 0.2875185095343469300, 0.0000000000000000000, -0.9577750814649269600 ) ) ;
#6978 = VECTOR ( 'NONE', #2159, 1000.000000000000200 ) ;
#6979 = ADVANCED_FACE ( 'NONE', ( #5574 ), #8295, .F. ) ;
#6980 = EDGE_LOOP ( 'NONE', ( #2380, #8131, #8084, #949 ) ) ;
#6981 = CARTESIAN_POINT ( 'NONE',  ( 6.539999999999999100, 0.1500911744255224700, -3.371594611156200700 ) ) ;
#6982 = FACE_OUTER_BOUND ( 'NONE', #6599, .T. ) ;
#6983 = ORIENTED_EDGE ( 'NONE', *, *, #4679, .F. ) ;
#6984 = CARTESIAN_POINT ( 'NONE',  ( -5.360059963454983000, -1.430930462220299600, 17.55885521993058900 ) ) ;
#6985 = FACE_OUTER_BOUND ( 'NONE', #2078, .T. ) ;
#6986 = CARTESIAN_POINT ( 'NONE',  ( 4.124742925103063000, -0.8999999999999998000, -4.275000000000001200 ) ) ;
#6987 = DIRECTION ( 'NONE',  ( 0.05233595624294380700, 1.956469775142901400E-015, 0.9986295347545739400 ) ) ;
#6988 = DIRECTION ( 'NONE',  ( -0.0000000000000000000, -0.0000000000000000000, -1.000000000000000000 ) ) ;
#6989 = LINE ( 'NONE', #2552, #3749 ) ;
#6990 = VERTEX_POINT ( 'NONE', #7632 ) ;
#6991 = EDGE_CURVE ( 'NONE', #1968, #3667, #6435, .T. ) ;
#6992 =( BOUNDED_CURVE ( )  B_SPLINE_CURVE ( 3, ( #178, #8499, #4969, #6405 ),
 .UNSPECIFIED., .F., .F. ) 
 B_SPLINE_CURVE_WITH_KNOTS ( ( 4, 4 ),
 ( 4.712388980384689700, 5.345141420928303700 ),
 .UNSPECIFIED. ) 
 CURVE ( )  GEOMETRIC_REPRESENTATION_ITEM ( )  RATIONAL_B_SPLINE_CURVE ( ( 1.000000000000000000, 0.9669127352965448700, 0.9669127352965448700, 1.000000000000000000 ) ) 
 REPRESENTATION_ITEM ( '' )  );
#6993 = AXIS2_PLACEMENT_3D ( 'NONE', #7326, #8818, #1208 ) ;
#6994 = LINE ( 'NONE', #7871, #6346 ) ;
#6996 = DIRECTION ( 'NONE',  ( 3.011672701348624000E-016, 1.000000000000000000, 0.0000000000000000000 ) ) ;
#6995 = DIRECTION ( 'NONE',  ( 0.0000000000000000000, 0.0000000000000000000, 1.000000000000000000 ) ) ;
#6997 = CARTESIAN_POINT ( 'NONE',  ( -2.417116167224011100, -2.814368043255625300, 4.010257364548854400 ) ) ;
#6998 = DIRECTION ( 'NONE',  ( -1.146609398287954700E-017, -0.03489949670250106600, 0.9993908270190956500 ) ) ;
#6999 = ORIENTED_EDGE ( 'NONE', *, *, #6882, .F. ) ;
#7000 = LINE ( 'NONE', #1885, #2671 ) ;
#7001 = VERTEX_POINT ( 'NONE', #1429 ) ;
#7002 = CARTESIAN_POINT ( 'NONE',  ( -2.380158439298849500, -2.076906743079793400, 3.305061906340967000 ) ) ;
#7003 = DATE_TIME_ROLE ( 'classification_date' ) ;
#7004 = EDGE_CURVE ( 'NONE', #5194, #6366, #2099, .T. ) ;
#7005 = ORIENTED_EDGE ( 'NONE', *, *, #3239, .T. ) ;
#7006 = EDGE_LOOP ( 'NONE', ( #3675, #8581, #6258, #8759 ) ) ;
#7007 = DIRECTION ( 'NONE',  ( -3.011672701348624000E-016, -1.000000000000000000, 0.0000000000000000000 ) ) ;
#7008 = VERTEX_POINT ( 'NONE', #2807 ) ;
#7009 = CARTESIAN_POINT ( 'NONE',  ( 4.432196194119039300, 2.977575484239821400, 4.214189658631164000 ) ) ;
#7010 = DIRECTION ( 'NONE',  ( 0.0000000000000000000, -1.000000000000000000, 0.0000000000000000000 ) ) ;
#7011 = DIRECTION ( 'NONE',  ( -1.000000000000000000, 3.011672701348624000E-016, 0.0000000000000000000 ) ) ;
#7012 = ORIENTED_EDGE ( 'NONE', *, *, #2110, .T. ) ;
#7013 = ORIENTED_EDGE ( 'NONE', *, *, #4591, .T. ) ;
#7014 = ORIENTED_EDGE ( 'NONE', *, *, #5737, .T. ) ;
#7015 = ORIENTED_EDGE ( 'NONE', *, *, #6815, .T. ) ;
#7016 = ADVANCED_FACE ( 'NONE', ( #7173 ), #4858, .T. ) ;
#7017 =( BOUNDED_CURVE ( )  B_SPLINE_CURVE ( 3, ( #2717, #4794, #2780, #624 ),
 .UNSPECIFIED., .F., .F. ) 
 B_SPLINE_CURVE_WITH_KNOTS ( ( 4, 4 ),
 ( 3.864326901403200200, 5.059005820414507900 ),
 .UNSPECIFIED. ) 
 CURVE ( )  GEOMETRIC_REPRESENTATION_ITEM ( )  RATIONAL_B_SPLINE_CURVE ( ( 1.000000000000000000, 0.8845566308302418300, 0.8845566308302418300, 1.000000000000000000 ) ) 
 REPRESENTATION_ITEM ( '' )  );
#7018 = CARTESIAN_POINT ( 'NONE',  ( 0.0000000000000000000, 2.879999999999999900, 5.534999999999999300 ) ) ;
#7019 = EDGE_CURVE ( 'NONE', #2446, #6155, #3293, .T. ) ;
#7020 = ORIENTED_EDGE ( 'NONE', *, *, #7282, .T. ) ;
#7021 = ORIENTED_EDGE ( 'NONE', *, *, #3529, .T. ) ;
#7022 = ORIENTED_EDGE ( 'NONE', *, *, #6112, .F. ) ;
#7023 = FACE_OUTER_BOUND ( 'NONE', #2716, .T. ) ;
#7024 = CARTESIAN_POINT ( 'NONE',  ( -4.467444677206665400, 2.484345597614078000, 3.541608534801085700 ) ) ;
#7025 = ORIENTED_EDGE ( 'NONE', *, *, #1487, .T. ) ;
#7026 = VECTOR ( 'NONE', #4902, 1000.000000000000200 ) ;
#7027 = CARTESIAN_POINT ( 'NONE',  ( -2.402782751676284500, -2.218232652604873700, 3.736759503280683100 ) ) ;
#7028 = DIRECTION ( 'NONE',  ( -1.146609398287955600E-017, 0.03489949670250110100, 0.9993908270190956500 ) ) ;
#7029 = ORIENTED_EDGE ( 'NONE', *, *, #7368, .T. ) ;
#7030 = ORIENTED_EDGE ( 'NONE', *, *, #5409, .T. ) ;
#7031 = ORIENTED_EDGE ( 'NONE', *, *, #7887, .T. ) ;
#7032 = FACE_OUTER_BOUND ( 'NONE', #3944, .T. ) ;
#7033 = CARTESIAN_POINT ( 'NONE',  ( -4.492319958932258200, 2.406906743079788100, 3.066959884049311300 ) ) ;
#7034 = ORIENTED_EDGE ( 'NONE', *, *, #4846, .T. ) ;
#7035 = CARTESIAN_POINT ( 'NONE',  ( -6.260000000000000700, -2.549999999999999800, 5.534999999999999300 ) ) ;
#7036 = CARTESIAN_POINT ( 'NONE',  ( 4.681060305752854600, 1.879999999999999700, -0.5344204721237294500 ) ) ;
#7037 = DIRECTION ( 'NONE',  ( 1.000000000000000000, 3.401418580346681300E-016, -0.0000000000000000000 ) ) ;
#7038 = ORIENTED_EDGE ( 'NONE', *, *, #2826, .T. ) ;
#7039 = EDGE_CURVE ( 'NONE', #4920, #3782, #8035, .T. ) ;
#7040 = DIRECTION ( 'NONE',  ( 1.000000000000000000, -2.628368902995162400E-015, -2.673649675311314200E-016 ) ) ;
#7041 = DIRECTION ( 'NONE',  ( 0.0000000000000000000, -1.000000000000000000, 0.0000000000000000000 ) ) ;
#7042 = VERTEX_POINT ( 'NONE', #4886 ) ;
#7043 = LINE ( 'NONE', #7212, #8665 ) ;
#7044 = VERTEX_POINT ( 'NONE', #919 ) ;
#7045 = CARTESIAN_POINT ( 'NONE',  ( -6.143516044474752700, -0.4647079802963994800, -0.4095298483842152400 ) ) ;
#7046 = LINE ( 'NONE', #930, #4335 ) ;
#7047 = CARTESIAN_POINT ( 'NONE',  ( -6.263847163821742100, -5.263181610785591300, 4.087694446229456900 ) ) ;
#7048 = ORIENTED_EDGE ( 'NONE', *, *, #6253, .T. ) ;
#7049 = CARTESIAN_POINT ( 'NONE',  ( 6.259999999999998900, 1.380000000000000100, -6.775000000000000400 ) ) ;
#7050 = VECTOR ( 'NONE', #4076, 1000.000000000000000 ) ;
#7051 = ORIENTED_EDGE ( 'NONE', *, *, #5273, .T. ) ;
#7052 = CYLINDRICAL_SURFACE ( 'NONE', #679, 0.1799999999999999400 ) ;
#7053 = EDGE_CURVE ( 'NONE', #2188, #2264, #5348, .T. ) ;
#7054 = AXIS2_PLACEMENT_3D ( 'NONE', #2633, #1844, #518 ) ;
#7055 = EDGE_CURVE ( 'NONE', #5448, #5148, #3507, .T. ) ;
#7056 = CARTESIAN_POINT ( 'NONE',  ( -4.475344676793219500, 2.406906743079788600, 3.390867562857085500 ) ) ;
#7057 = CYLINDRICAL_SURFACE ( 'NONE', #4811, 1.000000000000000000 ) ;
#7058 = VERTEX_POINT ( 'NONE', #137 ) ;
#7059 = CARTESIAN_POINT ( 'NONE',  ( 6.133248313036694400, -0.5105983995777984000, 0.9045998214170117800 ) ) ;
#7060 = ORIENTED_EDGE ( 'NONE', *, *, #1159, .F. ) ;
#7061 = CARTESIAN_POINT ( 'NONE',  ( 0.3664338688640217400, 2.779999999999999800, -4.101714464797488800 ) ) ;
#7062 = LINE ( 'NONE', #2022, #6749 ) ;
#7063 = CARTESIAN_POINT ( 'NONE',  ( -4.441028868163967600, 2.814368043255621300, 4.045652197861753200 ) ) ;
#7064 = ORIENTED_EDGE ( 'NONE', *, *, #7777, .T. ) ;
#7065 = VECTOR ( 'NONE', #2893, 1000.000000000000100 ) ;
#7066 = VERTEX_POINT ( 'NONE', #5007 ) ;
#7067 = CARTESIAN_POINT ( 'NONE',  ( 0.2664338688640217600, 2.879999999999999900, 4.638502621547047500 ) ) ;
#7068 = EDGE_LOOP ( 'NONE', ( #1641, #1152, #4122, #3233 ) ) ;
#7069 = ADVANCED_FACE ( 'NONE', ( #7722 ), #6444, .T. ) ;
#7070 = LINE ( 'NONE', #1839, #5233 ) ;
#7071 = DIRECTION ( 'NONE',  ( -1.000000000000000000, 0.0000000000000000000, 0.0000000000000000000 ) ) ;
#7072 = DIRECTION ( 'NONE',  ( 1.961413506046831700E-015, -0.8064028636642746100, 0.5913665711502954500 ) ) ;
#7073 = CARTESIAN_POINT ( 'NONE',  ( 2.413857417394557300, -2.649368043255626100, 4.045652197861752300 ) ) ;
#7074 = FACE_OUTER_BOUND ( 'NONE', #2934, .T. ) ;
#7075 = ORIENTED_EDGE ( 'NONE', *, *, #2550, .F. ) ;
#7076 = CARTESIAN_POINT ( 'NONE',  ( -5.855184962834833600, -5.263181610785591300, 0.5509520546897577200 ) ) ;
#7077 = VERTEX_POINT ( 'NONE', #5715 ) ;
#7078 = ADVANCED_FACE ( 'NONE', ( #6869 ), #6412, .F. ) ;
#7079 = LINE ( 'NONE', #7769, #1002 ) ;
#7080 = EDGE_CURVE ( 'NONE', #94, #3075, #8486, .T. ) ;
#7081 = PLANE ( 'NONE',  #8855 ) ;
#7083 = CARTESIAN_POINT ( 'NONE',  ( 5.855184962834835400, -0.4982487474346445300, 0.5509520546897577200 ) ) ;
#7082 = DIRECTION ( 'NONE',  ( 0.9883419278128943200, 0.0000000000000000000, 0.1522505623211007900 ) ) ;
#7084 = ORIENTED_EDGE ( 'NONE', *, *, #7221, .T. ) ;
#7085 = EDGE_CURVE ( 'NONE', #6156, #8258, #6963, .T. ) ;
#7086 = VECTOR ( 'NONE', #5602, 1000.000000000000000 ) ;
#7087 = LINE ( 'NONE', #5070, #7737 ) ;
#7088 = EDGE_CURVE ( 'NONE', #342, #5009, #439, .T. ) ;
#7089 = CARTESIAN_POINT ( 'NONE',  ( -7.058913045251231600, 2.057692400159014700, -9.857354948588744400 ) ) ;
#7090 = DIRECTION ( 'NONE',  ( 0.0000000000000000000, 0.0000000000000000000, -1.000000000000000000 ) ) ;
#7091 = CARTESIAN_POINT ( 'NONE',  ( 4.519156786797970500, -2.686402863664274100, 2.554882703278618500 ) ) ;
#7092 = LINE ( 'NONE', #8835, #3322 ) ;
#7093 = ORIENTED_EDGE ( 'NONE', *, *, #4031, .F. ) ;
#7094 = CARTESIAN_POINT ( 'NONE',  ( 0.0000000000000000000, -1.879999999999999700, -0.7050000000000005200 ) ) ;
#7095 = LINE ( 'NONE', #2015, #7745 ) ;
#7096 = EDGE_CURVE ( 'NONE', #751, #20, #5035, .T. ) ;
#7097 = AXIS2_PLACEMENT_3D ( 'NONE', #961, #3795, #7894 ) ;
#7098 = DIRECTION ( 'NONE',  ( 0.04222409276774593400, 0.5908391699278819900, 0.8056836856166768000 ) ) ;
#7099 = VECTOR ( 'NONE', #5690, 1000.000000000000000 ) ;
#7100 = DIRECTION ( 'NONE',  ( 1.000000000000000000, 2.124908078801903600E-016, -0.0000000000000000000 ) ) ;
#7101 = CARTESIAN_POINT ( 'NONE',  ( 0.0000000000000000000, 0.0000000000000000000, -6.775000000000000400 ) ) ;
#7102 = EDGE_LOOP ( 'NONE', ( #5726, #3991, #8343, #597 ) ) ;
#7103 =( BOUNDED_CURVE ( )  B_SPLINE_CURVE ( 3, ( #5088, #7190, #4420, #914 ),
 .UNSPECIFIED., .F., .F. ) 
 B_SPLINE_CURVE_WITH_KNOTS ( ( 4, 4 ),
 ( 3.864326901403206400, 5.059005820414509600 ),
 .UNSPECIFIED. ) 
 CURVE ( )  GEOMETRIC_REPRESENTATION_ITEM ( )  RATIONAL_B_SPLINE_CURVE ( ( 1.000000000000000000, 0.8845566308302426100, 0.8845566308302426100, 1.000000000000000000 ) ) 
 REPRESENTATION_ITEM ( '' )  );
#7104 = LINE ( 'NONE', #6981, #471 ) ;
#7105 = ORIENTED_EDGE ( 'NONE', *, *, #8213, .F. ) ;
#7106 = DIRECTION ( 'NONE',  ( 1.000000000000000000, -3.011672701348624000E-016, 0.0000000000000000000 ) ) ;
#7107 = EDGE_CURVE ( 'NONE', #3274, #5474, #5130, .T. ) ;
#7108 = DIRECTION ( 'NONE',  ( 3.285461128743965800E-016, 1.000000000000000000, -2.062312011738056300E-017 ) ) ;
#7109 = AXIS2_PLACEMENT_3D ( 'NONE', #8418, #6278, #6977 ) ;
#7110 = ADVANCED_FACE ( 'NONE', ( #5473 ), #8470, .T. ) ;
#7111 = EDGE_CURVE ( 'NONE', #2917, #1270, #339, .T. ) ;
#7112 = ORIENTED_EDGE ( 'NONE', *, *, #1041, .F. ) ;
#7113 = DIRECTION ( 'NONE',  ( 0.0000000000000000000, 0.0000000000000000000, -1.000000000000000000 ) ) ;
#7114 = ADVANCED_FACE ( 'NONE', ( #7291, #224 ), #1552, .F. ) ;
#7115 = PERSON_AND_ORGANIZATION_ROLE ( 'creator' ) ;
#7116 = ORIENTED_EDGE ( 'NONE', *, *, #1784, .T. ) ;
#7117 = CARTESIAN_POINT ( 'NONE',  ( -6.742602780364823200, 0.9378792118435034200, -9.729303005111093600 ) ) ;
#7118 = ORIENTED_EDGE ( 'NONE', *, *, #185, .F. ) ;
#7119 = AXIS2_PLACEMENT_3D ( 'NONE', #3776, #3662, #4521 ) ;
#7120 = EDGE_CURVE ( 'NONE', #1780, #5866, #4821, .T. ) ;
#7121 = ORIENTED_EDGE ( 'NONE', *, *, #1640, .F. ) ;
#7122 = DIRECTION ( 'NONE',  ( 1.000000000000000000, 2.124908078801903600E-016, -0.0000000000000000000 ) ) ;
#7123 = AXIS2_PLACEMENT_3D ( 'NONE', #1417, #4869, #6162 ) ;
#7124 = DIRECTION ( 'NONE',  ( 1.000000000000000000, -3.011672701348624000E-016, 0.0000000000000000000 ) ) ;
#7125 = DIRECTION ( 'NONE',  ( 1.000000000000000000, -3.011672701348624000E-016, 0.0000000000000000000 ) ) ;
#7126 = ORIENTED_EDGE ( 'NONE', *, *, #353, .T. ) ;
#7127 = VERTEX_POINT ( 'NONE', #213 ) ;
#7128 = ORIENTED_EDGE ( 'NONE', *, *, #8521, .T. ) ;
#7129 = EDGE_CURVE ( 'NONE', #8740, #8026, #3942, .T. ) ;
#7130 = FACE_OUTER_BOUND ( 'NONE', #7341, .T. ) ;
#7131 = CARTESIAN_POINT ( 'NONE',  ( -4.549284778476877700, -3.107982024478275700, 1.980006375926675100 ) ) ;
#7132 = CARTESIAN_POINT ( 'NONE',  ( 2.388365252430827200, 2.076906743079793400, 3.461657229482879100 ) ) ;
#7133 = DIRECTION ( 'NONE',  ( -0.0000000000000000000, 1.000000000000000000, -0.0000000000000000000 ) ) ;
#7134 =( BOUNDED_CURVE ( )  B_SPLINE_CURVE ( 3, ( #905, #8544, #995, #7181 ),
 .UNSPECIFIED., .F., .F. ) 
 B_SPLINE_CURVE_WITH_KNOTS ( ( 4, 4 ),
 ( 4.079636539841127200, 4.712388980384739400 ),
 .UNSPECIFIED. ) 
 CURVE ( )  GEOMETRIC_REPRESENTATION_ITEM ( )  RATIONAL_B_SPLINE_CURVE ( ( 1.000000000000000000, 0.9669127352965452000, 0.9669127352965452000, 1.000000000000000000 ) ) 
 REPRESENTATION_ITEM ( '' )  );
#7135 = ORIENTED_EDGE ( 'NONE', *, *, #8053, .T. ) ;
#7136 = CARTESIAN_POINT ( 'NONE',  ( -5.011544198153231400, -2.549999999999999800, -6.840428796107818100 ) ) ;
#7137 = DIRECTION ( 'NONE',  ( 1.961413506046831700E-015, 0.8064028636642746100, -0.5913665711502954500 ) ) ;
#7138 = DIRECTION ( 'NONE',  ( -1.000000000000000000, 0.0000000000000000000, 0.0000000000000000000 ) ) ;
#7139 = ORIENTED_EDGE ( 'NONE', *, *, #5247, .F. ) ;
#7140 = AXIS2_PLACEMENT_3D ( 'NONE', #4683, #7487, #2701 ) ;
#7141 = EDGE_CURVE ( 'NONE', #4047, #7042, #3626, .T. ) ;
#7142 = ORIENTED_EDGE ( 'NONE', *, *, #781, .T. ) ;
#7143 = ORIENTED_EDGE ( 'NONE', *, *, #5711, .T. ) ;
#7144 = CARTESIAN_POINT ( 'NONE',  ( -0.8752570748969376000, -0.8999999999999998000, -4.275000000000001200 ) ) ;
#7145 = ORIENTED_EDGE ( 'NONE', *, *, #5814, .T. ) ;
#7146 = CARTESIAN_POINT ( 'NONE',  ( -3.164787358299299600, -1.150000000000052300, -5.775000000000000400 ) ) ;
#7147 = DIRECTION ( 'NONE',  ( 2.891205793294683100E-014, 0.0000000000000000000, -1.000000000000000000 ) ) ;
#7148 = VERTEX_POINT ( 'NONE', #3058 ) ;
#7149 = CARTESIAN_POINT ( 'NONE',  ( -4.550148995534184100, 2.879999999999999900, 1.963516132128321400 ) ) ;
#7150 = ADVANCED_FACE ( 'NONE', ( #3188 ), #8437, .T. ) ;
#7151 = VECTOR ( 'NONE', #1680, 1000.000000000000000 ) ;
#7152 = EDGE_LOOP ( 'NONE', ( #5350, #5870, #2267, #5910, #5765, #4406, #6406, #2974, #6567 ) ) ;
#7153 = CARTESIAN_POINT ( 'NONE',  ( 5.803248313036694300, 1.270598399577797900, 0.9045998214170119000 ) ) ;
#7154 = DIRECTION ( 'NONE',  ( -0.9986295347545739400, 0.0000000000000000000, -0.05233595624294380700 ) ) ;
#7155 = ORIENTED_EDGE ( 'NONE', *, *, #7676, .T. ) ;
#7156 = VECTOR ( 'NONE', #8842, 1000.000000000000000 ) ;
#7157 = EDGE_CURVE ( 'NONE', #5584, #5434, #1879, .T. ) ;
#7158 = AXIS2_PLACEMENT_3D ( 'NONE', #2643, #8145, #568 ) ;
#7159 = CIRCLE ( 'NONE', #725, 0.1000000000000002600 ) ;
#7160 = DIRECTION ( 'NONE',  ( -0.0000000000000000000, 1.000000000000000000, -0.0000000000000000000 ) ) ;
#7161 = AXIS2_PLACEMENT_3D ( 'NONE', #7373, #2437, #8808 ) ;
#7162 = ORIENTED_EDGE ( 'NONE', *, *, #6371, .F. ) ;
#7163 = ADVANCED_FACE ( 'NONE', ( #2970 ), #1720, .F. ) ;
#7164 = FACE_OUTER_BOUND ( 'NONE', #1153, .T. ) ;
#7165 = ORIENTED_EDGE ( 'NONE', *, *, #4216, .F. ) ;
#7166 = LINE ( 'NONE', #4677, #5339 ) ;
#7167 = ORIENTED_EDGE ( 'NONE', *, *, #7194, .T. ) ;
#7168 = CARTESIAN_POINT ( 'NONE',  ( -6.301548932916465300, 1.228021301603107400, -0.3620892943110485300 ) ) ;
#7169 = DIRECTION ( 'NONE',  ( 1.000000000000000000, -0.0000000000000000000, -0.0000000000000000000 ) ) ;
#7170 = VECTOR ( 'NONE', #966, 1000.000000000000000 ) ;
#7171 = VERTEX_POINT ( 'NONE', #1606 ) ;
#7172 = EDGE_CURVE ( 'NONE', #1154, #3735, #5566, .T. ) ;
#7173 = FACE_OUTER_BOUND ( 'NONE', #946, .T. ) ;
#7174 = ORIENTED_EDGE ( 'NONE', *, *, #4992, .T. ) ;
#7175 = ORIENTED_EDGE ( 'NONE', *, *, #4876, .F. ) ;
#7176 = AXIS2_PLACEMENT_3D ( 'NONE', #4382, #2262, #7138 ) ;
#7177 = ORIENTED_EDGE ( 'NONE', *, *, #4562, .F. ) ;
#7178 = CARTESIAN_POINT ( 'NONE',  ( -2.379911530613749300, -2.307421780275552800, 3.300350607971219900 ) ) ;
#7179 = CYLINDRICAL_SURFACE ( 'NONE', #2062, 0.7299999999999997600 ) ;
#7180 = CARTESIAN_POINT ( 'NONE',  ( 6.133248313036694400, 1.270598399577798300, 0.9045998214170117800 ) ) ;
#7182 = DIRECTION ( 'NONE',  ( -0.0000000000000000000, 1.000000000000000000, -0.0000000000000000000 ) ) ;
#7181 = CARTESIAN_POINT ( 'NONE',  ( -2.367680041067742100, 2.406906743079793500, 3.066959884049310900 ) ) ;
#7183 = LINE ( 'NONE', #374, #8590 ) ;
#7184 = CARTESIAN_POINT ( 'NONE',  ( 5.089999999999999900, -2.879999999999999900, -7.285266083103919200E-016 ) ) ;
#7185 = LINE ( 'NONE', #4633, #897 ) ;
#7186 = EDGE_LOOP ( 'NONE', ( #6999, #3304, #4106, #5838, #5928, #6045 ) ) ;
#7187 = CARTESIAN_POINT ( 'NONE',  ( 0.0000000000000000000, 0.0000000000000000000, -4.275000000000001200 ) ) ;
#7188 = DIRECTION ( 'NONE',  ( -0.05233595624294380700, 0.0000000000000000000, 0.9986295347545739400 ) ) ;
#7189 = FACE_BOUND ( 'NONE', #1188, .T. ) ;
#7190 = CARTESIAN_POINT ( 'NONE',  ( -7.655422218768309900, 2.299127991280990500, -7.714614077381202000 ) ) ;
#7191 = CYLINDRICAL_SURFACE ( 'NONE', #5275, 0.1999999999999992300 ) ;
#7192 = VERTEX_POINT ( 'NONE', #5917 ) ;
#7193 = DIRECTION ( 'NONE',  ( 0.9883419278128943200, 2.976562403592365800E-016, 0.1522505623211007900 ) ) ;
#7194 = EDGE_CURVE ( 'NONE', #4093, #2349, #1107, .T. ) ;
#7195 = ORIENTED_EDGE ( 'NONE', *, *, #1875, .T. ) ;
#7196 = DIRECTION ( 'NONE',  ( 1.000000000000000000, 0.0000000000000000000, 0.0000000000000000000 ) ) ;
#7197 = ADVANCED_FACE ( 'NONE', ( #4358 ), #6534, .T. ) ;
#7198 = FACE_OUTER_BOUND ( 'NONE', #6915, .T. ) ;
#7199 = CARTESIAN_POINT ( 'NONE',  ( 4.519156786797970500, -2.686402863664274100, 2.554882703278618500 ) ) ;
#7200 = DIRECTION ( 'NONE',  ( 0.7479257170867564800, 0.07432208249995191100, 0.6596084821870709100 ) ) ;
#7201 = ORIENTED_EDGE ( 'NONE', *, *, #6882, .T. ) ;
#7202 = VECTOR ( 'NONE', #1368, 1000.000000000000100 ) ;
#7203 = CARTESIAN_POINT ( 'NONE',  ( -6.466548932916465400, 1.226364640949757100, -0.3620892943110485300 ) ) ;
#7205 = DIRECTION ( 'NONE',  ( -1.000000000000000000, 3.011672701348624000E-016, 0.0000000000000000000 ) ) ;
#7204 = CARTESIAN_POINT ( 'NONE',  ( -6.781881027280249400, 1.960327012056418900, -10.72147276799930200 ) ) ;
#7206 = DIRECTION ( 'NONE',  ( 0.0000000000000000000, 0.0000000000000000000, 1.000000000000000000 ) ) ;
#7207 = ORIENTED_EDGE ( 'NONE', *, *, #4967, .T. ) ;
#7208 = EDGE_CURVE ( 'NONE', #931, #3311, #2409, .T. ) ;
#7209 = AXIS2_PLACEMENT_3D ( 'NONE', #772, #5624, #553 ) ;
#7210 = CIRCLE ( 'NONE', #8626, 0.1000000000000000500 ) ;
#7211 = CARTESIAN_POINT ( 'NONE',  ( -0.6647873582993000200, -1.150000000000034800, -4.275000000000001200 ) ) ;
#7212 = CARTESIAN_POINT ( 'NONE',  ( 6.370175333094052500, 2.377266719274018700, -7.021132866443085900 ) ) ;
#7213 = CARTESIAN_POINT ( 'NONE',  ( -2.355283157573256200, -2.484345597614083800, 2.830413255589193000 ) ) ;
#7214 = CARTESIAN_POINT ( 'NONE',  ( -0.6647873582993000200, -1.150000000000034800, -4.275000000000001200 ) ) ;
#7215 = ORIENTED_EDGE ( 'NONE', *, *, #8053, .F. ) ;
#7216 = CARTESIAN_POINT ( 'NONE',  ( 0.0000000000000000000, -2.879999999999999900, 5.534999999999999300 ) ) ;
#7217 = ORIENTED_EDGE ( 'NONE', *, *, #6684, .T. ) ;
#7218 = EDGE_CURVE ( 'NONE', #8271, #2562, #4057, .T. ) ;
#7219 = CARTESIAN_POINT ( 'NONE',  ( 2.355283157573256200, 2.484345597614083800, 2.830413255589193400 ) ) ;
#7220 = AXIS2_PLACEMENT_3D ( 'NONE', #3521, #7011, #6326 ) ;
#7221 = EDGE_CURVE ( 'NONE', #4885, #2837, #2742, .T. ) ;
#7222 = CARTESIAN_POINT ( 'NONE',  ( 1.769999999999999800, 1.879999999999999700, 2.533383294124545200E-016 ) ) ;
#7223 = CARTESIAN_POINT ( 'NONE',  ( -4.446142582605442200, -2.782424515760226300, 3.948076713621953900 ) ) ;
#7224 = AXIS2_PLACEMENT_3D ( 'NONE', #5090, #2365, #916 ) ;
#7225 = CARTESIAN_POINT ( 'NONE',  ( 0.0000000000000000000, 2.779999999999999800, 3.914026416602995400 ) ) ;
#7226 = ORIENTED_EDGE ( 'NONE', *, *, #3308, .T. ) ;
#7227 = ORIENTED_EDGE ( 'NONE', *, *, #7107, .T. ) ;
#7228 = ORIENTED_EDGE ( 'NONE', *, *, #8213, .T. ) ;
#7229 = VECTOR ( 'NONE', #4696, 1000.000000000000000 ) ;
#7230 = EDGE_LOOP ( 'NONE', ( #3899, #5853, #8297, #819, #290, #534, #7521, #3888 ) ) ;
#7231 = DIRECTION ( 'NONE',  ( -1.000000000000000000, 0.0000000000000000000, -1.431289996680534200E-016 ) ) ;
#7232 = PRODUCT_DEFINITION ( 'UNKNOWN', '', #2897, #3730 ) ;
#7233 = ORIENTED_EDGE ( 'NONE', *, *, #1397, .F. ) ;
#7234 = EDGE_LOOP ( 'NONE', ( #8937, #7897, #4669, #737 ) ) ;
#7235 = PLANE ( 'NONE',  #3478 ) ;
#7236 = ADVANCED_FACE ( 'NONE', ( #6214, #1770 ), #7909, .T. ) ;
#7237 = LINE ( 'NONE', #8137, #2694 ) ;
#7238 = AXIS2_PLACEMENT_3D ( 'NONE', #527, #2641, #8108 ) ;
#7239 = ORIENTED_EDGE ( 'NONE', *, *, #3852, .F. ) ;
#7240 = LINE ( 'NONE', #2892, #2806 ) ;
#7241 = CARTESIAN_POINT ( 'NONE',  ( -1.685257074896937500, 1.049999999999965400, -4.275000000000001200 ) ) ;
#7242 = DIRECTION ( 'NONE',  ( 0.04222409276774571200, 0.5908391699278814400, -0.8056836856166773600 ) ) ;
#7243 = EDGE_CURVE ( 'NONE', #5148, #2562, #2301, .T. ) ;
#7244 = DIRECTION ( 'NONE',  ( 0.0000000000000000000, 0.0000000000000000000, -1.000000000000000000 ) ) ;
#7245 = VERTEX_POINT ( 'NONE', #4498 ) ;
#7246 = ORIENTED_EDGE ( 'NONE', *, *, #6938, .T. ) ;
#7247 = CARTESIAN_POINT ( 'NONE',  ( 0.0000000000000000000, -1.879999999999999700, -0.7050000000000007400 ) ) ;
#7248 = EDGE_CURVE ( 'NONE', #4536, #8427, #5986, .T. ) ;
#7249 = DIRECTION ( 'NONE',  ( -1.000000000000000000, -2.628368902995162800E-015, -2.673649675311314200E-016 ) ) ;
#7250 = ADVANCED_FACE ( 'NONE', ( #21 ), #4556, .F. ) ;
#7251 = VERTEX_POINT ( 'NONE', #7286 ) ;
#7252 = VECTOR ( 'NONE', #2619, 1000.000000000000100 ) ;
#7253 = VERTEX_POINT ( 'NONE', #7972 ) ;
#7254 = DIRECTION ( 'NONE',  ( 1.000000000000000000, 0.0000000000000000000, -3.316747347134613200E-015 ) ) ;
#7255 = ORIENTED_EDGE ( 'NONE', *, *, #6741, .F. ) ;
#7256 = CARTESIAN_POINT ( 'NONE',  ( 6.970787788287595700, 1.027768260423342500, -10.10133456699000500 ) ) ;
#7257 = EDGE_CURVE ( 'NONE', #6461, #4863, #2512, .T. ) ;
#7258 = CARTESIAN_POINT ( 'NONE',  ( -6.539999999999999100, 0.6099088255744773400, -3.830697027045894200 ) ) ;
#7259 = ORIENTED_EDGE ( 'NONE', *, *, #3567, .F. ) ;
#7260 = FACE_OUTER_BOUND ( 'NONE', #51, .T. ) ;
#7261 = VERTEX_POINT ( 'NONE', #974 ) ;
#7262 = VECTOR ( 'NONE', #229, 1000.000000000000200 ) ;
#7263 = EDGE_LOOP ( 'NONE', ( #358, #7215, #7239, #4060 ) ) ;
#7264 = EDGE_CURVE ( 'NONE', #7283, #5592, #5674, .T. ) ;
#7265 = AXIS2_PLACEMENT_3D ( 'NONE', #1051, #3768, #933 ) ;
#7266 = LINE ( 'NONE', #400, #1545 ) ;
#7267 = CARTESIAN_POINT ( 'NONE',  ( -6.216252751033518800, 1.216246717905913100, -0.6518287012915965400 ) ) ;
#7269 = PLANE ( 'NONE',  #7097 ) ;
#7268 = CARTESIAN_POINT ( 'NONE',  ( 4.501090542365821200, -2.433603000734843000, 2.899607182722382600 ) ) ;
#7270 = ORIENTED_EDGE ( 'NONE', *, *, #266, .F. ) ;
#7271 = FACE_OUTER_BOUND ( 'NONE', #5626, .T. ) ;
#7272 = CARTESIAN_POINT ( 'NONE',  ( 4.909999999999998400, 1.879999999999999700, -0.7050000000000007400 ) ) ;
#7273 = VECTOR ( 'NONE', #7707, 1000.000000000000000 ) ;
#7274 = VERTEX_POINT ( 'NONE', #3810 ) ;
#7275 = CARTESIAN_POINT ( 'NONE',  ( -6.260000000000000700, -2.549999999999999800, 6.775000000000000400 ) ) ;
#7276 = CARTESIAN_POINT ( 'NONE',  ( 1.769999999999999800, -2.879999999999999900, -0.5249999999999994700 ) ) ;
#7277 = FACE_OUTER_BOUND ( 'NONE', #7759, .T. ) ;
#7278 = ORIENTED_EDGE ( 'NONE', *, *, #798, .T. ) ;
#7279 = CARTESIAN_POINT ( 'NONE',  ( 0.0000000000000000000, 2.779999999999999800, 0.0000000000000000000 ) ) ;
#7280 = LINE ( 'NONE', #1453, #5464 ) ;
#7281 = ORIENTED_EDGE ( 'NONE', *, *, #6039, .T. ) ;
#7282 = EDGE_CURVE ( 'NONE', #5518, #3683, #133, .T. ) ;
#7283 = VERTEX_POINT ( 'NONE', #8162 ) ;
#7284 = PLANE ( 'NONE',  #6595 ) ;
#7285 = EDGE_CURVE ( 'NONE', #5725, #8586, #6081, .T. ) ;
#7286 = CARTESIAN_POINT ( 'NONE',  ( -4.860813622008679500, -2.879999999999999900, -0.7050000000000007400 ) ) ;
#7287 = VECTOR ( 'NONE', #4602, 1000.000000000000000 ) ;
#7288 = VECTOR ( 'NONE', #6889, 1000.000000000000000 ) ;
#7289 = CARTESIAN_POINT ( 'NONE',  ( -4.514944271309693700, -2.218232652604867500, 2.635262287109596100 ) ) ;
#7290 = ADVANCED_FACE ( 'NONE', ( #7074 ), #4692, .T. ) ;
#7291 = FACE_BOUND ( 'NONE', #6304, .T. ) ;
#7292 = DIRECTION ( 'NONE',  ( -2.124908078801903100E-016, 1.000000000000000000, 0.0000000000000000000 ) ) ;
#7293 = ORIENTED_EDGE ( 'NONE', *, *, #3873, .T. ) ;
#7294 = CARTESIAN_POINT ( 'NONE',  ( -5.089999999999999900, 2.879999999999999900, -0.5249999999999995800 ) ) ;
#7295 = VERTEX_POINT ( 'NONE', #8062 ) ;
#7296 = LINE ( 'NONE', #4353, #8273 ) ;
#7297 = AXIS2_PLACEMENT_3D ( 'NONE', #1399, #1371, #4092 ) ;
#7298 = EDGE_CURVE ( 'NONE', #8117, #5492, #556, .T. ) ;
#7299 = VECTOR ( 'NONE', #5806, 1000.000000000000000 ) ;
#7300 = ORIENTED_EDGE ( 'NONE', *, *, #748, .F. ) ;
#7301 = AXIS2_PLACEMENT_3D ( 'NONE', #7917, #4474, #1110 ) ;
#7302 = DIRECTION ( 'NONE',  ( -1.000000000000000000, 2.628368902995162800E-015, -2.673649675311314200E-016 ) ) ;
#7303 = ADVANCED_FACE ( 'NONE', ( #3617 ), #6072, .T. ) ;
#7304 = DIRECTION ( 'NONE',  ( 1.000000000000000000, 0.0000000000000000000, 0.0000000000000000000 ) ) ;
#7306 = PLANE ( 'NONE',  #7265 ) ;
#7305 = CARTESIAN_POINT ( 'NONE',  ( 1.835212641700700000, -1.150000000000017200, -5.775000000000000400 ) ) ;
#7307 = VECTOR ( 'NONE', #663, 1000.000000000000000 ) ;
#7308 = EDGE_CURVE ( 'NONE', #5997, #3494, #6206, .T. ) ;
#7309 = VECTOR ( 'NONE', #4632, 1000.000000000000000 ) ;
#7310 = CARTESIAN_POINT ( 'NONE',  ( -5.360059963454983000, 0.0000000000000000000, -4.275000000000001200 ) ) ;
#7311 = VECTOR ( 'NONE', #5386, 1000.000000000000000 ) ;
#7312 = CARTESIAN_POINT ( 'NONE',  ( -2.402782751676284500, 2.218232652604873700, 3.736759503280683100 ) ) ;
#7313 = DIRECTION ( 'NONE',  ( -1.000000000000000000, 0.0000000000000000000, 0.0000000000000000000 ) ) ;
#7314 = ORIENTED_EDGE ( 'NONE', *, *, #8082, .F. ) ;
#7315 = CARTESIAN_POINT ( 'NONE',  ( 2.402782751676284500, -2.218232652604873200, 3.736759503280682600 ) ) ;
#7316 = LINE ( 'NONE', #4955, #3746 ) ;
#7317 = AXIS2_PLACEMENT_3D ( 'NONE', #3557, #4245, #2789 ) ;
#7318 = EDGE_CURVE ( 'NONE', #2936, #6694, #1338, .T. ) ;
#7319 = DIRECTION ( 'NONE',  ( -1.000000000000000000, 0.0000000000000000000, 0.0000000000000000000 ) ) ;
#7320 = VECTOR ( 'NONE', #3548, 1000.000000000000000 ) ;
#7321 = ORIENTED_EDGE ( 'NONE', *, *, #896, .T. ) ;
#7322 = CARTESIAN_POINT ( 'NONE',  ( -4.444646733830311700, -2.803355836972911200, 3.976619208564394500 ) ) ;
#7323 = LINE ( 'NONE', #1409, #7860 ) ;
#7324 = ORIENTED_EDGE ( 'NONE', *, *, #7947, .T. ) ;
#7325 = DIRECTION ( 'NONE',  ( 0.0000000000000000000, -1.000000000000000000, 0.0000000000000000000 ) ) ;
#7326 = CARTESIAN_POINT ( 'NONE',  ( -6.089999999999998100, -0.7200000000000000800, 4.174999999999999800 ) ) ;
#7327 = ORIENTED_EDGE ( 'NONE', *, *, #1416, .F. ) ;
#7328 = EDGE_LOOP ( 'NONE', ( #2578, #5047, #862, #8584 ) ) ;
#7329 = CARTESIAN_POINT ( 'NONE',  ( -6.289999999999999100, 3.128659157688541200, -0.3525249755142022500 ) ) ;
#7330 = CARTESIAN_POINT ( 'NONE',  ( 4.492319958932258200, -2.076906743079788500, 3.066959884049311700 ) ) ;
#7331 = DIRECTION ( 'NONE',  ( 1.000000000000000000, -2.628368902995162400E-015, -2.673649675311314200E-016 ) ) ;
#7332 = EDGE_CURVE ( 'NONE', #5194, #5005, #1555, .T. ) ;
#7333 = AXIS2_PLACEMENT_3D ( 'NONE', #7222, #1039, #6451 ) ;
#7334 = CARTESIAN_POINT ( 'NONE',  ( -5.360059963454983000, 0.0000000000000000000, 6.774999999999999500 ) ) ;
#7335 = DIRECTION ( 'NONE',  ( 1.000000000000000000, 3.285461128743965400E-016, 0.0000000000000000000 ) ) ;
#7336 = ORIENTED_EDGE ( 'NONE', *, *, #8959, .T. ) ;
#7337 = ORIENTED_EDGE ( 'NONE', *, *, #4591, .F. ) ;
#7338 = VERTEX_POINT ( 'NONE', #8860 ) ;
#7339 = CARTESIAN_POINT ( 'NONE',  ( -4.590000000000000700, -2.449999999999999700, -5.775000000000000400 ) ) ;
#7340 = ADVANCED_FACE ( 'NONE', ( #4253 ), #478, .F. ) ;
#7341 = EDGE_LOOP ( 'NONE', ( #6356, #8120, #4832, #7051 ) ) ;
#7342 = VERTEX_POINT ( 'NONE', #2523 ) ;
#7343 = VERTEX_POINT ( 'NONE', #548 ) ;
#7344 = CARTESIAN_POINT ( 'NONE',  ( -4.500526772064236300, -2.076906743079788500, 2.910364560907399600 ) ) ;
#7345 = VECTOR ( 'NONE', #4787, 1000.000000000000000 ) ;
#7346 = EDGE_CURVE ( 'NONE', #3022, #8475, #6313, .T. ) ;
#7347 = CARTESIAN_POINT ( 'NONE',  ( -3.164787358299299600, -1.150000000000052300, -4.275000000000001200 ) ) ;
#7348 = AXIS2_PLACEMENT_3D ( 'NONE', #6787, #3250, #1247 ) ;
#7349 = CARTESIAN_POINT ( 'NONE',  ( -5.089999999999999900, 1.879999999999999700, -0.5249999999999995800 ) ) ;
#7350 = ORIENTED_EDGE ( 'NONE', *, *, #158, .F. ) ;
#7351 = DIRECTION ( 'NONE',  ( 1.000000000000000000, 2.628368902995162400E-015, -2.673649675311314200E-016 ) ) ;
#7352 = ORIENTED_EDGE ( 'NONE', *, *, #4084, .F. ) ;
#7353 = CYLINDRICAL_SURFACE ( 'NONE', #6204, 0.7299999999999997600 ) ;
#7354 = DIRECTION ( 'NONE',  ( 0.0000000000000000000, 0.0000000000000000000, -1.000000000000000000 ) ) ;
#7355 = CARTESIAN_POINT ( 'NONE',  ( -6.143516044474752700, 1.224707980296407600, -0.4095298483842159100 ) ) ;
#7356 = CARTESIAN_POINT ( 'NONE',  ( 6.259999999999998900, 2.549999999999999800, -6.775000000000000400 ) ) ;
#7357 = DIRECTION ( 'NONE',  ( 0.0000000000000000000, 0.0000000000000000000, 1.000000000000000000 ) ) ;
#7358 = ORIENTED_EDGE ( 'NONE', *, *, #2514, .T. ) ;
#7359 = ORIENTED_EDGE ( 'NONE', *, *, #6305, .F. ) ;
#7360 = PLANE ( 'NONE',  #6227 ) ;
#7361 = CARTESIAN_POINT ( 'NONE',  ( 0.8147429251030625700, -1.150000000000017500, -4.275000000000001200 ) ) ;
#7362 = EDGE_LOOP ( 'NONE', ( #5111, #3112, #174, #1287 ) ) ;
#7363 = VECTOR ( 'NONE', #4460, 1000.000000000000000 ) ;
#7364 = EDGE_CURVE ( 'NONE', #7445, #3380, #4808, .T. ) ;
#7365 = ORIENTED_EDGE ( 'NONE', *, *, #2752, .F. ) ;
#7366 = LINE ( 'NONE', #2793, #5646 ) ;
#7367 = ORIENTED_EDGE ( 'NONE', *, *, #2082, .T. ) ;
#7368 = EDGE_CURVE ( 'NONE', #5177, #2595, #7714, .T. ) ;
#7369 = CARTESIAN_POINT ( 'NONE',  ( -4.590000000000000700, -2.449999999999999700, -5.775000000000000400 ) ) ;
#7370 = EDGE_LOOP ( 'NONE', ( #6624, #732, #3011, #6861 ) ) ;
#7371 = VECTOR ( 'NONE', #4604, 1000.000000000000000 ) ;
#7372 = DIRECTION ( 'NONE',  ( 1.000000000000000000, 0.0000000000000000000, 0.0000000000000000000 ) ) ;
#7373 = CARTESIAN_POINT ( 'NONE',  ( 1.950000000000000000, -2.879999999999999900, -0.5250000000000005800 ) ) ;
#7374 = CARTESIAN_POINT ( 'NONE',  ( 2.380158439298849100, 2.406906743079792600, 3.305061906340967400 ) ) ;
#7375 = CARTESIAN_POINT ( 'NONE',  ( -1.475257074896937400, -1.150000000000035000, -4.275000000000001200 ) ) ;
#7376 = VECTOR ( 'NONE', #3430, 1000.000000000000000 ) ;
#7377 = ORIENTED_EDGE ( 'NONE', *, *, #1560, .F. ) ;
#7378 = DIRECTION ( 'NONE',  ( -1.000000000000000000, 3.011672701348624000E-016, 0.0000000000000000000 ) ) ;
#7379 = VECTOR ( 'NONE', #2725, 1000.000000000000000 ) ;
#7380 = ORIENTED_EDGE ( 'NONE', *, *, #8384, .T. ) ;
#7381 = CARTESIAN_POINT ( 'NONE',  ( -6.854841906615510200, 2.067001037576713600, -9.774740791506664200 ) ) ;
#7382 = LINE ( 'NONE', #7272, #7913 ) ;
#7383 = VERTEX_POINT ( 'NONE', #6804 ) ;
#7384 = EDGE_CURVE ( 'NONE', #7881, #90, #8025, .T. ) ;
#7385 = ADVANCED_FACE ( 'NONE', ( #4921 ), #6747, .T. ) ;
#7386 = FACE_OUTER_BOUND ( 'NONE', #4119, .T. ) ;
#7387 = CARTESIAN_POINT ( 'NONE',  ( 4.860813622008679500, -1.879999999999999700, -0.7050000000000007400 ) ) ;
#7388 = CARTESIAN_POINT ( 'NONE',  ( 4.909999999999998400, 2.879999999999999900, -0.7050000000000007400 ) ) ;
#7389 = VECTOR ( 'NONE', #2063, 1000.000000000000000 ) ;
#7390 = ORIENTED_EDGE ( 'NONE', *, *, #6632, .F. ) ;
#7391 = CARTESIAN_POINT ( 'NONE',  ( 6.771417742933397900, 1.960711421997531200, -10.71806112977188600 ) ) ;
#7392 = VECTOR ( 'NONE', #2341, 1000.000000000000000 ) ;
#7393 = VERTEX_POINT ( 'NONE', #449 ) ;
#7394 = DIRECTION ( 'NONE',  ( -2.124908078801903100E-016, 1.000000000000000000, 0.0000000000000000000 ) ) ;
#7395 = DIRECTION ( 'NONE',  ( 0.04222409276774569800, -0.5908391699278817700, 0.8056836856166770300 ) ) ;
#7396 = ORIENTED_EDGE ( 'NONE', *, *, #5447, .F. ) ;
#7397 = VECTOR ( 'NONE', #4435, 1000.000000000000200 ) ;
#7398 = DIRECTION ( 'NONE',  ( 0.0000000000000000000, -1.000000000000000000, 0.0000000000000000000 ) ) ;
#7399 = LINE ( 'NONE', #3975, #1117 ) ;
#7400 = DIRECTION ( 'NONE',  ( 3.009838071711635500E-016, 0.9993908270190957600, -0.03489949670250110100 ) ) ;
#7401 = EDGE_CURVE ( 'NONE', #8133, #4806, #988, .T. ) ;
#7402 = AXIS2_PLACEMENT_3D ( 'NONE', #1281, #8754, #1951 ) ;
#7403 = CARTESIAN_POINT ( 'NONE',  ( -4.500526772064236300, 2.076906743079788500, 2.910364560907399600 ) ) ;
#7404 = EDGE_CURVE ( 'NONE', #1457, #8278, #3177, .T. ) ;
#7405 = VECTOR ( 'NONE', #2900, 1000.000000000000000 ) ;
#7406 = ORIENTED_EDGE ( 'NONE', *, *, #2244, .F. ) ;
#7407 = DIRECTION ( 'NONE',  ( 0.0000000000000000000, 0.0000000000000000000, -1.000000000000000000 ) ) ;
#7408 = AXIS2_PLACEMENT_3D ( 'NONE', #8407, #6354, #6290 ) ;
#7409 = VECTOR ( 'NONE', #2479, 1000.000000000000000 ) ;
#7410 = CARTESIAN_POINT ( 'NONE',  ( -6.459581821358177000, -5.263181610785591300, -0.3146487402378808100 ) ) ;
#7411 = CARTESIAN_POINT ( 'NONE',  ( 6.589999999999999000, -1.972096060217325800E-015, 4.037451760663493900 ) ) ;
#7412 = LINE ( 'NONE', #4108, #799 ) ;
#7413 =( BOUNDED_CURVE ( )  B_SPLINE_CURVE ( 3, ( #3709, #1621, #3079, #7091 ),
 .UNSPECIFIED., .F., .F. ) 
 B_SPLINE_CURVE_WITH_KNOTS ( ( 4, 4 ),
 ( 1.570796326794896600, 2.203548767338511000 ),
 .UNSPECIFIED. ) 
 CURVE ( )  GEOMETRIC_REPRESENTATION_ITEM ( )  RATIONAL_B_SPLINE_CURVE ( ( 1.000000000000000000, 0.9669127352965448700, 0.9669127352965448700, 1.000000000000000000 ) ) 
 REPRESENTATION_ITEM ( '' )  );
#7414 = CARTESIAN_POINT ( 'NONE',  ( -4.538906785764352100, 2.880000000000000300, 2.178030273418613200 ) ) ;
#7415 = VERTEX_POINT ( 'NONE', #9 ) ;
#7416 = CARTESIAN_POINT ( 'NONE',  ( -6.260000000000000700, 2.549999999999999800, -0.7050000000000007400 ) ) ;
#7417 = CARTESIAN_POINT ( 'NONE',  ( 6.811409716464076800, 2.406906743079781900, 3.066959884049312200 ) ) ;
#7418 = LINE ( 'NONE', #8085, #5147 ) ;
#7419 = ORIENTED_EDGE ( 'NONE', *, *, #2309, .T. ) ;
#7420 = VECTOR ( 'NONE', #1384, 1000.000000000000000 ) ;
#7421 = AXIS2_PLACEMENT_3D ( 'NONE', #4847, #2111, #6946 ) ;
#7422 = CARTESIAN_POINT ( 'NONE',  ( -3.975257074896937100, -1.150000000000052500, -4.275000000000001200 ) ) ;
#7423 = PLANE ( 'NONE',  #6272 ) ;
#7424 = CARTESIAN_POINT ( 'NONE',  ( 6.089999999999998100, 1.380000000000000100, -3.249120853379041000E-031 ) ) ;
#7425 = EDGE_CURVE ( 'NONE', #1154, #5133, #6754, .T. ) ;
#7426 = CARTESIAN_POINT ( 'NONE',  ( 6.956877475932895300, 2.062346718867885900, -9.816047870047510700 ) ) ;
#7427 = ADVANCED_FACE ( 'NONE', ( #8695 ), #3400, .F. ) ;
#7428 = LINE ( 'NONE', #1650, #5591 ) ;
#7429 = VERTEX_POINT ( 'NONE', #4852 ) ;
#7430 = VECTOR ( 'NONE', #3335, 1000.000000000000000 ) ;
#7431 = CARTESIAN_POINT ( 'NONE',  ( 5.803248313036694300, 1.274052472180229300, 1.003511519317803500 ) ) ;
#7432 = DIRECTION ( 'NONE',  ( 0.0000000000000000000, 0.5913665711502950100, 0.8064028636642748300 ) ) ;
#7433 = CARTESIAN_POINT ( 'NONE',  ( -5.089999999999999900, -2.879999999999999900, -7.285266083103919200E-016 ) ) ;
#7434 = EDGE_LOOP ( 'NONE', ( #2388, #2432, #3232, #4877, #1923, #6606, #5427, #6614, #4151, #4112, #64, #2102 ) ) ;
#7435 = CARTESIAN_POINT ( 'NONE',  ( -5.817587741826835100, -0.5205920215341464100, 1.190779710972766000 ) ) ;
#7436 = ADVANCED_FACE ( 'NONE', ( #6527 ), #2731, .F. ) ;
#7437 = FACE_OUTER_BOUND ( 'NONE', #3837, .T. ) ;
#7438 = EDGE_CURVE ( 'NONE', #2968, #1305, #8256, .T. ) ;
#7439 = DIRECTION ( 'NONE',  ( -3.009838071711635500E-016, -0.9993908270190957600, -0.03489949670250107300 ) ) ;
#7440 = CARTESIAN_POINT ( 'NONE',  ( 4.589999999999999000, -2.449999999999999700, -5.775000000000000400 ) ) ;
#7441 =( BOUNDED_CURVE ( )  B_SPLINE_CURVE ( 3, ( #3121, #2471, #3248, #5329 ),
 .UNSPECIFIED., .F., .F. ) 
 B_SPLINE_CURVE_WITH_KNOTS ( ( 4, 4 ),
 ( 4.079636539841074800, 4.712388980384689700 ),
 .UNSPECIFIED. ) 
 CURVE ( )  GEOMETRIC_REPRESENTATION_ITEM ( )  RATIONAL_B_SPLINE_CURVE ( ( 1.000000000000000000, 0.9669127352965448700, 0.9669127352965448700, 1.000000000000000000 ) ) 
 REPRESENTATION_ITEM ( '' )  );
#7442 = CARTESIAN_POINT ( 'NONE',  ( -4.475344676793219500, -2.406906743079788600, 3.390867562857085500 ) ) ;
#7443 = ORIENTED_EDGE ( 'NONE', *, *, #5720, .T. ) ;
#7444 = CARTESIAN_POINT ( 'NONE',  ( 3.724742925103062600, -1.149999999999999700, -9.324999999999995700 ) ) ;
#7445 = VERTEX_POINT ( 'NONE', #584 ) ;
#7446 = DIRECTION ( 'NONE',  ( 1.000000000000000000, -2.628368902995162400E-015, -2.673649675311314200E-016 ) ) ;
#7447 = CARTESIAN_POINT ( 'NONE',  ( 6.589999999999999900, -2.879999999999999900, -6.775000000000000400 ) ) ;
#7448 = CARTESIAN_POINT ( 'NONE',  ( 6.811409716464075900, -2.076906743079782300, 3.066959884049312200 ) ) ;
#7449 = CARTESIAN_POINT ( 'NONE',  ( 6.539999999999999100, 0.6099088255744773400, -3.371594611156200700 ) ) ;
#7450 = VERTEX_POINT ( 'NONE', #4087 ) ;
#7451 = ORIENTED_EDGE ( 'NONE', *, *, #7468, .T. ) ;
#7452 = EDGE_LOOP ( 'NONE', ( #1529, #2058, #5819, #7476 ) ) ;
#7453 = CARTESIAN_POINT ( 'NONE',  ( 5.803248313036694300, 1.279836792125852200, 1.169152770350096800 ) ) ;
#7454 = ORIENTED_EDGE ( 'NONE', *, *, #8620, .F. ) ;
#7455 = EDGE_CURVE ( 'NONE', #8725, #6094, #7924, .T. ) ;
#7456 = CARTESIAN_POINT ( 'NONE',  ( 2.361327932896679600, 2.076906743079793800, 2.945754439782032600 ) ) ;
#7457 = DIRECTION ( 'NONE',  ( 0.0000000000000000000, 0.0000000000000000000, -1.000000000000000000 ) ) ;
#7458 = CARTESIAN_POINT ( 'NONE',  ( -5.089999999999999900, -1.879999999999999700, -0.5249999999999995800 ) ) ;
#7459 = CARTESIAN_POINT ( 'NONE',  ( 6.371725516837170000, 2.377112676056338400, -7.022500000000000000 ) ) ;
#7460 = VERTEX_POINT ( 'NONE', #6871 ) ;
#7461 = ORIENTED_EDGE ( 'NONE', *, *, #7533, .F. ) ;
#7462 = DIRECTION ( 'NONE',  ( 3.401418580346680800E-016, -1.000000000000000000, 0.0000000000000000000 ) ) ;
#7463 = LINE ( 'NONE', #6330, #629 ) ;
#7464 = CARTESIAN_POINT ( 'NONE',  ( 1.950000000000000000, -2.549999999999999800, -0.5250000000000005800 ) ) ;
#7465 = EDGE_LOOP ( 'NONE', ( #8345, #5118, #4163, #4388 ) ) ;
#7466 = VECTOR ( 'NONE', #4278, 1000.000000000000000 ) ;
#7467 = DIRECTION ( 'NONE',  ( -1.000000000000000000, 0.0000000000000000000, 0.0000000000000000000 ) ) ;
#7468 = EDGE_CURVE ( 'NONE', #4785, #8240, #2844, .T. ) ;
#7469 = CARTESIAN_POINT ( 'NONE',  ( -2.367680041067742100, 2.406906743079793500, 3.066959884049310900 ) ) ;
#7470 = ORIENTED_EDGE ( 'NONE', *, *, #1875, .F. ) ;
#7471 = VERTEX_POINT ( 'NONE', #3455 ) ;
#7472 = DIRECTION ( 'NONE',  ( -0.9986295347545739400, 0.0000000000000000000, -0.05233595624294380700 ) ) ;
#7473 = ORIENTED_EDGE ( 'NONE', *, *, #895, .F. ) ;
#7474 = CIRCLE ( 'NONE', #2777, 0.1799999999999999400 ) ;
#7475 = ORIENTED_EDGE ( 'NONE', *, *, #5814, .F. ) ;
#7476 = ORIENTED_EDGE ( 'NONE', *, *, #250, .T. ) ;
#7477 = ORIENTED_EDGE ( 'NONE', *, *, #6625, .F. ) ;
#7478 = DIRECTION ( 'NONE',  ( -3.009838071711635500E-016, -0.9993908270190957600, 0.03489949670250110800 ) ) ;
#7479 = ADVANCED_FACE ( 'NONE', ( #4142 ), #7504, .F. ) ;
#7480 = CARTESIAN_POINT ( 'NONE',  ( -2.367680041067741700, 2.076906743079793800, 3.066959884049310900 ) ) ;
#7481 = PLANE ( 'NONE',  #5619 ) ;
#7482 = ORIENTED_EDGE ( 'NONE', *, *, #585, .F. ) ;
#7483 = FACE_OUTER_BOUND ( 'NONE', #2197, .T. ) ;
#7484 = CARTESIAN_POINT ( 'NONE',  ( 7.079320159114852000, 2.056761536417242900, -9.865616364296968800 ) ) ;
#7485 = ORIENTED_EDGE ( 'NONE', *, *, #8223, .F. ) ;
#7486 = VERTEX_POINT ( 'NONE', #4823 ) ;
#7487 = DIRECTION ( 'NONE',  ( -0.0000000000000000000, 0.0000000000000000000, 1.000000000000000000 ) ) ;
#7488 = LINE ( 'NONE', #4802, #8357 ) ;
#7489 = AXIS2_PLACEMENT_3D ( 'NONE', #6795, #8912, #8967 ) ;
#7490 = EDGE_CURVE ( 'NONE', #2827, #4047, #5027, .T. ) ;
#7491 = ORIENTED_EDGE ( 'NONE', *, *, #56, .T. ) ;
#7492 = DIRECTION ( 'NONE',  ( 2.168404344971009500E-014, 0.0000000000000000000, -1.000000000000000000 ) ) ;
#7493 = LINE ( 'NONE', #735, #4688 ) ;
#7494 = CARTESIAN_POINT ( 'NONE',  ( -6.969868514310958200, 2.404999999999999800, -8.043345873256793500 ) ) ;
#7495 = ORIENTED_EDGE ( 'NONE', *, *, #4050, .T. ) ;
#7496 = DIRECTION ( 'NONE',  ( 1.000000000000000000, -3.011672701348624000E-016, 0.0000000000000000000 ) ) ;
#7497 = DIRECTION ( 'NONE',  ( -0.0000000000000000000, 1.000000000000000000, -0.0000000000000000000 ) ) ;
#7498 = LINE ( 'NONE', #3306, #8143 ) ;
#7499 = VERTEX_POINT ( 'NONE', #5455 ) ;
#7500 = LINE ( 'NONE', #3501, #2395 ) ;
#7501 = CARTESIAN_POINT ( 'NONE',  ( 0.2664338688640217600, 2.879999999999999900, 4.638502621547047500 ) ) ;
#7502 = ORIENTED_EDGE ( 'NONE', *, *, #2628, .T. ) ;
#7503 = CARTESIAN_POINT ( 'NONE',  ( 4.514944271309695400, 2.218232652604867500, 2.635262287109596500 ) ) ;
#7504 = CYLINDRICAL_SURFACE ( 'NONE', #6369, 0.1800000000000003500 ) ;
#7505 = DIRECTION ( 'NONE',  ( -2.376333528735352900E-015, 1.000000000000000000, 0.0000000000000000000 ) ) ;
#7506 = ORIENTED_EDGE ( 'NONE', *, *, #3987, .F. ) ;
#7507 = VERTEX_POINT ( 'NONE', #4059 ) ;
#7508 = DIRECTION ( 'NONE',  ( -1.000000000000000000, 0.0000000000000000000, 0.0000000000000000000 ) ) ;
#7509 = LINE ( 'NONE', #7999, #6419 ) ;
#7510 = DIRECTION ( 'NONE',  ( 1.000000000000000000, 2.124908078801903600E-016, -0.0000000000000000000 ) ) ;
#7511 = LINE ( 'NONE', #2580, #2966 ) ;
#7512 = CARTESIAN_POINT ( 'NONE',  ( 1.424742925103062800, -0.8999999999999998000, -9.324999999999995700 ) ) ;
#7513 = VECTOR ( 'NONE', #5264, 1000.000000000000000 ) ;
#7514 = ORIENTED_EDGE ( 'NONE', *, *, #2736, .T. ) ;
#7515 = EDGE_CURVE ( 'NONE', #7565, #7261, #6415, .T. ) ;
#7516 = AXIS2_PLACEMENT_3D ( 'NONE', #7977, #454, #5950 ) ;
#7517 = DIRECTION ( 'NONE',  ( 1.000000000000000000, -2.628368902995162400E-015, -2.673649675311314200E-016 ) ) ;
#7518 = ORIENTED_EDGE ( 'NONE', *, *, #3858, .F. ) ;
#7519 = DIRECTION ( 'NONE',  ( 1.000000000000000000, 0.0000000000000000000, 0.0000000000000000000 ) ) ;
#7520 = DIRECTION ( 'NONE',  ( 2.124908078801903100E-016, -1.000000000000000000, -0.0000000000000000000 ) ) ;
#7521 = ORIENTED_EDGE ( 'NONE', *, *, #8798, .F. ) ;
#7522 = DIRECTION ( 'NONE',  ( 0.0000000000000000000, 0.1119675341219745900, -0.9937118653325239800 ) ) ;
#7523 = LINE ( 'NONE', #3415, #2307 ) ;
#7524 = CARTESIAN_POINT ( 'NONE',  ( 7.089523716046685700, 2.056296104546355700, -9.869747072151094300 ) ) ;
#7525 = FACE_OUTER_BOUND ( 'NONE', #2300, .T. ) ;
#7526 = CARTESIAN_POINT ( 'NONE',  ( -1.475257074896937400, -1.149999999999999900, -9.124999999999998200 ) ) ;
#7527 = ORIENTED_EDGE ( 'NONE', *, *, #5259, .F. ) ;
#7528 = CARTESIAN_POINT ( 'NONE',  ( -13.67140971646411700, 2.782424515760201900, 3.948076713621956600 ) ) ;
#7529 = FACE_OUTER_BOUND ( 'NONE', #4252, .T. ) ;
#7530 = DIRECTION ( 'NONE',  ( 0.05233595624294380700, -1.956469775142901400E-015, 0.9986295347545739400 ) ) ;
#7531 = EDGE_CURVE ( 'NONE', #8660, #5412, #7814, .T. ) ;
#7532 = AXIS2_PLACEMENT_3D ( 'NONE', #829, #165, #7791 ) ;
#7533 = EDGE_CURVE ( 'NONE', #7713, #8539, #877, .T. ) ;
#7534 = VECTOR ( 'NONE', #3100, 1000.000000000000000 ) ;
#7535 = CARTESIAN_POINT ( 'NONE',  ( -6.590000000000029200, 2.879999999999999900, 1.963516132128314600 ) ) ;
#7536 = ADVANCED_FACE ( 'NONE', ( #3074 ), #4136, .T. ) ;
#7537 = DIRECTION ( 'NONE',  ( 0.0000000000000000000, -1.084202172485501700E-015, 1.000000000000000000 ) ) ;
#7538 = FACE_OUTER_BOUND ( 'NONE', #766, .T. ) ;
#7539 = ORIENTED_EDGE ( 'NONE', *, *, #1896, .F. ) ;
#7540 = CARTESIAN_POINT ( 'NONE',  ( 7.058913045251232500, 0.9523075998409842300, -9.857354948588740800 ) ) ;
#7541 = VECTOR ( 'NONE', #2850, 1000.000000000000000 ) ;
#7542 = DIRECTION ( 'NONE',  ( 0.0000000000000000000, -1.000000000000000000, 0.0000000000000000000 ) ) ;
#7543 = CYLINDRICAL_SURFACE ( 'NONE', #2413, 0.4000000000000001900 ) ;
#7544 = VERTEX_POINT ( 'NONE', #4783 ) ;
#7545 = DIRECTION ( 'NONE',  ( 1.000000000000000000, -0.0000000000000000000, -0.0000000000000000000 ) ) ;
#7546 = DIRECTION ( 'NONE',  ( -1.000000000000000000, 0.0000000000000000000, 0.0000000000000000000 ) ) ;
#7547 = LINE ( 'NONE', #3999, #6566 ) ;
#7548 = CARTESIAN_POINT ( 'NONE',  ( -2.200902539776424100, -2.879999999999999900, -0.1153444145280875900 ) ) ;
#7549 = EDGE_LOOP ( 'NONE', ( #206, #5644, #5701, #7278 ) ) ;
#7550 = CARTESIAN_POINT ( 'NONE',  ( 6.589999999999999000, 0.6099088255744773400, -3.830697027045894200 ) ) ;
#7551 = EDGE_CURVE ( 'NONE', #8529, #2801, #4464, .T. ) ;
#7552 = CARTESIAN_POINT ( 'NONE',  ( -1.685257074896937500, -1.150000000000035000, -4.275000000000001200 ) ) ;
#7553 = CARTESIAN_POINT ( 'NONE',  ( 6.956877475933082700, 2.062346718867877000, -9.816047870047587100 ) ) ;
#7554 = ORIENTED_EDGE ( 'NONE', *, *, #4846, .F. ) ;
#7555 = CARTESIAN_POINT ( 'NONE',  ( 0.0000000000000000000, 2.879999999999999900, -0.7050000000000005200 ) ) ;
#7556 = EDGE_CURVE ( 'NONE', #6510, #4678, #2199, .T. ) ;
#7557 = DIRECTION ( 'NONE',  ( -6.575096806820984800E-017, -0.0000000000000000000, -1.000000000000000000 ) ) ;
#7558 = CARTESIAN_POINT ( 'NONE',  ( 4.435915153722492100, -2.516311570751015700, 4.143227682101552600 ) ) ;
#7559 = CARTESIAN_POINT ( 'NONE',  ( -4.479841560701152600, -2.076906743079788100, 3.305061906340967400 ) ) ;
#7560 = DIRECTION ( 'NONE',  ( 0.0000000000000000000, -0.5913665711502953400, 0.8064028636642744900 ) ) ;
#7561 = DIRECTION ( 'NONE',  ( 0.0000000000000000000, 0.0000000000000000000, -1.000000000000000000 ) ) ;
#7562 =( BOUNDED_CURVE ( )  B_SPLINE_CURVE ( 3, ( #4324, #170, #1676, #2347 ),
 .UNSPECIFIED., .F., .F. ) 
 B_SPLINE_CURVE_WITH_KNOTS ( ( 4, 4 ),
 ( 4.712388980384639900, 5.345141420928253100 ),
 .UNSPECIFIED. ) 
 CURVE ( )  GEOMETRIC_REPRESENTATION_ITEM ( )  RATIONAL_B_SPLINE_CURVE ( ( 1.000000000000000000, 0.9669127352965449800, 0.9669127352965449800, 1.000000000000000000 ) ) 
 REPRESENTATION_ITEM ( '' )  );
#7563 = EDGE_CURVE ( 'NONE', #541, #763, #5511, .T. ) ;
#7564 = VERTEX_POINT ( 'NONE', #4940 ) ;
#7565 = VERTEX_POINT ( 'NONE', #800 ) ;
#7566 = PLANE ( 'NONE',  #4389 ) ;
#7567 = ORIENTED_EDGE ( 'NONE', *, *, #4, .T. ) ;
#7568 = DIRECTION ( 'NONE',  ( 0.0000000000000000000, -1.000000000000000000, 0.0000000000000000000 ) ) ;
#7569 = EDGE_CURVE ( 'NONE', #7383, #7888, #3828, .T. ) ;
#7570 = DIRECTION ( 'NONE',  ( 0.0000000000000000000, 1.000000000000000000, 0.0000000000000000000 ) ) ;
#7571 = ORIENTED_EDGE ( 'NONE', *, *, #6664, .T. ) ;
#7572 = ORIENTED_EDGE ( 'NONE', *, *, #5893, .T. ) ;
#7573 = VERTEX_POINT ( 'NONE', #7067 ) ;
#7574 = VECTOR ( 'NONE', #5994, 1000.000000000000000 ) ;
#7575 = CARTESIAN_POINT ( 'NONE',  ( -6.662437167845355100, 1.015711742998978200, -9.983625726442781500 ) ) ;
#7576 = ADVANCED_FACE ( 'NONE', ( #8150 ), #5645, .T. ) ;
#7577 = DIRECTION ( 'NONE',  ( 2.124908078801903100E-016, -1.000000000000000000, -0.0000000000000000000 ) ) ;
#7579 = CARTESIAN_POINT ( 'NONE',  ( 0.8147429251030625700, 1.049999999999982700, -4.275000000000001200 ) ) ;
#7578 = CARTESIAN_POINT ( 'NONE',  ( 6.146006049948740100, -0.5044987145452617400, 0.7299276958792690900 ) ) ;
#7580 = DIRECTION ( 'NONE',  ( 0.0000000000000000000, 0.0000000000000000000, 1.000000000000000000 ) ) ;
#7581 = EDGE_LOOP ( 'NONE', ( #4977, #1625, #987, #6363, #311, #3726, #5, #7571, #2889, #3506, #2612, #4872, #5944, #7093, #4769, #5519 ) ) ;
#7582 = EDGE_CURVE ( 'NONE', #7066, #8205, #330, .T. ) ;
#7583 = AXIS2_PLACEMENT_3D ( 'NONE', #6582, #970, #5824 ) ;
#7584 = EDGE_CURVE ( 'NONE', #8638, #7858, #7280, .T. ) ;
#7585 = DIRECTION ( 'NONE',  ( 0.0000000000000000000, -1.000000000000000000, 0.0000000000000000000 ) ) ;
#7586 = DIRECTION ( 'NONE',  ( -1.000000000000000000, 0.0000000000000000000, -3.316747347134612400E-015 ) ) ;
#7587 = ORIENTED_EDGE ( 'NONE', *, *, #6305, .T. ) ;
#7588 = VECTOR ( 'NONE', #1096, 1000.000000000000000 ) ;
#7589 = CARTESIAN_POINT ( 'NONE',  ( -4.463835245934900400, -2.125627413300262600, 3.610480586262612600 ) ) ;
#7590 = ORIENTED_EDGE ( 'NONE', *, *, #4065, .F. ) ;
#7591 = ORIENTED_EDGE ( 'NONE', *, *, #8004, .F. ) ;
#7592 = DIRECTION ( 'NONE',  ( 0.0000000000000000000, 0.0000000000000000000, -1.000000000000000000 ) ) ;
#7593 = ORIENTED_EDGE ( 'NONE', *, *, #5525, .F. ) ;
#7594 = PLANE ( 'NONE',  #8869 ) ;
#7595 = EDGE_CURVE ( 'NONE', #6455, #2627, #4698, .T. ) ;
#7596 = ORIENTED_EDGE ( 'NONE', *, *, #3422, .F. ) ;
#7597 = LINE ( 'NONE', #2196, #3158 ) ;
#7598 = CARTESIAN_POINT ( 'NONE',  ( -4.681060305752854600, 1.879999999999999700, -0.5344204721237294500 ) ) ;
#7599 = EDGE_LOOP ( 'NONE', ( #3062, #4140, #5768, #2600 ) ) ;
#7600 = AXIS2_PLACEMENT_3D ( 'NONE', #6729, #2567, #4038 ) ;
#7601 = CARTESIAN_POINT ( 'NONE',  ( 4.550148995534185800, -2.879999999999999900, 1.963516132128322800 ) ) ;
#7602 = ORIENTED_EDGE ( 'NONE', *, *, #2919, .T. ) ;
#7603 = CYLINDRICAL_SURFACE ( 'NONE', #96, 0.4000000000000001900 ) ;
#7604 = EDGE_CURVE ( 'NONE', #3992, #2353, #5974, .T. ) ;
#7605 = CARTESIAN_POINT ( 'NONE',  ( -6.596195113399908800, 1.777540398573295200, -10.16702049569020800 ) ) ;
#7606 = LINE ( 'NONE', #8156, #8687 ) ;
#7607 = CARTESIAN_POINT ( 'NONE',  ( -0.1000000000000000100, 2.879999999999999900, 4.014026416602996000 ) ) ;
#7608 = PLANE ( 'NONE',  #6393 ) ;
#7609 = ORIENTED_EDGE ( 'NONE', *, *, #1229, .T. ) ;
#7610 = LINE ( 'NONE', #1182, #4238 ) ;
#7611 = ORIENTED_EDGE ( 'NONE', *, *, #1926, .F. ) ;
#7612 = VERTEX_POINT ( 'NONE', #3566 ) ;
#7613 = CARTESIAN_POINT ( 'NONE',  ( -7.058913045251231600, 2.057692400159014700, -9.857354948588744400 ) ) ;
#7614 = CARTESIAN_POINT ( 'NONE',  ( 1.835212641700700000, 1.049999999999982700, -4.275000000000001200 ) ) ;
#7615 = VECTOR ( 'NONE', #6146, 1000.000000000000000 ) ;
#7616 = EDGE_CURVE ( 'NONE', #6694, #8246, #5227, .T. ) ;
#7617 = DIRECTION ( 'NONE',  ( -0.05233595624294350200, -1.681353375347964400E-015, 0.9986295347545739400 ) ) ;
#7618 = CARTESIAN_POINT ( 'NONE',  ( 4.860813622008679500, -2.879999999999999900, -0.7050000000000007400 ) ) ;
#7619 = VECTOR ( 'NONE', #1799, 1000.000000000000000 ) ;
#7620 = CARTESIAN_POINT ( 'NONE',  ( -1.475257074896937400, -0.9000000000000000200, -9.124999999999998200 ) ) ;
#7621 = ORIENTED_EDGE ( 'NONE', *, *, #5292, .F. ) ;
#7622 = VECTOR ( 'NONE', #8381, 1000.000000000000000 ) ;
#7623 = EDGE_LOOP ( 'NONE', ( #7795, #4662, #1731, #7609 ) ) ;
#7624 = DIRECTION ( 'NONE',  ( -0.0000000000000000000, -0.0000000000000000000, -1.000000000000000000 ) ) ;
#7625 = ADVANCED_FACE ( 'NONE', ( #1451 ), #6344, .F. ) ;
#7626 = ORIENTED_EDGE ( 'NONE', *, *, #2129, .T. ) ;
#7627 = LINE ( 'NONE', #78, #8491 ) ;
#7628 = CIRCLE ( 'NONE', #1212, 0.1799999999999999400 ) ;
#7629 = CARTESIAN_POINT ( 'NONE',  ( 3.314742925103062500, 1.050000000000000300, -4.275000000000001200 ) ) ;
#7630 = CIRCLE ( 'NONE', #6778, 0.1000000000000000500 ) ;
#7631 = ORIENTED_EDGE ( 'NONE', *, *, #3116, .F. ) ;
#7632 = CARTESIAN_POINT ( 'NONE',  ( -0.8752570748969376000, -1.150000000000034800, -4.275000000000001200 ) ) ;
#7633 = LINE ( 'NONE', #6572, #6655 ) ;
#7634 = FACE_OUTER_BOUND ( 'NONE', #8311, .T. ) ;
#7635 = EDGE_CURVE ( 'NONE', #3197, #7148, #3061, .T. ) ;
#7637 = PLANE ( 'NONE',  #8748 ) ;
#7636 = DIRECTION ( 'NONE',  ( 1.000000000000000000, 0.0000000000000000000, 0.0000000000000000000 ) ) ;
#7638 = DIRECTION ( 'NONE',  ( -2.124908078801903100E-016, 1.000000000000000000, 0.0000000000000000000 ) ) ;
#7639 = LINE ( 'NONE', #539, #5785 ) ;
#7640 = ORIENTED_EDGE ( 'NONE', *, *, #4134, .T. ) ;
#7641 = VECTOR ( 'NONE', #6925, 1000.000000000000000 ) ;
#7642 = DIRECTION ( 'NONE',  ( 1.000000000000000000, 2.124908078801903600E-016, -0.0000000000000000000 ) ) ;
#7643 = CARTESIAN_POINT ( 'NONE',  ( -1.685257074896937500, -1.150000000000035000, -4.275000000000001200 ) ) ;
#7644 = AXIS2_PLACEMENT_3D ( 'NONE', #5219, #5282, #7988 ) ;
#7645 = LINE ( 'NONE', #8380, #5700 ) ;
#7646 = EDGE_CURVE ( 'NONE', #934, #3230, #8359, .T. ) ;
#7647 = ORIENTED_EDGE ( 'NONE', *, *, #7760, .T. ) ;
#7648 = CARTESIAN_POINT ( 'NONE',  ( -7.628237703307986500, 2.404999999999999800, -8.281148335353792700 ) ) ;
#7649 = LINE ( 'NONE', #8426, #3542 ) ;
#7650 = ORIENTED_EDGE ( 'NONE', *, *, #7404, .F. ) ;
#7651 = CARTESIAN_POINT ( 'NONE',  ( -6.362222222222221100, 0.4566362751914924100, -3.677662888415997400 ) ) ;
#7652 =( BOUNDED_SURFACE ( )  B_SPLINE_SURFACE ( 3, 3, ( 
 ( #8880, #468, #4774, #8081, #1184, #2608, #3383, #8853 ),
 ( #6158, #1255, #1320, #3956, #6735, #6098, #497, #604 ),
 ( #8114, #4741, #6798, #4647, #5347, #8828, #7391, #1222 ),
 ( #6030, #6058, #574, #2576, #7426, #1989, #7484, #7524 ) ),
 .UNSPECIFIED., .F., .F., .F. ) 
 B_SPLINE_SURFACE_WITH_KNOTS ( ( 4, 4 ),
 ( 4, 2, 2, 4 ),
 ( 0.0000000000000000000, 1.000000000000000000 ),
 ( -0.09999999999996508900, 3.158136080664001000E-014, 0.9999999999999982200, 1.099999999999995000 ),
 .UNSPECIFIED. ) 
 GEOMETRIC_REPRESENTATION_ITEM ( )  RATIONAL_B_SPLINE_SURFACE ( (
 ( 1.000000000000000000, 1.000000000000000000, 1.000000000000000000, 1.000000000000000000, 1.000000000000000000, 1.000000000000000000, 1.000000000000000000, 1.000000000000000000),
 ( 0.4035898668786864800, 0.4035898668786864800, 0.4035898668786859200, 0.4035898668786859200, 0.4035898668786854800, 0.4035898668786854800, 0.4035898668786875300, 0.4035898668786875300),
 ( 0.4035898668786864800, 0.4035898668786864800, 0.4035898668786859200, 0.4035898668786859200, 0.4035898668786854800, 0.4035898668786854800, 0.4035898668786875300, 0.4035898668786875300),
 ( 1.000000000000000000, 1.000000000000000000, 1.000000000000000000, 1.000000000000000000, 1.000000000000000000, 1.000000000000000000, 1.000000000000000000, 1.000000000000000000) ) ) 
 REPRESENTATION_ITEM ( '' )  SURFACE ( )  );
#7653 = DIRECTION ( 'NONE',  ( -0.0000000000000000000, 1.000000000000000000, -0.0000000000000000000 ) ) ;
#7654 = ORIENTED_EDGE ( 'NONE', *, *, #7569, .T. ) ;
#7655 = CARTESIAN_POINT ( 'NONE',  ( 5.089999999999999900, -2.879999999999999900, -0.5249999999999995800 ) ) ;
#7656 = VECTOR ( 'NONE', #2849, 1000.000000000000100 ) ;
#7657 = DIRECTION ( 'NONE',  ( 0.04222409276774567700, -0.5908391699278822100, 0.8056836856166766900 ) ) ;
#7658 = ADVANCED_FACE ( 'NONE', ( #5121 ), #1209, .T. ) ;
#7659 = ORIENTED_EDGE ( 'NONE', *, *, #8907, .F. ) ;
#7660 = EDGE_LOOP ( 'NONE', ( #7491, #8040, #8005, #1722 ) ) ;
#7661 = EDGE_CURVE ( 'NONE', #8750, #4764, #3285, .T. ) ;
#7662 = ORIENTED_EDGE ( 'NONE', *, *, #8192, .F. ) ;
#7663 = CARTESIAN_POINT ( 'NONE',  ( 5.803248313036694300, -0.5198367921258528800, 1.169152770350097200 ) ) ;
#7664 = CARTESIAN_POINT ( 'NONE',  ( -6.760954458586382100, 1.961095831938656700, -10.71464949154450300 ) ) ;
#7665 = DIRECTION ( 'NONE',  ( -2.277634914236021900E-015, 0.8064028636642743800, 0.5913665711502956700 ) ) ;
#7666 = DIRECTION ( 'NONE',  ( -0.0000000000000000000, -1.000000000000000000, -0.0000000000000000000 ) ) ;
#7667 = ORIENTED_EDGE ( 'NONE', *, *, #7923, .F. ) ;
#7668 = ORIENTED_EDGE ( 'NONE', *, *, #2615, .F. ) ;
#7669 = VERTEX_POINT ( 'NONE', #1623 ) ;
#7670 = LINE ( 'NONE', #7411, #75 ) ;
#7671 = ORIENTED_EDGE ( 'NONE', *, *, #1386, .F. ) ;
#7672 = ORIENTED_EDGE ( 'NONE', *, *, #3974, .F. ) ;
#7673 = LINE ( 'NONE', #5043, #2915 ) ;
#7674 = CARTESIAN_POINT ( 'NONE',  ( 1.835212641700700000, 1.049999999999982700, -5.775000000000000400 ) ) ;
#7675 = PLANE ( 'NONE',  #6240 ) ;
#7676 = EDGE_CURVE ( 'NONE', #8398, #6448, #5453, .T. ) ;
#7677 = DIRECTION ( 'NONE',  ( -3.285461128743965400E-016, 1.000000000000000000, -2.062312011738056000E-017 ) ) ;
#7678 = ORIENTED_EDGE ( 'NONE', *, *, #1965, .F. ) ;
#7679 = COORDINATED_UNIVERSAL_TIME_OFFSET ( 3, 30, .AHEAD. ) ;
#7680 = CARTESIAN_POINT ( 'NONE',  ( -1.769999999999999800, -1.879999999999999700, 2.533383294124545200E-016 ) ) ;
#7681 = ORIENTED_EDGE ( 'NONE', *, *, #8507, .T. ) ;
#7682 = VERTEX_POINT ( 'NONE', #5732 ) ;
#7683 =( BOUNDED_CURVE ( )  B_SPLINE_CURVE ( 3, ( #5301, #6759, #3998, #6785 ),
 .UNSPECIFIED., .F., .F. ) 
 B_SPLINE_CURVE_WITH_KNOTS ( ( 4, 4 ),
 ( 4.712388980384703900, 5.004023916276045400 ),
 .UNSPECIFIED. ) 
 CURVE ( )  GEOMETRIC_REPRESENTATION_ITEM ( )  RATIONAL_B_SPLINE_CURVE ( ( 1.000000000000000000, 0.9929249715568843100, 0.9929249715568843100, 1.000000000000000000 ) ) 
 REPRESENTATION_ITEM ( '' )  );
#7684 = ORIENTED_EDGE ( 'NONE', *, *, #8678, .T. ) ;
#7685 = CYLINDRICAL_SURFACE ( 'NONE', #7119, 0.4000000000000001900 ) ;
#7686 = EDGE_LOOP ( 'NONE', ( #3185, #6584, #3259, #5458, #5546, #2560 ) ) ;
#7687 = ORIENTED_EDGE ( 'NONE', *, *, #2474, .F. ) ;
#7688 = EDGE_CURVE ( 'NONE', #5936, #4210, #1329, .T. ) ;
#7689 = AXIS2_PLACEMENT_3D ( 'NONE', #7855, #4377, #3727 ) ;
#7690 = EDGE_CURVE ( 'NONE', #3711, #6202, #428, .T. ) ;
#7691 = ORIENTED_EDGE ( 'NONE', *, *, #724, .T. ) ;
#7692 = ORIENTED_EDGE ( 'NONE', *, *, #6273, .T. ) ;
#7693 = DIRECTION ( 'NONE',  ( -1.044387859644455300E-017, 0.03489949670250106600, -0.9993908270190956500 ) ) ;
#7694 = LINE ( 'NONE', #7453, #5754 ) ;
#7695 = DIRECTION ( 'NONE',  ( 1.000000000000000000, 3.401418580346681300E-016, -0.0000000000000000000 ) ) ;
#7696 = VERTEX_POINT ( 'NONE', #2992 ) ;
#7697 = ADVANCED_FACE ( 'NONE', ( #2387 ), #4367, .F. ) ;
#7698 = FACE_OUTER_BOUND ( 'NONE', #6259, .T. ) ;
#7699 = ORIENTED_EDGE ( 'NONE', *, *, #3435, .F. ) ;
#7700 = LINE ( 'NONE', #2057, #6015 ) ;
#7701 = CARTESIAN_POINT ( 'NONE',  ( -5.360059963454983000, 0.0000000000000000000, -4.275000000000001200 ) ) ;
#7702 = ORIENTED_EDGE ( 'NONE', *, *, #2221, .T. ) ;
#7703 = APPROVAL ( #5054, 'UNSPECIFIED' ) ;
#7704 = VERTEX_POINT ( 'NONE', #850 ) ;
#7705 = ORIENTED_EDGE ( 'NONE', *, *, #798, .F. ) ;
#7706 = CARTESIAN_POINT ( 'NONE',  ( 7.214600510584429700, 0.7166446054373846200, -7.765845873256791000 ) ) ;
#7707 = DIRECTION ( 'NONE',  ( -1.000000000000000000, -3.011672701348624000E-016, 0.0000000000000000000 ) ) ;
#7708 = VECTOR ( 'NONE', #5296, 1000.000000000000000 ) ;
#7709 = EDGE_LOOP ( 'NONE', ( #6192, #6873, #5181, #4280 ) ) ;
#7710 = CARTESIAN_POINT ( 'NONE',  ( 6.589999999999999000, -0.7200000000000002000, 4.174999999999999800 ) ) ;
#7711 = LINE ( 'NONE', #4211, #6627 ) ;
#7712 = EDGE_CURVE ( 'NONE', #6054, #8861, #7493, .T. ) ;
#7713 = VERTEX_POINT ( 'NONE', #7149 ) ;
#7714 = LINE ( 'NONE', #3271, #6860 ) ;
#7715 = ORIENTED_EDGE ( 'NONE', *, *, #5484, .F. ) ;
#7716 = PLANE ( 'NONE',  #2065 ) ;
#7717 = EDGE_LOOP ( 'NONE', ( #5647, #4346, #2923, #7925 ) ) ;
#7718 = DIRECTION ( 'NONE',  ( -1.000000000000000000, -2.628368902995162800E-015, -2.673649675311311800E-016 ) ) ;
#7719 = EDGE_CURVE ( 'NONE', #4244, #515, #6047, .T. ) ;
#7720 = VECTOR ( 'NONE', #362, 1000.000000000000000 ) ;
#7721 = VECTOR ( 'NONE', #3229, 1000.000000000000100 ) ;
#7722 = FACE_OUTER_BOUND ( 'NONE', #1889, .T. ) ;
#7723 = EDGE_LOOP ( 'NONE', ( #1427, #1525, #6267, #7793, #1207, #8730, #6411, #4132, #2650, #2328, #2931, #4427, #2816, #423, #1224, #127 ) ) ;
#7724 = EDGE_CURVE ( 'NONE', #1457, #7911, #5554, .T. ) ;
#7725 = EDGE_LOOP ( 'NONE', ( #4379, #6619, #2719, #7177 ) ) ;
#7726 = PLANE ( 'NONE',  #3884 ) ;
#7727 = CYLINDRICAL_SURFACE ( 'NONE', #6289, 0.8999999999999998000 ) ;
#7728 = CARTESIAN_POINT ( 'NONE',  ( -4.910000000000000100, 2.879999999999999900, -0.5250000000000008000 ) ) ;
#7729 = LINE ( 'NONE', #6396, #6978 ) ;
#7730 = DIRECTION ( 'NONE',  ( 1.000000000000000000, 0.0000000000000000000, -0.0000000000000000000 ) ) ;
#7731 = EDGE_LOOP ( 'NONE', ( #7112, #4873, #5098, #7025 ) ) ;
#7732 = EDGE_CURVE ( 'NONE', #6962, #3364, #3814, .T. ) ;
#7733 = DIRECTION ( 'NONE',  ( -1.000000000000000000, -0.0000000000000000000, -0.0000000000000000000 ) ) ;
#7734 = CARTESIAN_POINT ( 'NONE',  ( 2.388376328444354900, 2.425869183073559500, 3.461868572410967000 ) ) ;
#7735 = VECTOR ( 'NONE', #3838, 1000.000000000000000 ) ;
#7736 = CARTESIAN_POINT ( 'NONE',  ( -6.263847163821742100, -5.263181610785591300, 4.087694446229456900 ) ) ;
#7737 = VECTOR ( 'NONE', #7169, 1000.000000000000000 ) ;
#7738 = CARTESIAN_POINT ( 'NONE',  ( -6.288207565366246100, 1.387276769574201900, 4.245831177271616900 ) ) ;
#7739 = CARTESIAN_POINT ( 'NONE',  ( 1.835212641700700400, 0.0000000000000000000, -4.275000000000001200 ) ) ;
#7740 = LINE ( 'NONE', #8061, #7311 ) ;
#7741 = ORIENTED_EDGE ( 'NONE', *, *, #7757, .F. ) ;
#7742 = EDGE_CURVE ( 'NONE', #8369, #8660, #1440, .T. ) ;
#7743 = ADVANCED_FACE ( 'NONE', ( #5760, #6744 ), #909, .F. ) ;
#7744 = EDGE_CURVE ( 'NONE', #3380, #1659, #3499, .T. ) ;
#7745 = VECTOR ( 'NONE', #8914, 1000.000000000000000 ) ;
#7747 = CARTESIAN_POINT ( 'NONE',  ( 6.589999999999999900, 2.404999999999999800, -6.775000000000000400 ) ) ;
#7746 = CARTESIAN_POINT ( 'NONE',  ( 6.539999999999999100, 0.6099088255744773400, -3.371594611156200700 ) ) ;
#7748 = DIRECTION ( 'NONE',  ( 1.000000000000000000, -0.0000000000000000000, -0.0000000000000000000 ) ) ;
#7749 = CYLINDRICAL_SURFACE ( 'NONE', #7224, 0.1799999999999997700 ) ;
#7750 = CARTESIAN_POINT ( 'NONE',  ( -6.089999999999998100, 1.380000000000000100, 4.174999999999999800 ) ) ;
#7751 = ORIENTED_EDGE ( 'NONE', *, *, #3882, .F. ) ;
#7752 = LINE ( 'NONE', #8327, #163 ) ;
#7753 = VERTEX_POINT ( 'NONE', #997 ) ;
#7754 = CARTESIAN_POINT ( 'NONE',  ( 0.0000000000000000000, 2.879999999999999900, -4.101714464797488800 ) ) ;
#7755 = ADVANCED_FACE ( 'NONE', ( #4911 ), #5057, .F. ) ;
#7756 = DIRECTION ( 'NONE',  ( 0.1522505623211014000, 4.585288623074385600E-017, -0.9883419278128942100 ) ) ;
#7757 = EDGE_CURVE ( 'NONE', #1636, #1168, #1548, .T. ) ;
#7758 = CARTESIAN_POINT ( 'NONE',  ( 2.363183157159808500, 2.406906743079793500, 2.981154227533194600 ) ) ;
#7759 = EDGE_LOOP ( 'NONE', ( #3629, #7485, #4751, #3740 ) ) ;
#7760 = EDGE_CURVE ( 'NONE', #5621, #1615, #2836, .T. ) ;
#7761 = DIRECTION ( 'NONE',  ( 0.0000000000000000000, -0.1119675341219745900, 0.9937118653325239800 ) ) ;
#7762 = CARTESIAN_POINT ( 'NONE',  ( 4.501090542365821200, 2.433603000734843000, 2.899607182722382600 ) ) ;
#7763 = CARTESIAN_POINT ( 'NONE',  ( 1.024742925103062600, -0.9000000000000000200, -9.124999999999998200 ) ) ;
#7764 = DIRECTION ( 'NONE',  ( -0.0000000000000000000, 1.000000000000000000, -0.0000000000000000000 ) ) ;
#7765 = ORIENTED_EDGE ( 'NONE', *, *, #7346, .F. ) ;
#7766 = ORIENTED_EDGE ( 'NONE', *, *, #7947, .F. ) ;
#7767 = ORIENTED_EDGE ( 'NONE', *, *, #2853, .F. ) ;
#7768 = CARTESIAN_POINT ( 'NONE',  ( 6.811409716464076800, 2.406906743079781900, 3.066959884049312200 ) ) ;
#7769 = CARTESIAN_POINT ( 'NONE',  ( -0.1000000000000000100, 2.879999999999999900, -4.826190669741540900 ) ) ;
#7770 = PLANE ( 'NONE',  #1574 ) ;
#7771 = EDGE_CURVE ( 'NONE', #8227, #1955, #6303, .T. ) ;
#7772 = EDGE_LOOP ( 'NONE', ( #346, #2887, #5750, #7175, #7255, #8388 ) ) ;
#7773 = ORIENTED_EDGE ( 'NONE', *, *, #1195, .F. ) ;
#7774 = ORIENTED_EDGE ( 'NONE', *, *, #1032, .T. ) ;
#7775 = LINE ( 'NONE', #5302, #7574 ) ;
#7776 = CARTESIAN_POINT ( 'NONE',  ( 7.628237703307986500, 0.7747068546877503600, -8.281148335353792700 ) ) ;
#7777 = EDGE_CURVE ( 'NONE', #2209, #1992, #320, .T. ) ;
#7778 = CARTESIAN_POINT ( 'NONE',  ( 1.769999999999999800, 2.879999999999999900, 2.533383294124545200E-016 ) ) ;
#7779 = DIRECTION ( 'NONE',  ( 0.0000000000000000000, 1.000000000000000000, 0.0000000000000000000 ) ) ;
#7780 = CARTESIAN_POINT ( 'NONE',  ( 6.146006049948740100, 1.264498714545261700, 0.7299276958792688700 ) ) ;
#7781 = EDGE_LOOP ( 'NONE', ( #2418, #6417, #3570, #7799, #4030 ) ) ;
#7782 = ADVANCED_FACE ( 'NONE', ( #7271 ), #3228, .F. ) ;
#7783 = VERTEX_POINT ( 'NONE', #3136 ) ;
#7784 = CARTESIAN_POINT ( 'NONE',  ( -0.6647873582993000200, 1.049999999999965400, -4.275000000000001200 ) ) ;
#7785 = ORIENTED_EDGE ( 'NONE', *, *, #8064, .T. ) ;
#7786 = EDGE_CURVE ( 'NONE', #6580, #5210, #5019, .T. ) ;
#7787 = AXIS2_PLACEMENT_3D ( 'NONE', #8269, #6904, #4837 ) ;
#7788 = CARTESIAN_POINT ( 'NONE',  ( -13.67140971646411500, 2.076906743079764100, 3.066959884049314000 ) ) ;
#7789 = AXIS2_PLACEMENT_3D ( 'NONE', #2718, #5399, #3371 ) ;
#7790 =( BOUNDED_CURVE ( )  B_SPLINE_CURVE ( 3, ( #5404, #1253, #4713, #5476 ),
 .UNSPECIFIED., .F., .F. ) 
 B_SPLINE_CURVE_WITH_KNOTS ( ( 4, 4 ),
 ( 4.079636539841127200, 4.712388980384739400 ),
 .UNSPECIFIED. ) 
 CURVE ( )  GEOMETRIC_REPRESENTATION_ITEM ( )  RATIONAL_B_SPLINE_CURVE ( ( 1.000000000000000000, 0.9669127352965452000, 0.9669127352965452000, 1.000000000000000000 ) ) 
 REPRESENTATION_ITEM ( '' )  );
#7791 = DIRECTION ( 'NONE',  ( 0.05233595624294350200, 0.0000000000000000000, 0.9986295347545739400 ) ) ;
#7792 = ADVANCED_FACE ( 'NONE', ( #4450 ), #5909, .T. ) ;
#7793 = ORIENTED_EDGE ( 'NONE', *, *, #8316, .F. ) ;
#7794 = VECTOR ( 'NONE', #4227, 1000.000000000000100 ) ;
#7795 = ORIENTED_EDGE ( 'NONE', *, *, #7771, .F. ) ;
#7796 = DIRECTION ( 'NONE',  ( -1.000000000000000000, -2.628368902995162800E-015, -2.673649675311314200E-016 ) ) ;
#7797 = LINE ( 'NONE', #4540, #2073 ) ;
#7798 = CARTESIAN_POINT ( 'NONE',  ( -2.380158439298848600, -2.406906743079793000, 3.305061906340967000 ) ) ;
#7799 = ORIENTED_EDGE ( 'NONE', *, *, #7208, .T. ) ;
#7800 = CARTESIAN_POINT ( 'NONE',  ( 0.0000000000000000000, 2.779999999999999800, -4.101714464797488800 ) ) ;
#7801 = VERTEX_POINT ( 'NONE', #1827 ) ;
#7802 = FACE_OUTER_BOUND ( 'NONE', #4975, .T. ) ;
#7803 = AXIS2_PLACEMENT_3D ( 'NONE', #6711, #6014, #2624 ) ;
#7804 = EDGE_CURVE ( 'NONE', #3343, #8429, #5865, .T. ) ;
#7805 = LINE ( 'NONE', #1928, #5967 ) ;
#7806 = ORIENTED_EDGE ( 'NONE', *, *, #2937, .F. ) ;
#7807 = AXIS2_PLACEMENT_3D ( 'NONE', #6816, #4095, #4857 ) ;
#7808 = DIRECTION ( 'NONE',  ( 1.000000000000000000, -0.0000000000000000000, -0.0000000000000000000 ) ) ;
#7809 = DIRECTION ( 'NONE',  ( 0.0000000000000000000, 0.0000000000000000000, 1.000000000000000000 ) ) ;
#7810 = VECTOR ( 'NONE', #6998, 1000.000000000000200 ) ;
#7811 = CARTESIAN_POINT ( 'NONE',  ( -6.466548932916466300, 1.226926761508613000, -0.3459922676121142100 ) ) ;
#7812 = DIRECTION ( 'NONE',  ( -1.431289996680534200E-016, 0.0000000000000000000, -1.000000000000000000 ) ) ;
#7813 = VERTEX_POINT ( 'NONE', #6573 ) ;
#7814 = LINE ( 'NONE', #4168, #4048 ) ;
#7815 = EDGE_LOOP ( 'NONE', ( #4303, #80, #3252, #3565 ) ) ;
#7816 =( BOUNDED_CURVE ( )  B_SPLINE_CURVE ( 3, ( #6707, #5222, #404, #1151 ),
 .UNSPECIFIED., .F., .F. ) 
 B_SPLINE_CURVE_WITH_KNOTS ( ( 4, 4 ),
 ( 0.7227342478134017900, 1.917413166824709400 ),
 .UNSPECIFIED. ) 
 CURVE ( )  GEOMETRIC_REPRESENTATION_ITEM ( )  RATIONAL_B_SPLINE_CURVE ( ( 1.000000000000000000, 0.8845566308302418300, 0.8845566308302418300, 1.000000000000000000 ) ) 
 REPRESENTATION_ITEM ( '' )  );
#7817 = LINE ( 'NONE', #3610, #4917 ) ;
#7818 = CARTESIAN_POINT ( 'NONE',  ( -6.259999999999999800, -0.6279359677314483300, -1.224994274580306000 ) ) ;
#7819 = CARTESIAN_POINT ( 'NONE',  ( 2.398585523110160300, -2.159501087769431800, 3.656671611300824900 ) ) ;
#7820 = VECTOR ( 'NONE', #5522, 1000.000000000000000 ) ;
#7821 = ORIENTED_EDGE ( 'NONE', *, *, #8030, .T. ) ;
#7822 = VECTOR ( 'NONE', #5691, 1000.000000000000000 ) ;
#7823 = CARTESIAN_POINT ( 'NONE',  ( 4.504716842426743600, 2.484345597614078500, 2.830413255589193900 ) ) ;
#7824 = ORIENTED_EDGE ( 'NONE', *, *, #4930, .F. ) ;
#7825 = DIRECTION ( 'NONE',  ( 1.000000000000000000, 2.124908078801903600E-016, -0.0000000000000000000 ) ) ;
#7826 = ORIENTED_EDGE ( 'NONE', *, *, #1963, .F. ) ;
#7827 = VECTOR ( 'NONE', #1014, 1000.000000000000000 ) ;
#7828 = EDGE_CURVE ( 'NONE', #3119, #2685, #769, .T. ) ;
#7829 = LINE ( 'NONE', #8600, #789 ) ;
#7830 = CARTESIAN_POINT ( 'NONE',  ( -6.259999999999971400, -2.549999999999999800, 2.182855688459097300 ) ) ;
#7831 = ADVANCED_FACE ( 'NONE', ( #1754 ), #2452, .T. ) ;
#7832 = CIRCLE ( 'NONE', #8448, 0.1999999999999992300 ) ;
#7833 = CARTESIAN_POINT ( 'NONE',  ( -6.614369610058643500, -0.6255243438098006000, 4.195648269222936700 ) ) ;
#7834 = VERTEX_POINT ( 'NONE', #8728 ) ;
#7835 = EDGE_CURVE ( 'NONE', #4864, #4025, #3392, .T. ) ;
#7836 = VECTOR ( 'NONE', #5932, 1000.000000000000000 ) ;
#7837 = VECTOR ( 'NONE', #7200, 1000.000000000000100 ) ;
#7838 = CARTESIAN_POINT ( 'NONE',  ( -6.906155522402541700, 1.239248942539274800, -10.28027254811329000 ) ) ;
#7839 = ADVANCED_FACE ( 'NONE', ( #6851 ), #7235, .T. ) ;
#7840 = CARTESIAN_POINT ( 'NONE',  ( 6.171250739718261400, 1.261562068741344500, 0.6458331628360933800 ) ) ;
#7841 = CARTESIAN_POINT ( 'NONE',  ( 0.3664338688640217400, 2.879999999999999900, 3.914026416602995400 ) ) ;
#7842 = FACE_OUTER_BOUND ( 'NONE', #8138, .T. ) ;
#7843 = VERTEX_POINT ( 'NONE', #3892 ) ;
#7844 = CARTESIAN_POINT ( 'NONE',  ( -7.371145950606281100, 0.7454536903234176800, -8.021526501620334300 ) ) ;
#7845 = LINE ( 'NONE', #253, #3648 ) ;
#7846 = EDGE_CURVE ( 'NONE', #678, #8459, #2620, .T. ) ;
#7847 = DIRECTION ( 'NONE',  ( -0.9405274128529004200, 0.0000000000000000000, 0.3397178029957069700 ) ) ;
#7848 = CARTESIAN_POINT ( 'NONE',  ( -5.089999999999999900, -2.879999999999999900, -0.5249999999999995800 ) ) ;
#7849 = LINE ( 'NONE', #5064, #2230 ) ;
#7850 = CARTESIAN_POINT ( 'NONE',  ( -2.367680041067742100, -2.406906743079793500, 3.066959884049310900 ) ) ;
#7851 = ORIENTED_EDGE ( 'NONE', *, *, #1946, .F. ) ;
#7852 = CARTESIAN_POINT ( 'NONE',  ( 4.977251263158624500, 2.549999999999999800, -6.186080616052311900 ) ) ;
#7853 = LINE ( 'NONE', #884, #4952 ) ;
#7854 = ORIENTED_EDGE ( 'NONE', *, *, #2967, .F. ) ;
#7855 = CARTESIAN_POINT ( 'NONE',  ( 0.0000000000000000000, 0.0000000000000000000, 6.775000000000000400 ) ) ;
#7856 = EDGE_CURVE ( 'NONE', #7044, #1636, #7382, .T. ) ;
#7857 = EDGE_CURVE ( 'NONE', #8370, #6850, #920, .T. ) ;
#7858 = VERTEX_POINT ( 'NONE', #4614 ) ;
#7859 = CARTESIAN_POINT ( 'NONE',  ( 2.322945737232128900, 2.936841159734383300, 2.213378517931613200 ) ) ;
#7860 = VECTOR ( 'NONE', #79, 1000.000000000000000 ) ;
#7861 = AXIS2_PLACEMENT_3D ( 'NONE', #2234, #2210, #6382 ) ;
#7862 = ORIENTED_EDGE ( 'NONE', *, *, #4931, .T. ) ;
#7863 = CARTESIAN_POINT ( 'NONE',  ( -5.360059963454983000, -1.430930462220299600, 6.774999999999999500 ) ) ;
#7865 = CARTESIAN_POINT ( 'NONE',  ( 5.089999999999999900, -1.879999999999999700, -7.285266083103919200E-016 ) ) ;
#7864 = CARTESIAN_POINT ( 'NONE',  ( -6.143740578005090200, -0.5188375082928508000, 1.140537025406802100 ) ) ;
#7866 = VERTEX_POINT ( 'NONE', #1739 ) ;
#7867 = ORIENTED_EDGE ( 'NONE', *, *, #7923, .T. ) ;
#7868 = ADVANCED_FACE ( 'NONE', ( #6089 ), #7052, .F. ) ;
#7869 = AXIS2_PLACEMENT_3D ( 'NONE', #956, #6546, #6484 ) ;
#7870 = CARTESIAN_POINT ( 'NONE',  ( 6.371725516837170000, 2.404999999999999800, -7.022500000000000000 ) ) ;
#7871 = CARTESIAN_POINT ( 'NONE',  ( 4.124742925103063000, -0.8999999999999998000, -9.124999999999998200 ) ) ;
#7872 = ORIENTED_EDGE ( 'NONE', *, *, #977, .F. ) ;
#7873 = EDGE_LOOP ( 'NONE', ( #3391, #3669, #7233, #899 ) ) ;
#7874 = ORIENTED_EDGE ( 'NONE', *, *, #8995, .T. ) ;
#7875 = EDGE_CURVE ( 'NONE', #851, #8638, #1871, .T. ) ;
#7876 = LINE ( 'NONE', #3757, #5521 ) ;
#7877 = VERTEX_POINT ( 'NONE', #5480 ) ;
#7878 = CARTESIAN_POINT ( 'NONE',  ( 4.537054262767870000, -2.936841159734372700, 2.213378517931620800 ) ) ;
#7879 = CARTESIAN_POINT ( 'NONE',  ( -6.589999999999999000, -0.6200000000000001100, 4.174999999999999800 ) ) ;
#7880 = DIRECTION ( 'NONE',  ( 0.0000000000000000000, 0.0000000000000000000, 1.000000000000000000 ) ) ;
#7881 = VERTEX_POINT ( 'NONE', #4717 ) ;
#7882 = CARTESIAN_POINT ( 'NONE',  ( 0.3664338688640217400, 2.779999999999999800, -4.101714464797488800 ) ) ;
#7883 = DIRECTION ( 'NONE',  ( 2.124908078801903100E-016, -1.000000000000000000, -0.0000000000000000000 ) ) ;
#7884 = PLANE ( 'NONE',  #7176 ) ;
#7885 = VERTEX_POINT ( 'NONE', #2674 ) ;
#7886 = CALENDAR_DATE ( 2023, 11, 7 ) ;
#7887 = EDGE_CURVE ( 'NONE', #5848, #1872, #15, .T. ) ;
#7888 = VERTEX_POINT ( 'NONE', #4010 ) ;
#7889 = VERTEX_POINT ( 'NONE', #8790 ) ;
#7890 = EDGE_LOOP ( 'NONE', ( #7142, #6269, #7390, #5229 ) ) ;
#7891 = CYLINDRICAL_SURFACE ( 'NONE', #6955, 0.1650000000000002000 ) ;
#7892 = CARTESIAN_POINT ( 'NONE',  ( 4.335212641700700000, -1.149999999999999700, -5.775000000000000400 ) ) ;
#7894 = DIRECTION ( 'NONE',  ( -0.0000000000000000000, 0.0000000000000000000, -1.000000000000000000 ) ) ;
#7893 = CARTESIAN_POINT ( 'NONE',  ( -7.089523716046634200, 2.056296104546357900, -9.869747072151071200 ) ) ;
#7895 = VERTEX_POINT ( 'NONE', #5410 ) ;
#7896 = ORIENTED_EDGE ( 'NONE', *, *, #5155, .F. ) ;
#7897 = ORIENTED_EDGE ( 'NONE', *, *, #1850, .T. ) ;
#7898 = DIRECTION ( 'NONE',  ( 0.0000000000000000000, -1.000000000000000000, 0.0000000000000000000 ) ) ;
#7899 = ORIENTED_EDGE ( 'NONE', *, *, #4321, .T. ) ;
#7900 = VECTOR ( 'NONE', #2593, 1000.000000000000000 ) ;
#7901 = PLANE ( 'NONE',  #5106 ) ;
#7902 = CARTESIAN_POINT ( 'NONE',  ( -4.457217248323716200, 2.218232652604867900, 3.736759503280683500 ) ) ;
#7903 = ORIENTED_EDGE ( 'NONE', *, *, #743, .T. ) ;
#7904 = EDGE_CURVE ( 'NONE', #5217, #1174, #7166, .T. ) ;
#7905 = AXIS2_PLACEMENT_3D ( 'NONE', #4461, #7313, #294 ) ;
#7906 = FACE_OUTER_BOUND ( 'NONE', #279, .T. ) ;
#7907 = DIRECTION ( 'NONE',  ( -0.0000000000000000000, -1.000000000000000000, -0.0000000000000000000 ) ) ;
#7908 = ORIENTED_EDGE ( 'NONE', *, *, #1387, .F. ) ;
#7909 = PLANE ( 'NONE',  #5557 ) ;
#7910 = VECTOR ( 'NONE', #2094, 1000.000000000000100 ) ;
#7911 = VERTEX_POINT ( 'NONE', #5442 ) ;
#7912 = EDGE_LOOP ( 'NONE', ( #7602, #5822, #1006, #5637 ) ) ;
#7913 = VECTOR ( 'NONE', #1090, 1000.000000000000000 ) ;
#7914 = ORIENTED_EDGE ( 'NONE', *, *, #2493, .T. ) ;
#7915 = CARTESIAN_POINT ( 'NONE',  ( 1.835212641700700000, -1.150000000000017200, -5.775000000000000400 ) ) ;
#7916 = PLANE ( 'NONE',  #7965 ) ;
#7917 = CARTESIAN_POINT ( 'NONE',  ( 0.0000000000000000000, 2.779999999999999800, 4.738502621547048000 ) ) ;
#7918 = VECTOR ( 'NONE', #5036, 1000.000000000000000 ) ;
#7919 = ORIENTED_EDGE ( 'NONE', *, *, #873, .F. ) ;
#7920 = PLANE ( 'NONE',  #6897 ) ;
#7921 = VECTOR ( 'NONE', #594, 1000.000000000000000 ) ;
#7922 = ORIENTED_EDGE ( 'NONE', *, *, #5003, .T. ) ;
#7923 = EDGE_CURVE ( 'NONE', #3138, #979, #4243, .T. ) ;
#7924 = CIRCLE ( 'NONE', #5613, 0.1799999999999999400 ) ;
#7925 = ORIENTED_EDGE ( 'NONE', *, *, #4622, .F. ) ;
#7926 = ORIENTED_EDGE ( 'NONE', *, *, #8620, .T. ) ;
#7927 = AXIS2_PLACEMENT_3D ( 'NONE', #4237, #787, #2186 ) ;
#7928 = DIRECTION ( 'NONE',  ( -0.05233595624294380700, 0.0000000000000000000, 0.9986295347545739400 ) ) ;
#7929 = ADVANCED_FACE ( 'NONE', ( #8796 ), #7652, .T. ) ;
#7931 = CARTESIAN_POINT ( 'NONE',  ( -5.803248313036694300, -0.5105983995777949600, 0.9045998214170120100 ) ) ;
#7930 = DIRECTION ( 'NONE',  ( 1.044387859644455300E-017, 0.03489949670250106600, -0.9993908270190956500 ) ) ;
#7932 = LINE ( 'NONE', #5341, #32 ) ;
#7933 = DIRECTION ( 'NONE',  ( -0.0000000000000000000, 1.000000000000000000, -0.0000000000000000000 ) ) ;
#7934 = LINE ( 'NONE', #5332, #6971 ) ;
#7935 = ORIENTED_EDGE ( 'NONE', *, *, #6543, .F. ) ;
#7936 = CARTESIAN_POINT ( 'NONE',  ( -6.260000000000000700, 1.480000000000000200, 4.174999999999999800 ) ) ;
#7937 = DIRECTION ( 'NONE',  ( -1.000000000000000000, 0.0000000000000000000, 0.0000000000000000000 ) ) ;
#7938 = EDGE_LOOP ( 'NONE', ( #8585, #542, #4778, #962 ) ) ;
#7939 = LINE ( 'NONE', #1674, #4267 ) ;
#7940 = DIRECTION ( 'NONE',  ( 3.285461128743965800E-016, 1.000000000000000000, -2.062312011738056300E-017 ) ) ;
#7941 = VECTOR ( 'NONE', #7557, 1000.000000000000000 ) ;
#7942 = CARTESIAN_POINT ( 'NONE',  ( -2.363183157159808500, -2.406906743079793500, 2.981154227533194600 ) ) ;
#7943 = CARTESIAN_POINT ( 'NONE',  ( 6.133248313036692600, -5.263181610785594000, 0.9045998214170119000 ) ) ;
#7944 = ORIENTED_EDGE ( 'NONE', *, *, #5430, .F. ) ;
#7945 = DIRECTION ( 'NONE',  ( -2.124908078801903100E-016, 1.000000000000000000, 0.0000000000000000000 ) ) ;
#7946 = AXIS2_PLACEMENT_3D ( 'NONE', #8878, #6856, #1953 ) ;
#7947 = EDGE_CURVE ( 'NONE', #6586, #7696, #3921, .T. ) ;
#7948 = VECTOR ( 'NONE', #2735, 1000.000000000000000 ) ;
#7949 = LINE ( 'NONE', #924, #3532 ) ;
#7950 = CARTESIAN_POINT ( 'NONE',  ( 6.259999999999999800, -0.7164469686209429300, 4.174999999999999800 ) ) ;
#7951 = DIRECTION ( 'NONE',  ( 0.0000000000000000000, -0.0000000000000000000, -1.000000000000000000 ) ) ;
#7952 = EDGE_CURVE ( 'NONE', #2936, #4291, #2948, .T. ) ;
#7953 = CARTESIAN_POINT ( 'NONE',  ( 1.950000000000001300, -2.879999999999999900, -0.7050000000000005200 ) ) ;
#7954 = LINE ( 'NONE', #4397, #3103 ) ;
#7955 = VERTEX_POINT ( 'NONE', #8149 ) ;
#7956 = CIRCLE ( 'NONE', #5334, 0.1000000000000002600 ) ;
#7957 = CARTESIAN_POINT ( 'NONE',  ( -0.1000000000000000100, 2.779999999999999800, 4.014026416602996000 ) ) ;
#7958 = DIRECTION ( 'NONE',  ( -1.000000000000000000, 0.0000000000000000000, 0.0000000000000000000 ) ) ;
#7960 = CARTESIAN_POINT ( 'NONE',  ( -1.685257074896937500, 1.049999999999965400, -5.775000000000000400 ) ) ;
#7959 = CARTESIAN_POINT ( 'NONE',  ( -6.742602780364823200, 2.072120788156496900, -9.729303005111093600 ) ) ;
#7961 = CARTESIAN_POINT ( 'NONE',  ( 3.524742925103062900, -0.9000000000000000200, -4.275000000000001200 ) ) ;
#7962 = LINE ( 'NONE', #5658, #6890 ) ;
#7963 = EDGE_LOOP ( 'NONE', ( #6395, #8196, #1079, #8450 ) ) ;
#7964 = EDGE_CURVE ( 'NONE', #1047, #953, #2377, .T. ) ;
#7965 = AXIS2_PLACEMENT_3D ( 'NONE', #3785, #7137, #922 ) ;
#7966 = LINE ( 'NONE', #1700, #8408 ) ;
#7967 = CARTESIAN_POINT ( 'NONE',  ( -2.432255117136162600, -2.630637675488561600, 4.299125737131286800 ) ) ;
#7968 = ORIENTED_EDGE ( 'NONE', *, *, #3702, .F. ) ;
#7969 = CARTESIAN_POINT ( 'NONE',  ( 6.589999999999999000, 0.1500911744255224400, -3.371594611156200700 ) ) ;
#7970 = CARTESIAN_POINT ( 'NONE',  ( -5.817587741826835100, -0.5205920215341464100, 1.190779710972766000 ) ) ;
#7971 = ORIENTED_EDGE ( 'NONE', *, *, #3698, .T. ) ;
#7972 = CARTESIAN_POINT ( 'NONE',  ( 1.769999999999999800, 2.549999999999999800, -0.5249999999999994700 ) ) ;
#7973 = ADVANCED_FACE ( 'NONE', ( #2080 ), #5547, .F. ) ;
#7974 = EDGE_CURVE ( 'NONE', #8469, #3157, #2281, .T. ) ;
#7975 = DIRECTION ( 'NONE',  ( -0.0000000000000000000, 1.000000000000000000, -0.0000000000000000000 ) ) ;
#7976 = EDGE_CURVE ( 'NONE', #2396, #2972, #7694, .T. ) ;
#7977 = CARTESIAN_POINT ( 'NONE',  ( -6.263847163821742100, -5.263181610785591300, 4.087694446229456900 ) ) ;
#7978 = DIRECTION ( 'NONE',  ( 1.000000000000000000, 0.0000000000000000000, -0.0000000000000000000 ) ) ;
#7979 = ORIENTED_EDGE ( 'NONE', *, *, #4097, .F. ) ;
#7980 = LINE ( 'NONE', #8906, #7989 ) ;
#7981 = ORIENTED_EDGE ( 'NONE', *, *, #3987, .T. ) ;
#7982 = ORIENTED_EDGE ( 'NONE', *, *, #5385, .F. ) ;
#7983 = CARTESIAN_POINT ( 'NONE',  ( -6.589999999999971400, -2.879999999999999900, 1.963516132128359600 ) ) ;
#7984 = PLANE ( 'NONE',  #1176 ) ;
#7985 = ORIENTED_EDGE ( 'NONE', *, *, #394, .F. ) ;
#7986 = EDGE_LOOP ( 'NONE', ( #6402, #8834, #5662, #3323 ) ) ;
#7987 = EDGE_LOOP ( 'NONE', ( #1204, #111, #1133, #8059 ) ) ;
#7988 = DIRECTION ( 'NONE',  ( -1.000000000000000000, 0.0000000000000000000, 0.0000000000000000000 ) ) ;
#7989 = VECTOR ( 'NONE', #3314, 1000.000000000000000 ) ;
#7990 = DATE_AND_TIME ( #3788, #5836 ) ;
#7991 = DIRECTION ( 'NONE',  ( 0.0000000000000000000, -0.03489949670250106600, 0.9993908270190956500 ) ) ;
#7992 = EDGE_CURVE ( 'NONE', #8360, #7251, #3705, .T. ) ;
#7993 = CARTESIAN_POINT ( 'NONE',  ( -1.950000000000001300, -2.879999999999999900, -0.7050000000000005200 ) ) ;
#7994 = DIRECTION ( 'NONE',  ( -1.000000000000000000, 0.0000000000000000000, 0.0000000000000000000 ) ) ;
#7995 = EDGE_LOOP ( 'NONE', ( #7567, #2443, #8209, #4882 ) ) ;
#7996 = EDGE_CURVE ( 'NONE', #8557, #2972, #2823, .T. ) ;
#7997 = ORIENTED_EDGE ( 'NONE', *, *, #3846, .F. ) ;
#7998 = VECTOR ( 'NONE', #7530, 1000.000000000000100 ) ;
#7999 = CARTESIAN_POINT ( 'NONE',  ( -6.590000000000029200, -2.879999999999999900, 1.963516132128314600 ) ) ;
#8000 = CARTESIAN_POINT ( 'NONE',  ( -5.803248313036694300, 1.266408046320875800, 0.7846038042067705600 ) ) ;
#8001 = CARTESIAN_POINT ( 'NONE',  ( -2.402782751676284500, 2.218232652604873700, 3.736759503280683100 ) ) ;
#8002 = ORIENTED_EDGE ( 'NONE', *, *, #6239, .F. ) ;
#8003 = CARTESIAN_POINT ( 'NONE',  ( -6.260000000000000700, 2.549999999999999800, -6.775000000000000400 ) ) ;
#8004 = EDGE_CURVE ( 'NONE', #749, #940, #8789, .T. ) ;
#8005 = ORIENTED_EDGE ( 'NONE', *, *, #7777, .F. ) ;
#8006 = LINE ( 'NONE', #4883, #3804 ) ;
#8007 = DIRECTION ( 'NONE',  ( -0.0000000000000000000, 1.000000000000000000, -0.0000000000000000000 ) ) ;
#8008 = EDGE_LOOP ( 'NONE', ( #7691, #1266, #1980, #6983 ) ) ;
#8009 = LINE ( 'NONE', #3162, #2941 ) ;
#8010 = ORIENTED_EDGE ( 'NONE', *, *, #1543, .T. ) ;
#8011 = EDGE_CURVE ( 'NONE', #8429, #7415, #3492, .T. ) ;
#8012 = ADVANCED_FACE ( 'NONE', ( #7802 ), #4866, .T. ) ;
#8013 = CARTESIAN_POINT ( 'NONE',  ( 2.178939694247144800, -2.879999999999999900, -0.5344204721237292300 ) ) ;
#8015 = CARTESIAN_POINT ( 'NONE',  ( -1.950000000000001300, 1.879999999999999700, -0.7050000000000005200 ) ) ;
#8014 = CARTESIAN_POINT ( 'NONE',  ( 4.508326273698511200, -2.125627413300262600, 2.761541204127667000 ) ) ;
#8016 = CARTESIAN_POINT ( 'NONE',  ( -1.769999999999999800, 1.879999999999999700, 2.533383294124545200E-016 ) ) ;
#8017 = ORIENTED_EDGE ( 'NONE', *, *, #4679, .T. ) ;
#8018 = LINE ( 'NONE', #1203, #2495 ) ;
#8019 = CARTESIAN_POINT ( 'NONE',  ( -2.417116167224011100, 2.814368043255625300, 4.010257364548854400 ) ) ;
#8020 = LINE ( 'NONE', #8833, #8566 ) ;
#8021 = ORIENTED_EDGE ( 'NONE', *, *, #7141, .F. ) ;
#8022 = DIRECTION ( 'NONE',  ( -1.000000000000000000, 0.0000000000000000000, 0.0000000000000000000 ) ) ;
#8023 = LINE ( 'NONE', #7784, #875 ) ;
#8024 = EDGE_LOOP ( 'NONE', ( #2167, #7854, #4476, #2335 ) ) ;
#8025 = LINE ( 'NONE', #8092, #8583 ) ;
#8026 = VERTEX_POINT ( 'NONE', #2760 ) ;
#8027 = EDGE_CURVE ( 'NONE', #1760, #8650, #2177, .T. ) ;
#8028 = AXIS2_PLACEMENT_3D ( 'NONE', #184, #5890, #5857 ) ;
#8029 = ORIENTED_EDGE ( 'NONE', *, *, #6137, .T. ) ;
#8030 = EDGE_CURVE ( 'NONE', #4173, #3157, #1861, .T. ) ;
#8031 = DIRECTION ( 'NONE',  ( -3.401418580346681300E-016, 1.000000000000000000, 0.0000000000000000000 ) ) ;
#8032 = LINE ( 'NONE', #3276, #3822 ) ;
#8033 = FACE_OUTER_BOUND ( 'NONE', #3134, .T. ) ;
#8034 = ORIENTED_EDGE ( 'NONE', *, *, #2019, .T. ) ;
#8035 = LINE ( 'NONE', #6498, #7392 ) ;
#8036 = DIRECTION ( 'NONE',  ( -1.000000000000000000, 0.0000000000000000000, 0.0000000000000000000 ) ) ;
#8037 = VERTEX_POINT ( 'NONE', #9002 ) ;
#8039 = DIRECTION ( 'NONE',  ( 0.0000000000000000000, 1.000000000000000000, -0.0000000000000000000 ) ) ;
#8038 = CARTESIAN_POINT ( 'NONE',  ( -6.260000000000000700, 2.549999999999999800, 5.534999999999999300 ) ) ;
#8040 = ORIENTED_EDGE ( 'NONE', *, *, #8657, .F. ) ;
#8041 = CYLINDRICAL_SURFACE ( 'NONE', #2873, 0.8999999999999998000 ) ;
#8042 = AXIS2_PLACEMENT_3D ( 'NONE', #2231, #855, #1461 ) ;
#8043 = CARTESIAN_POINT ( 'NONE',  ( -6.752806337296631200, 2.071655356285610200, -9.733433712965208400 ) ) ;
#8044 = EDGE_CURVE ( 'NONE', #1506, #4865, #5966, .T. ) ;
#8045 = CIRCLE ( 'NONE', #5953, 0.1799999999999999400 ) ;
#8046 = CYLINDRICAL_SURFACE ( 'NONE', #6588, 0.1999999999999992300 ) ;
#8047 = ORIENTED_EDGE ( 'NONE', *, *, #6648, .F. ) ;
#8048 = CARTESIAN_POINT ( 'NONE',  ( -2.367680041067741700, -2.076906743079793800, 3.066959884049310900 ) ) ;
#8050 = CARTESIAN_POINT ( 'NONE',  ( 0.0000000000000000000, 2.879999999999999900, -0.7050000000000007400 ) ) ;
#8049 = CARTESIAN_POINT ( 'NONE',  ( 0.0000000000000000000, 2.779999999999999800, -4.101714464797488800 ) ) ;
#8051 = PLANE ( 'NONE',  #2426 ) ;
#8052 = LINE ( 'NONE', #6603, #3428 ) ;
#8053 = EDGE_CURVE ( 'NONE', #1144, #3230, #4798, .T. ) ;
#8054 = ADVANCED_FACE ( 'NONE', ( #209 ), #416, .F. ) ;
#8055 = LINE ( 'NONE', #1892, #805 ) ;
#8056 = DIRECTION ( 'NONE',  ( -0.0000000000000000000, 0.0000000000000000000, -1.000000000000000000 ) ) ;
#8057 = LINE ( 'NONE', #610, #7948 ) ;
#8058 = DIRECTION ( 'NONE',  ( -1.000000000000000000, 1.181048118175931000E-016, -0.0000000000000000000 ) ) ;
#8059 = ORIENTED_EDGE ( 'NONE', *, *, #3116, .T. ) ;
#8060 = ORIENTED_EDGE ( 'NONE', *, *, #2628, .F. ) ;
#8061 = CARTESIAN_POINT ( 'NONE',  ( -0.6647873582993000200, 1.049999999999965400, -4.275000000000001200 ) ) ;
#8062 = CARTESIAN_POINT ( 'NONE',  ( -0.8752570748969376000, -0.8999999999999998000, -4.275000000000001200 ) ) ;
#8063 = ADVANCED_FACE ( 'NONE', ( #2720 ), #456, .F. ) ;
#8064 = EDGE_CURVE ( 'NONE', #5206, #8224, #6292, .T. ) ;
#8065 = DIRECTION ( 'NONE',  ( 3.285461128743965400E-016, -1.000000000000000000, 2.062312011738058200E-017 ) ) ;
#8066 = CARTESIAN_POINT ( 'NONE',  ( 5.803248313036694300, -0.5162429654621038000, 1.066239039752058700 ) ) ;
#8067 = LINE ( 'NONE', #7852, #6237 ) ;
#8068 = CARTESIAN_POINT ( 'NONE',  ( -6.539999999999999100, 0.1500911744255224700, -3.371594611156200700 ) ) ;
#8069 = VERTEX_POINT ( 'NONE', #3997 ) ;
#8070 =( BOUNDED_CURVE ( )  B_SPLINE_CURVE ( 3, ( #3886, #8014, #2508, #7330 ),
 .UNSPECIFIED., .F., .F. ) 
 B_SPLINE_CURVE_WITH_KNOTS ( ( 4, 4 ),
 ( 4.079636539841027700, 4.712388980384639900 ),
 .UNSPECIFIED. ) 
 CURVE ( )  GEOMETRIC_REPRESENTATION_ITEM ( )  RATIONAL_B_SPLINE_CURVE ( ( 1.000000000000000000, 0.9669127352965452000, 0.9669127352965452000, 1.000000000000000000 ) ) 
 REPRESENTATION_ITEM ( '' )  );
#8071 = CARTESIAN_POINT ( 'NONE',  ( 4.589999999999999000, -2.449999999999999700, -6.775000000000000400 ) ) ;
#8072 = VECTOR ( 'NONE', #3605, 1000.000000000000000 ) ;
#8073 = ORIENTED_EDGE ( 'NONE', *, *, #5071, .T. ) ;
#8074 = CARTESIAN_POINT ( 'NONE',  ( -6.590000000000000700, 2.879999999999999900, -6.775000000000000400 ) ) ;
#8075 = CARTESIAN_POINT ( 'NONE',  ( -6.133248313036694400, 1.274052472180233500, 1.003511519317804100 ) ) ;
#8076 = ORIENTED_EDGE ( 'NONE', *, *, #1500, .F. ) ;
#8077 = DIRECTION ( 'NONE',  ( 0.0000000000000000000, 0.0000000000000000000, 1.000000000000000000 ) ) ;
#8078 = CIRCLE ( 'NONE', #1502, 0.1800000000000003500 ) ;
#8080 = DIRECTION ( 'NONE',  ( -0.0000000000000000000, -1.000000000000000000, -0.0000000000000000000 ) ) ;
#8079 = CARTESIAN_POINT ( 'NONE',  ( -0.1000000000000000100, 2.779999999999999800, -6.775000000000000400 ) ) ;
#8081 = CARTESIAN_POINT ( 'NONE',  ( 6.854841906614974600, 0.9429989624232609800, -9.774740791506442200 ) ) ;
#8082 = EDGE_CURVE ( 'NONE', #1878, #3963, #1198, .T. ) ;
#8083 = CARTESIAN_POINT ( 'NONE',  ( -5.820683886816488500, -0.5022621633666619600, 0.6658812498487639600 ) ) ;
#8084 = ORIENTED_EDGE ( 'NONE', *, *, #4321, .F. ) ;
#8085 = CARTESIAN_POINT ( 'NONE',  ( -0.1000000000000000100, 2.779999999999999800, -6.775000000000000400 ) ) ;
#8086 = ORIENTED_EDGE ( 'NONE', *, *, #2566, .F. ) ;
#8087 = ORIENTED_EDGE ( 'NONE', *, *, #6394, .T. ) ;
#8088 = ORIENTED_EDGE ( 'NONE', *, *, #8507, .F. ) ;
#8089 = DIRECTION ( 'NONE',  ( -0.0000000000000000000, 0.0000000000000000000, 1.000000000000000000 ) ) ;
#8090 = DIRECTION ( 'NONE',  ( -0.0000000000000000000, 1.000000000000000000, -0.0000000000000000000 ) ) ;
#8091 = DIRECTION ( 'NONE',  ( 0.1521599633690915700, -0.03449312277525674200, -0.9877538003109518300 ) ) ;
#8092 = CARTESIAN_POINT ( 'NONE',  ( 6.259999999999998900, 2.549999999999999800, -1.224994274580305500 ) ) ;
#8093 = ORIENTED_EDGE ( 'NONE', *, *, #4263, .F. ) ;
#8094 = ORIENTED_EDGE ( 'NONE', *, *, #6125, .F. ) ;
#8095 = ORIENTED_EDGE ( 'NONE', *, *, #2745, .F. ) ;
#8096 = AXIS2_PLACEMENT_3D ( 'NONE', #7464, #5291, #7407 ) ;
#8097 = VECTOR ( 'NONE', #6117, 1000.000000000000100 ) ;
#8098 = EDGE_CURVE ( 'NONE', #306, #4920, #3275, .T. ) ;
#8099 = ORIENTED_EDGE ( 'NONE', *, *, #1534, .F. ) ;
#8100 = CARTESIAN_POINT ( 'NONE',  ( 2.367680041067742100, -2.076906743079793400, 3.066959884049310400 ) ) ;
#8101 = PLANE ( 'NONE',  #4176 ) ;
#8103 = DIRECTION ( 'NONE',  ( -0.0000000000000000000, -0.0000000000000000000, -1.000000000000000000 ) ) ;
#8102 = DIRECTION ( 'NONE',  ( -1.000000000000000000, 0.0000000000000000000, 0.0000000000000000000 ) ) ;
#8104 = AXIS2_PLACEMENT_3D ( 'NONE', #6781, #8255, #7537 ) ;
#8105 = CARTESIAN_POINT ( 'NONE',  ( -6.590000000000030900, 2.686402863664274900, 2.554882703278610100 ) ) ;
#8106 = CARTESIAN_POINT ( 'NONE',  ( 4.467444677206666300, 2.484345597614078000, 3.541608534801085700 ) ) ;
#8107 = ORIENTED_EDGE ( 'NONE', *, *, #5096, .F. ) ;
#8108 = DIRECTION ( 'NONE',  ( 1.000000000000000000, -1.181048118175931000E-016, 0.0000000000000000000 ) ) ;
#8109 = ADVANCED_FACE ( 'NONE', ( #2606 ), #870, .F. ) ;
#8110 = ORIENTED_EDGE ( 'NONE', *, *, #437, .F. ) ;
#8111 = PERSON_AND_ORGANIZATION ( #2266, #3475 ) ;
#8112 = PLANE ( 'NONE',  #4433 ) ;
#8113 = CARTESIAN_POINT ( 'NONE',  ( -1.999186377991320200, -2.879999999999999900, -0.7050000000000005200 ) ) ;
#8114 = CARTESIAN_POINT ( 'NONE',  ( 6.405202790790650800, 1.974165769936618400, -10.59865379181251300 ) ) ;
#8115 = VERTEX_POINT ( 'NONE', #485 ) ;
#8116 = ORIENTED_EDGE ( 'NONE', *, *, #1835, .T. ) ;
#8117 = VERTEX_POINT ( 'NONE', #6049 ) ;
#8118 = VECTOR ( 'NONE', #675, 1000.000000000000000 ) ;
#8119 = EDGE_CURVE ( 'NONE', #931, #5638, #5113, .T. ) ;
#8120 = ORIENTED_EDGE ( 'NONE', *, *, #7368, .F. ) ;
#8121 = CARTESIAN_POINT ( 'NONE',  ( 2.427803805880960600, 2.977575484239827200, 4.214189658631164000 ) ) ;
#8122 = DIRECTION ( 'NONE',  ( 1.000000000000000000, 0.0000000000000000000, -3.316747347134612400E-015 ) ) ;
#8123 = ORIENTED_EDGE ( 'NONE', *, *, #7875, .T. ) ;
#8124 = CARTESIAN_POINT ( 'NONE',  ( 6.540000000000000000, 0.4566362751914924100, -3.830697027045894200 ) ) ;
#8125 = ORIENTED_EDGE ( 'NONE', *, *, #8266, .F. ) ;
#8126 = DIRECTION ( 'NONE',  ( 1.000000000000000000, -0.0000000000000000000, 0.0000000000000000000 ) ) ;
#8127 = EDGE_LOOP ( 'NONE', ( #4535, #4350, #6742, #3221, #5753, #6859, #6682, #5195, #3352, #2064, #1691, #2741, #4194, #1825, #6470, #3178, #6286, #3142, #5397, #7451 ) ) ;
#8128 = VECTOR ( 'NONE', #2016, 1000.000000000000000 ) ;
#8129 = CARTESIAN_POINT ( 'NONE',  ( 6.703666252293091400, 2.056326113840165600, -9.869480739668535600 ) ) ;
#8130 = DIRECTION ( 'NONE',  ( 0.0000000000000000000, 0.0000000000000000000, -1.000000000000000000 ) ) ;
#8131 = ORIENTED_EDGE ( 'NONE', *, *, #3388, .T. ) ;
#8132 = CARTESIAN_POINT ( 'NONE',  ( 0.2664338688640217600, 2.879999999999999900, 4.014026416602996000 ) ) ;
#8133 = VERTEX_POINT ( 'NONE', #5367 ) ;
#8134 = CARTESIAN_POINT ( 'NONE',  ( 4.909999999999998400, -2.549999999999999800, -0.7050000000000007400 ) ) ;
#8135 = LINE ( 'NONE', #3470, #764 ) ;
#8136 = VERTEX_POINT ( 'NONE', #5331 ) ;
#8137 = CARTESIAN_POINT ( 'NONE',  ( -3.975257074896937100, -1.149999999999999900, -4.275000000000001200 ) ) ;
#8138 = EDGE_LOOP ( 'NONE', ( #500, #7034, #3874, #4569, #2904, #5371, #2270, #3775, #6426, #8890, #6766, #3606, #6449, #2907, #1196 ) ) ;
#8139 = VECTOR ( 'NONE', #155, 1000.000000000000000 ) ;
#8140 = ORIENTED_EDGE ( 'NONE', *, *, #8447, .T. ) ;
#8141 = EDGE_CURVE ( 'NONE', #7338, #5230, #5854, .T. ) ;
#8142 = CARTESIAN_POINT ( 'NONE',  ( 7.058913045251232500, 2.057692400159014700, -9.857354948588742600 ) ) ;
#8143 = VECTOR ( 'NONE', #1165, 1000.000000000000000 ) ;
#8144 = DIRECTION ( 'NONE',  ( -3.011672701348624000E-016, -1.000000000000000000, 0.0000000000000000000 ) ) ;
#8146 = CARTESIAN_POINT ( 'NONE',  ( -1.075257074896937200, -0.8999999999999998000, -9.124999999999998200 ) ) ;
#8145 = DIRECTION ( 'NONE',  ( 0.0000000000000000000, 0.0000000000000000000, 1.000000000000000000 ) ) ;
#8147 = PLANE ( 'NONE',  #6209 ) ;
#8148 = VERTEX_POINT ( 'NONE', #6721 ) ;
#8149 = CARTESIAN_POINT ( 'NONE',  ( 6.589999999999999900, 2.404999999999999800, -6.775000000000000400 ) ) ;
#8150 = FACE_OUTER_BOUND ( 'NONE', #537, .T. ) ;
#8151 = ORIENTED_EDGE ( 'NONE', *, *, #2447, .T. ) ;
#8152 = ORIENTED_EDGE ( 'NONE', *, *, #7742, .F. ) ;
#8153 = DIRECTION ( 'NONE',  ( -2.124908078801903100E-016, 1.000000000000000000, 0.0000000000000000000 ) ) ;
#8154 = VECTOR ( 'NONE', #3850, 1000.000000000000000 ) ;
#8155 = LINE ( 'NONE', #8821, #6108 ) ;
#8156 = CARTESIAN_POINT ( 'NONE',  ( -0.1000000000000000100, 2.779999999999999800, -6.775000000000000400 ) ) ;
#8157 = EDGE_CURVE ( 'NONE', #8265, #2621, #7, .T. ) ;
#8158 = AXIS2_PLACEMENT_3D ( 'NONE', #3414, #7577, #8942 ) ;
#8159 = EDGE_CURVE ( 'NONE', #7801, #751, #6948, .T. ) ;
#8160 = ORIENTED_EDGE ( 'NONE', *, *, #6777, .F. ) ;
#8161 = CARTESIAN_POINT ( 'NONE',  ( 7.729042042437245500, 0.7432609556024335500, -8.002065980971602600 ) ) ;
#8162 = CARTESIAN_POINT ( 'NONE',  ( -4.504716842426745400, 2.484345597614078500, 2.830413255589193400 ) ) ;
#8163 = ADVANCED_FACE ( 'NONE', ( #6075 ), #1431, .T. ) ;
#8164 = AXIS2_PLACEMENT_3D ( 'NONE', #2151, #1494, #1435 ) ;
#8165 = CYLINDRICAL_SURFACE ( 'NONE', #3923, 0.1000000000000000500 ) ;
#8166 = DIRECTION ( 'NONE',  ( -1.000000000000000000, -3.011672701348624000E-016, 0.0000000000000000000 ) ) ;
#8167 = CARTESIAN_POINT ( 'NONE',  ( -0.1000000000000000100, 2.779999999999999800, -6.775000000000000400 ) ) ;
#8168 = LINE ( 'NONE', #7178, #2639 ) ;
#8169 = CARTESIAN_POINT ( 'NONE',  ( 2.321093214235648600, -2.879999999999999900, 2.178030273418620800 ) ) ;
#8170 = DIRECTION ( 'NONE',  ( 0.0000000000000000000, -1.000000000000000000, 0.0000000000000000000 ) ) ;
#8171 = VERTEX_POINT ( 'NONE', #421 ) ;
#8172 = CARTESIAN_POINT ( 'NONE',  ( 4.860813622008678600, 2.549999999999999800, -0.5250000000000006900 ) ) ;
#8173 = AXIS2_PLACEMENT_3D ( 'NONE', #6984, #2838, #3609 ) ;
#8174 = VECTOR ( 'NONE', #1924, 1000.000000000000000 ) ;
#8175 = VECTOR ( 'NONE', #7378, 1000.000000000000000 ) ;
#8177 = CARTESIAN_POINT ( 'NONE',  ( 2.309851004465815800, 2.879999999999999900, 1.963516132128330100 ) ) ;
#8176 = DIRECTION ( 'NONE',  ( 0.0000000000000000000, 0.0000000000000000000, -1.000000000000000000 ) ) ;
#8178 = CARTESIAN_POINT ( 'NONE',  ( -6.539999999999999100, 0.6099088255744773400, -3.371594611156200700 ) ) ;
#8179 = EDGE_CURVE ( 'NONE', #6691, #678, #8018, .T. ) ;
#8180 = EDGE_LOOP ( 'NONE', ( #3373, #1285, #6497, #5497, #649 ) ) ;
#8181 = VECTOR ( 'NONE', #1657, 1000.000000000000000 ) ;
#8182 = PLANE ( 'NONE',  #8244 ) ;
#8183 = EDGE_CURVE ( 'NONE', #3336, #8862, #6734, .T. ) ;
#8184 = DIRECTION ( 'NONE',  ( -0.0000000000000000000, -1.000000000000000000, -0.0000000000000000000 ) ) ;
#8185 = CARTESIAN_POINT ( 'NONE',  ( 7.033248313036693000, -5.263181610785594000, 1.003511519317807000 ) ) ;
#8186 = VECTOR ( 'NONE', #7133, 1000.000000000000000 ) ;
#8187 = ORIENTED_EDGE ( 'NONE', *, *, #1498, .F. ) ;
#8188 = DIRECTION ( 'NONE',  ( 0.0000000000000000000, 0.0000000000000000000, 1.000000000000000000 ) ) ;
#8189 = CARTESIAN_POINT ( 'NONE',  ( -6.589999999999999000, 1.379999999999999900, -3.249120853379041000E-031 ) ) ;
#8190 = VECTOR ( 'NONE', #5205, 1000.000000000000100 ) ;
#8191 = ORIENTED_EDGE ( 'NONE', *, *, #8681, .T. ) ;
#8192 = EDGE_CURVE ( 'NONE', #5592, #7713, #927, .T. ) ;
#8193 = DIRECTION ( 'NONE',  ( 0.0000000000000000000, -1.000000000000000000, 0.0000000000000000000 ) ) ;
#8194 = DIRECTION ( 'NONE',  ( -1.000000000000000000, -2.628368902995162800E-015, -2.673649675311314200E-016 ) ) ;
#8195 = CARTESIAN_POINT ( 'NONE',  ( -1.950000000000000000, 2.549999999999999800, -0.5250000000000005800 ) ) ;
#8196 = ORIENTED_EDGE ( 'NONE', *, *, #7298, .T. ) ;
#8197 = EDGE_CURVE ( 'NONE', #6528, #6397, #8997, .T. ) ;
#8198 = CARTESIAN_POINT ( 'NONE',  ( -1.999186377991321500, 2.549999999999999800, -0.5250000000000004700 ) ) ;
#8199 = DIRECTION ( 'NONE',  ( -0.0000000000000000000, 0.0000000000000000000, 1.000000000000000000 ) ) ;
#8200 = DIRECTION ( 'NONE',  ( 0.0000000000000000000, -1.000000000000000000, 0.0000000000000000000 ) ) ;
#8201 = ADVANCED_FACE ( 'NONE', ( #759 ), #7603, .F. ) ;
#8202 = CARTESIAN_POINT ( 'NONE',  ( -0.1000000000000000100, 2.779999999999999800, 4.638502621547047500 ) ) ;
#8203 = CARTESIAN_POINT ( 'NONE',  ( 0.3664338688640216800, 2.879999999999999900, -4.926190669741541400 ) ) ;
#8204 = DIRECTION ( 'NONE',  ( -1.000000000000000000, 2.628368902995162800E-015, -2.673649675311314200E-016 ) ) ;
#8205 = VERTEX_POINT ( 'NONE', #1975 ) ;
#8206 = FACE_OUTER_BOUND ( 'NONE', #7731, .T. ) ;
#8207 = ORIENTED_EDGE ( 'NONE', *, *, #7719, .F. ) ;
#8208 = CIRCLE ( 'NONE', #3754, 0.1999999999999994300 ) ;
#8209 = ORIENTED_EDGE ( 'NONE', *, *, #2008, .T. ) ;
#8210 = EDGE_CURVE ( 'NONE', #3735, #6054, #6198, .T. ) ;
#8211 = AXIS2_PLACEMENT_3D ( 'NONE', #2362, #6610, #5166 ) ;
#8212 = CARTESIAN_POINT ( 'NONE',  ( 7.570196438629825900, 0.7928128188517860100, -8.441838767309608500 ) ) ;
#8213 = EDGE_CURVE ( 'NONE', #8339, #6808, #3006, .T. ) ;
#8214 = CARTESIAN_POINT ( 'NONE',  ( -6.260000000000000700, -2.549999999999999800, -0.7050000000000007400 ) ) ;
#8215 = CARTESIAN_POINT ( 'NONE',  ( 4.461414476889840100, -2.159501087769423000, 3.656671611300820900 ) ) ;
#8216 = DIRECTION ( 'NONE',  ( 0.9883419278128943200, 2.976562403592365800E-016, 0.1522505623211007900 ) ) ;
#8217 = ORIENTED_EDGE ( 'NONE', *, *, #450, .T. ) ;
#8218 = ORIENTED_EDGE ( 'NONE', *, *, #7129, .F. ) ;
#8219 = EDGE_LOOP ( 'NONE', ( #1398, #5294, #196, #5482, #8462, #3442, #2683, #3773, #4104 ) ) ;
#8220 = FACE_OUTER_BOUND ( 'NONE', #4573, .T. ) ;
#8221 = DIRECTION ( 'NONE',  ( 3.285461128743965400E-016, -1.000000000000000000, 0.0000000000000000000 ) ) ;
#8222 = CARTESIAN_POINT ( 'NONE',  ( -4.479841560701152600, 2.076906743079788100, 3.305061906340967400 ) ) ;
#8223 = EDGE_CURVE ( 'NONE', #5786, #7573, #4231, .T. ) ;
#8224 = VERTEX_POINT ( 'NONE', #2749 ) ;
#8225 = ORIENTED_EDGE ( 'NONE', *, *, #1543, .F. ) ;
#8226 = DIRECTION ( 'NONE',  ( -1.431289996680534200E-016, 0.0000000000000000000, -1.000000000000000000 ) ) ;
#8227 = VERTEX_POINT ( 'NONE', #687 ) ;
#8228 = LINE ( 'NONE', #1776, #5734 ) ;
#8229 = CARTESIAN_POINT ( 'NONE',  ( -4.640307561336753000, 2.879999999999999900, 0.2431882144799621700 ) ) ;
#8230 = EDGE_CURVE ( 'NONE', #6820, #749, #3265, .T. ) ;
#8231 = ORIENTED_EDGE ( 'NONE', *, *, #4273, .T. ) ;
#8232 = CARTESIAN_POINT ( 'NONE',  ( 0.2664338688640217100, 2.879999999999999900, -4.826190669741540900 ) ) ;
#8233 = DIRECTION ( 'NONE',  ( 0.0000000000000000000, 0.0000000000000000000, -1.000000000000000000 ) ) ;
#8234 = CARTESIAN_POINT ( 'NONE',  ( 6.371725516837170000, 0.6275661116552394600, -6.975274240940255900 ) ) ;
#8235 = EDGE_LOOP ( 'NONE', ( #4422, #6862, #1771, #7659, #2574, #1393, #6215, #8336, #1345, #7021, #5063, #4309 ) ) ;
#8236 = LINE ( 'NONE', #7629, #4331 ) ;
#8237 = DIRECTION ( 'NONE',  ( -0.0000000000000000000, -1.000000000000000000, -0.0000000000000000000 ) ) ;
#8238 = ORIENTED_EDGE ( 'NONE', *, *, #3206, .F. ) ;
#8239 = VECTOR ( 'NONE', #6670, 1000.000000000000000 ) ;
#8240 = VERTEX_POINT ( 'NONE', #6899 ) ;
#8241 = CARTESIAN_POINT ( 'NONE',  ( 4.860813622008679500, 2.879999999999999900, -0.7050000000000007400 ) ) ;
#8242 = CARTESIAN_POINT ( 'NONE',  ( 2.340843213202029800, 2.686402863664274500, 2.554882703278625200 ) ) ;
#8243 = LINE ( 'NONE', #4209, #6403 ) ;
#8244 = AXIS2_PLACEMENT_3D ( 'NONE', #5503, #2675, #636 ) ;
#8245 = EDGE_CURVE ( 'NONE', #3017, #277, #8778, .T. ) ;
#8246 = VERTEX_POINT ( 'NONE', #6845 ) ;
#8247 = VECTOR ( 'NONE', #8747, 1000.000000000000200 ) ;
#8248 = CARTESIAN_POINT ( 'NONE',  ( -2.314480939401523300, -3.055288562532398900, 2.051860553491853700 ) ) ;
#8249 = CARTESIAN_POINT ( 'NONE',  ( 4.589999999999999000, -2.449999999999999700, -5.775000000000000400 ) ) ;
#8250 = ADVANCED_FACE ( 'NONE', ( #4786 ), #5467, .F. ) ;
#8251 = FACE_OUTER_BOUND ( 'NONE', #6653, .T. ) ;
#8252 = ORIENTED_EDGE ( 'NONE', *, *, #4813, .T. ) ;
#8253 = LINE ( 'NONE', #7456, #2954 ) ;
#8254 = ORIENTED_EDGE ( 'NONE', *, *, #3555, .T. ) ;
#8255 = DIRECTION ( 'NONE',  ( 1.000000000000000000, -0.0000000000000000000, -0.0000000000000000000 ) ) ;
#8256 = CIRCLE ( 'NONE', #3940, 0.1799999999999999400 ) ;
#8257 = ORIENTED_EDGE ( 'NONE', *, *, #5231, .F. ) ;
#8258 = VERTEX_POINT ( 'NONE', #6119 ) ;
#8259 = CARTESIAN_POINT ( 'NONE',  ( 6.854841906614635300, 0.9429989624232459900, -9.774740791506310700 ) ) ;
#8260 = FACE_OUTER_BOUND ( 'NONE', #7370, .T. ) ;
#8261 = DIRECTION ( 'NONE',  ( -1.000000000000000000, 2.628368902995162800E-015, -2.673649675311314200E-016 ) ) ;
#8262 = LINE ( 'NONE', #7211, #5128 ) ;
#8263 = EDGE_LOOP ( 'NONE', ( #886, #6718, #3411, #6265 ) ) ;
#8264 = VECTOR ( 'NONE', #334, 1000.000000000000000 ) ;
#8265 = VERTEX_POINT ( 'NONE', #4830 ) ;
#8266 = EDGE_CURVE ( 'NONE', #4325, #1968, #8236, .T. ) ;
#8267 = CARTESIAN_POINT ( 'NONE',  ( -6.589999999999999900, 2.404999999999999800, -6.775000000000000400 ) ) ;
#8268 = DIRECTION ( 'NONE',  ( -2.124908078801903100E-016, 1.000000000000000000, 0.0000000000000000000 ) ) ;
#8270 = CARTESIAN_POINT ( 'NONE',  ( 5.803248313036692500, -5.263181610785594000, 0.9045998214170121200 ) ) ;
#8269 = CARTESIAN_POINT ( 'NONE',  ( -4.910000000000000100, -1.879999999999999700, -0.5250000000000008000 ) ) ;
#8271 = VERTEX_POINT ( 'NONE', #2092 ) ;
#8272 = CARTESIAN_POINT ( 'NONE',  ( 7.628237703307986500, 2.235293145312248400, -8.281148335353792700 ) ) ;
#8273 = VECTOR ( 'NONE', #5068, 1000.000000000000000 ) ;
#8274 = DIRECTION ( 'NONE',  ( -0.0000000000000000000, 1.000000000000000000, -0.0000000000000000000 ) ) ;
#8275 = LINE ( 'NONE', #4574, #4260 ) ;
#8276 = VECTOR ( 'NONE', #598, 1000.000000000000100 ) ;
#8277 = CARTESIAN_POINT ( 'NONE',  ( 4.467444677206666300, -2.484345597614078000, 3.541608534801085700 ) ) ;
#8278 = VERTEX_POINT ( 'NONE', #1341 ) ;
#8279 = DIRECTION ( 'NONE',  ( -1.431289996680534200E-016, 0.0000000000000000000, 1.000000000000000000 ) ) ;
#8280 = CIRCLE ( 'NONE', #593, 0.1799999999999997200 ) ;
#8281 = CARTESIAN_POINT ( 'NONE',  ( -4.430897119844612300, 2.814368043255621300, 4.238977472429032100 ) ) ;
#8282 = DIRECTION ( 'NONE',  ( -0.04222409276774596200, 0.5908391699278813200, 0.8056836856166772500 ) ) ;
#8283 = EDGE_CURVE ( 'NONE', #6846, #1164, #1423, .T. ) ;
#8284 = VECTOR ( 'NONE', #2441, 1000.000000000000000 ) ;
#8285 = B_SPLINE_SURFACE_WITH_KNOTS ( 'NONE', 3, 3, ( 
 ( #446, #3302, #6070, #3269 ),
 ( #8124, #3986, #4691, #1233 ),
 ( #4022, #2622, #3328, #3934 ),
 ( #8764, #4624, #5323, #6011 ) ),
 .UNSPECIFIED., .F., .F., .F.,
 ( 4, 4 ),
 ( 4, 4 ),
 ( 0.0000000000000000000, 1.000000000000000000 ),
 ( 0.0000000000000000000, 1.000000000000000000 ),
 .UNSPECIFIED. ) ;
#8286 = CARTESIAN_POINT ( 'NONE',  ( -4.185257074896937500, 1.049999999999947900, -4.275000000000001200 ) ) ;
#8287 = CARTESIAN_POINT ( 'NONE',  ( -6.540000000000000000, 0.1500911744255225000, -3.371594611156200700 ) ) ;
#8288 = LINE ( 'NONE', #1324, #245 ) ;
#8289 = ORIENTED_EDGE ( 'NONE', *, *, #363, .T. ) ;
#8290 = ORIENTED_EDGE ( 'NONE', *, *, #1729, .T. ) ;
#8291 = CARTESIAN_POINT ( 'NONE',  ( 6.238397152621086400, 1.213670720157626900, -0.7255956252676421000 ) ) ;
#8292 = LINE ( 'NONE', #5668, #8511 ) ;
#8293 = CARTESIAN_POINT ( 'NONE',  ( -6.259999999999999800, -0.6200000000000000000, 4.062720395229398200 ) ) ;
#8294 = CC_DESIGN_SECURITY_CLASSIFICATION ( #8579, ( #2897 ) ) ;
#8295 = PLANE ( 'NONE',  #83 ) ;
#8296 = FACE_OUTER_BOUND ( 'NONE', #4086, .T. ) ;
#8297 = ORIENTED_EDGE ( 'NONE', *, *, #1835, .F. ) ;
#8298 = ADVANCED_FACE ( 'NONE', ( #5540 ), #2006, .T. ) ;
#8299 = LINE ( 'NONE', #239, #2547 ) ;
#8301 = PLANE ( 'NONE',  #5918 ) ;
#8300 = DIRECTION ( 'NONE',  ( 0.0000000000000000000, -1.000000000000000000, 0.0000000000000000000 ) ) ;
#8302 = CARTESIAN_POINT ( 'NONE',  ( 6.259999999999999800, -0.7164469686209429300, 4.174999999999999800 ) ) ;
#8303 = EDGE_CURVE ( 'NONE', #3473, #6578, #8006, .T. ) ;
#8304 = DIRECTION ( 'NONE',  ( -0.9986295347545739400, 0.0000000000000000000, 0.05233595624294380700 ) ) ;
#8305 = VERTEX_POINT ( 'NONE', #5493 ) ;
#8306 = CARTESIAN_POINT ( 'NONE',  ( 4.124742925103063000, -0.8999999999999998000, -9.124999999999998200 ) ) ;
#8307 = EDGE_CURVE ( 'NONE', #7253, #8069, #5956, .T. ) ;
#8308 = CARTESIAN_POINT ( 'NONE',  ( 4.432196194119039300, -2.977575484239821400, 4.214189658631164000 ) ) ;
#8309 = CARTESIAN_POINT ( 'NONE',  ( 6.589999999999999000, 0.6099088255744774500, -3.830697027045894200 ) ) ;
#8310 = ORIENTED_EDGE ( 'NONE', *, *, #827, .T. ) ;
#8311 = EDGE_LOOP ( 'NONE', ( #4782, #4254, #7774, #8669 ) ) ;
#8312 = EDGE_LOOP ( 'NONE', ( #7139, #5311, #1614, #8086 ) ) ;
#8313 = CARTESIAN_POINT ( 'NONE',  ( -6.540000000000000000, 0.1500911744255225000, -3.677662888415996500 ) ) ;
#8314 = ORIENTED_EDGE ( 'NONE', *, *, #8004, .T. ) ;
#8315 = DIRECTION ( 'NONE',  ( -0.0000000000000000000, 1.000000000000000000, -0.0000000000000000000 ) ) ;
#8316 = EDGE_CURVE ( 'NONE', #8435, #4218, #8455, .T. ) ;
#8317 = AXIS2_PLACEMENT_3D ( 'NONE', #1767, #3199, #8667 ) ;
#8318 = CARTESIAN_POINT ( 'NONE',  ( -6.854841906615507500, 0.9429989624232857400, -9.774740791506662400 ) ) ;
#8319 = DIRECTION ( 'NONE',  ( -2.376333528735351700E-015, 1.000000000000000000, 0.0000000000000000000 ) ) ;
#8320 = ORIENTED_EDGE ( 'NONE', *, *, #3353, .T. ) ;
#8321 = ORIENTED_EDGE ( 'NONE', *, *, #3519, .F. ) ;
#8322 = VERTEX_POINT ( 'NONE', #5004 ) ;
#8323 = VECTOR ( 'NONE', #3913, 1000.000000000000000 ) ;
#8324 = ORIENTED_EDGE ( 'NONE', *, *, #3435, .T. ) ;
#8325 = MANIFOLD_SOLID_BREP ( 'Cut-Extrude7', #1880 ) ;
#8327 = CARTESIAN_POINT ( 'NONE',  ( 6.589999999999999000, 1.379999999999999900, -3.249120853379041000E-031 ) ) ;
#8326 = CARTESIAN_POINT ( 'NONE',  ( -3.164787358299299600, 1.049999999999947900, -4.275000000000001200 ) ) ;
#8328 = CARTESIAN_POINT ( 'NONE',  ( -2.418971131836033600, -2.814368043255626200, 4.045652197861752300 ) ) ;
#8329 = EDGE_LOOP ( 'NONE', ( #1607, #8095, #2617, #5239, #8495, #7968, #7470, #4608, #1663, #5506, #7851, #7767, #1712, #6481, #4675, #1831 ) ) ;
#8330 = EDGE_CURVE ( 'NONE', #6942, #525, #5207, .T. ) ;
#8331 = EDGE_CURVE ( 'NONE', #8904, #8435, #6608, .T. ) ;
#8332 = ORIENTED_EDGE ( 'NONE', *, *, #6288, .T. ) ;
#8333 = COORDINATED_UNIVERSAL_TIME_OFFSET ( 3, 30, .AHEAD. ) ;
#8334 = PLANE ( 'NONE',  #6319 ) ;
#8335 = CARTESIAN_POINT ( 'NONE',  ( -3.775257074896937000, -1.149999999999999700, -9.324999999999995700 ) ) ;
#8336 = ORIENTED_EDGE ( 'NONE', *, *, #8230, .T. ) ;
#8337 = ORIENTED_EDGE ( 'NONE', *, *, #1498, .T. ) ;
#8338 = ADVANCED_FACE ( 'NONE', ( #3484 ), #46, .T. ) ;
#8339 = VERTEX_POINT ( 'NONE', #2208 ) ;
#8340 = VECTOR ( 'NONE', #210, 1000.000000000000000 ) ;
#8341 = CARTESIAN_POINT ( 'NONE',  ( -2.200902539776424100, -1.879999999999999700, -0.1153444145280875900 ) ) ;
#8342 = AXIS2_PLACEMENT_3D ( 'NONE', #2861, #7809, #2194 ) ;
#8343 = ORIENTED_EDGE ( 'NONE', *, *, #8618, .F. ) ;
#8344 = CARTESIAN_POINT ( 'NONE',  ( 5.328437190809231600, -1.430930462220299600, -4.275000000000001200 ) ) ;
#8345 = ORIENTED_EDGE ( 'NONE', *, *, #7904, .T. ) ;
#8346 = CARTESIAN_POINT ( 'NONE',  ( -2.390120725279556000, 2.041053684971424700, 3.495153646861077800 ) ) ;
#8347 = ORIENTED_EDGE ( 'NONE', *, *, #2337, .F. ) ;
#8348 = VECTOR ( 'NONE', #4730, 1000.000000000000000 ) ;
#8349 = EDGE_CURVE ( 'NONE', #3528, #1099, #647, .T. ) ;
#8350 = VERTEX_POINT ( 'NONE', #7706 ) ;
#8351 = LINE ( 'NONE', #2081, #10 ) ;
#8352 =( BOUNDED_CURVE ( )  B_SPLINE_CURVE ( 3, ( #2680, #677, #3393, #2652 ),
 .UNSPECIFIED., .F., .F. ) 
 B_SPLINE_CURVE_WITH_KNOTS ( ( 4, 4 ),
 ( 0.9380438862513345000, 1.570796326794946700 ),
 .UNSPECIFIED. ) 
 CURVE ( )  GEOMETRIC_REPRESENTATION_ITEM ( )  RATIONAL_B_SPLINE_CURVE ( ( 1.000000000000000000, 0.9669127352965452000, 0.9669127352965452000, 1.000000000000000000 ) ) 
 REPRESENTATION_ITEM ( '' )  );
#8354 = CARTESIAN_POINT ( 'NONE',  ( 6.811409716464076800, -2.516311570751009500, 4.143227682101552600 ) ) ;
#8353 = DIRECTION ( 'NONE',  ( -0.0000000000000000000, 1.000000000000000000, -0.0000000000000000000 ) ) ;
#8355 = ORIENTED_EDGE ( 'NONE', *, *, #6029, .F. ) ;
#8356 = CARTESIAN_POINT ( 'NONE',  ( 0.3664338688640217400, 2.779999999999999800, 3.914026416602995400 ) ) ;
#8357 = VECTOR ( 'NONE', #569, 1000.000000000000000 ) ;
#8358 = ORIENTED_EDGE ( 'NONE', *, *, #3135, .F. ) ;
#8359 = LINE ( 'NONE', #4995, #3712 ) ;
#8360 = VERTEX_POINT ( 'NONE', #160 ) ;
#8361 = CARTESIAN_POINT ( 'NONE',  ( -7.317863657066530100, 2.247924905874342900, -8.169041460365205500 ) ) ;
#8362 = LINE ( 'NONE', #6986, #773 ) ;
#8363 = EDGE_CURVE ( 'NONE', #2188, #5172, #6398, .T. ) ;
#8364 = DIRECTION ( 'NONE',  ( -1.000000000000000000, -3.011672701348624000E-016, 0.0000000000000000000 ) ) ;
#8365 = DIRECTION ( 'NONE',  ( 0.0000000000000000000, 0.5913665711502956700, -0.8064028636642743800 ) ) ;
#8366 = LINE ( 'NONE', #7663, #7810 ) ;
#8367 = ORIENTED_EDGE ( 'NONE', *, *, #7887, .F. ) ;
#8368 = VECTOR ( 'NONE', #6169, 1000.000000000000000 ) ;
#8369 = VERTEX_POINT ( 'NONE', #3574 ) ;
#8370 = VERTEX_POINT ( 'NONE', #771 ) ;
#8371 = ORIENTED_EDGE ( 'NONE', *, *, #8646, .F. ) ;
#8372 = VECTOR ( 'NONE', #1304, 1000.000000000000000 ) ;
#8373 = CARTESIAN_POINT ( 'NONE',  ( 1.769999999999998900, -1.879999999999999700, 5.534999999999999300 ) ) ;
#8374 = CARTESIAN_POINT ( 'NONE',  ( -6.540000000000000000, 0.1500911744255225000, -3.524628749786098400 ) ) ;
#8375 = LINE ( 'NONE', #3765, #5573 ) ;
#8376 = CARTESIAN_POINT ( 'NONE',  ( -6.133248313036694400, -0.5105983995777954000, 0.9045998214170117800 ) ) ;
#8377 = LINE ( 'NONE', #6730, #2521 ) ;
#8378 = CARTESIAN_POINT ( 'NONE',  ( 4.479841560701151700, 2.076906743079788500, 3.305061906340968300 ) ) ;
#8379 = ORIENTED_EDGE ( 'NONE', *, *, #1300, .T. ) ;
#8380 = CARTESIAN_POINT ( 'NONE',  ( -13.67140971646411500, 2.516311570750991300, 4.143227682101555200 ) ) ;
#8381 = DIRECTION ( 'NONE',  ( -0.0000000000000000000, -0.0000000000000000000, -1.000000000000000000 ) ) ;
#8382 = FACE_OUTER_BOUND ( 'NONE', #7152, .T. ) ;
#8383 = VECTOR ( 'NONE', #2920, 1000.000000000000000 ) ;
#8384 = EDGE_CURVE ( 'NONE', #2553, #2027, #6935, .T. ) ;
#8385 = ADVANCED_FACE ( 'NONE', ( #1744 ), #8556, .T. ) ;
#8387 = CARTESIAN_POINT ( 'NONE',  ( 6.159999999999998400, 2.449999999999999700, -6.775000000000000400 ) ) ;
#8386 = CARTESIAN_POINT ( 'NONE',  ( 0.2664338688640217600, 2.779999999999999800, 4.014026416602996000 ) ) ;
#8388 = ORIENTED_EDGE ( 'NONE', *, *, #7308, .F. ) ;
#8389 = DIRECTION ( 'NONE',  ( -0.0000000000000000000, -0.0000000000000000000, 1.000000000000000000 ) ) ;
#8390 = LINE ( 'NONE', #4721, #6775 ) ;
#8391 = FACE_BOUND ( 'NONE', #1869, .T. ) ;
#8392 = CARTESIAN_POINT ( 'NONE',  ( 1.424742925103062800, -1.149999999999999700, -9.324999999999995700 ) ) ;
#8393 = CARTESIAN_POINT ( 'NONE',  ( -6.160000000000000100, 2.449999999999999700, -5.775000000000000400 ) ) ;
#8394 = PERSON_AND_ORGANIZATION_ROLE ( 'classification_officer' ) ;
#8395 = CARTESIAN_POINT ( 'NONE',  ( -6.589999999999999000, 0.6099088255744773400, -3.371594611156200700 ) ) ;
#8396 = FACE_OUTER_BOUND ( 'NONE', #2440, .T. ) ;
#8397 = EDGE_CURVE ( 'NONE', #1144, #4359, #6724, .T. ) ;
#8398 = VERTEX_POINT ( 'NONE', #8376 ) ;
#8399 = LINE ( 'NONE', #3485, #3444 ) ;
#8400 = AXIS2_PLACEMENT_3D ( 'NONE', #648, #1459, #2776 ) ;
#8401 = CARTESIAN_POINT ( 'NONE',  ( 5.803248313036694300, 1.270598399577797900, 0.9045998214170119000 ) ) ;
#8402 = PLANE ( 'NONE',  #8400 ) ;
#8403 = VECTOR ( 'NONE', #101, 1000.000000000000000 ) ;
#8404 = PLANE ( 'NONE',  #8173 ) ;
#8405 = CARTESIAN_POINT ( 'NONE',  ( -2.345055728690305800, -2.218232652604872800, 2.635262287109595600 ) ) ;
#8406 = VERTEX_POINT ( 'NONE', #5688 ) ;
#8407 = CARTESIAN_POINT ( 'NONE',  ( -13.67140971646411500, -2.218232652604843900, 3.736759503280686200 ) ) ;
#8408 = VECTOR ( 'NONE', #4567, 1000.000000000000000 ) ;
#8409 = ORIENTED_EDGE ( 'NONE', *, *, #2728, .T. ) ;
#8410 = DIRECTION ( 'NONE',  ( 0.1522505623211013700, -4.585288623074385000E-017, 0.9883419278128942100 ) ) ;
#8411 = DIRECTION ( 'NONE',  ( 3.011672701348624000E-016, -1.000000000000000000, 0.0000000000000000000 ) ) ;
#8412 = CARTESIAN_POINT ( 'NONE',  ( -6.260000000000000700, 2.549999999999999800, -1.224994274580305500 ) ) ;
#8413 = EDGE_LOOP ( 'NONE', ( #3707, #6701, #4405, #1163 ) ) ;
#8414 = DIRECTION ( 'NONE',  ( -0.0000000000000000000, 1.000000000000000000, -0.0000000000000000000 ) ) ;
#8415 = EDGE_CURVE ( 'NONE', #7192, #4989, #2713, .T. ) ;
#8416 = PLANE ( 'NONE',  #336 ) ;
#8417 = CARTESIAN_POINT ( 'NONE',  ( -2.388365252430826800, -2.076906743079793400, 3.461657229482880000 ) ) ;
#8418 = CARTESIAN_POINT ( 'NONE',  ( 5.855184962834833600, -5.263181610785594000, 0.5509520546897577200 ) ) ;
#8419 = ORIENTED_EDGE ( 'NONE', *, *, #2278, .T. ) ;
#8420 = ORIENTED_EDGE ( 'NONE', *, *, #7604, .F. ) ;
#8421 = ORIENTED_EDGE ( 'NONE', *, *, #3608, .F. ) ;
#8422 = FACE_OUTER_BOUND ( 'NONE', #5129, .T. ) ;
#8423 = EDGE_LOOP ( 'NONE', ( #6472, #4867, #4528, #5018 ) ) ;
#8424 = ADVANCED_FACE ( 'NONE', ( #7483 ), #8404, .F. ) ;
#8425 = DIRECTION ( 'NONE',  ( -0.0000000000000000000, 1.000000000000000000, -0.0000000000000000000 ) ) ;
#8426 = CARTESIAN_POINT ( 'NONE',  ( 6.811409716464076800, -2.484345597614072700, 2.830413255589194300 ) ) ;
#8427 = VERTEX_POINT ( 'NONE', #7674 ) ;
#8428 = ORIENTED_EDGE ( 'NONE', *, *, #6632, .T. ) ;
#8429 = VERTEX_POINT ( 'NONE', #1484 ) ;
#8430 = LINE ( 'NONE', #2327, #5926 ) ;
#8431 = CARTESIAN_POINT ( 'NONE',  ( -0.6647873582993000200, -1.150000000000034800, -4.275000000000001200 ) ) ;
#8432 = EDGE_CURVE ( 'NONE', #5014, #1883, #4893, .T. ) ;
#8433 = AXIS2_PLACEMENT_3D ( 'NONE', #8068, #390, #2470 ) ;
#8434 = DIRECTION ( 'NONE',  ( -0.0000000000000000000, 1.000000000000000000, -0.0000000000000000000 ) ) ;
#8435 = VERTEX_POINT ( 'NONE', #4261 ) ;
#8436 = APPROVAL_DATE_TIME ( #1626, #7703 ) ;
#8437 = PLANE ( 'NONE',  #5672 ) ;
#8438 = ADVANCED_FACE ( 'NONE', ( #1189 ), #9001, .T. ) ;
#8439 = ORIENTED_EDGE ( 'NONE', *, *, #6060, .F. ) ;
#8440 = ORIENTED_EDGE ( 'NONE', *, *, #6188, .T. ) ;
#8442 = CARTESIAN_POINT ( 'NONE',  ( -2.345055728690305800, 2.218232652604872800, 2.635262287109595600 ) ) ;
#8441 = DIRECTION ( 'NONE',  ( 0.0000000000000000000, -1.000000000000000000, 0.0000000000000000000 ) ) ;
#8443 = DIRECTION ( 'NONE',  ( 1.000000000000000000, -2.628368902995162400E-015, -2.673649675311314200E-016 ) ) ;
#8444 = VERTEX_POINT ( 'NONE', #2869 ) ;
#8445 = LINE ( 'NONE', #8979, #2265 ) ;
#8446 = ORIENTED_EDGE ( 'NONE', *, *, #4835, .F. ) ;
#8447 = EDGE_CURVE ( 'NONE', #5011, #3751, #201, .T. ) ;
#8448 = AXIS2_PLACEMENT_3D ( 'NONE', #5475, #2724, #7546 ) ;
#8449 = EDGE_CURVE ( 'NONE', #4438, #1221, #406, .T. ) ;
#8450 = ORIENTED_EDGE ( 'NONE', *, *, #5423, .F. ) ;
#8451 = CARTESIAN_POINT ( 'NONE',  ( -4.514944271309693700, 2.218232652604867500, 2.635262287109596100 ) ) ;
#8452 = AXIS2_PLACEMENT_3D ( 'NONE', #696, #6996, #5550 ) ;
#8453 = VERTEX_POINT ( 'NONE', #97 ) ;
#8454 = APPROVAL_ROLE ( '' ) ;
#8455 = LINE ( 'NONE', #7598, #1319 ) ;
#8456 = DIRECTION ( 'NONE',  ( 0.0000000000000000000, 0.0000000000000000000, -1.000000000000000000 ) ) ;
#8457 = EDGE_LOOP ( 'NONE', ( #4230, #7126, #3594, #2393, #2729, #8983, #8574, #4318, #5162 ) ) ;
#8458 = FACE_OUTER_BOUND ( 'NONE', #2290, .T. ) ;
#8459 = VERTEX_POINT ( 'NONE', #1519 ) ;
#8460 = LINE ( 'NONE', #4612, #1978 ) ;
#8461 = CARTESIAN_POINT ( 'NONE',  ( -6.160000000000000100, -2.449999999999999700, -6.775000000000000400 ) ) ;
#8462 = ORIENTED_EDGE ( 'NONE', *, *, #8551, .F. ) ;
#8463 = VECTOR ( 'NONE', #1385, 1000.000000000000000 ) ;
#8464 = CARTESIAN_POINT ( 'NONE',  ( 4.589999999999999000, 1.050000000000000300, -5.775000000000000400 ) ) ;
#8465 = PLANE ( 'NONE',  #3753 ) ;
#8466 = VECTOR ( 'NONE', #760, 1000.000000000000000 ) ;
#8467 = DIRECTION ( 'NONE',  ( -0.0000000000000000000, -1.000000000000000000, 0.0000000000000000000 ) ) ;
#8468 =( BOUNDED_CURVE ( )  B_SPLINE_CURVE ( 3, ( #3505, #4938, #8, #1477 ),
 .UNSPECIFIED., .F., .F. ) 
 B_SPLINE_CURVE_WITH_KNOTS ( ( 4, 4 ),
 ( 4.712388980384741200, 5.345141420928353400 ),
 .UNSPECIFIED. ) 
 CURVE ( )  GEOMETRIC_REPRESENTATION_ITEM ( )  RATIONAL_B_SPLINE_CURVE ( ( 1.000000000000000000, 0.9669127352965452000, 0.9669127352965452000, 1.000000000000000000 ) ) 
 REPRESENTATION_ITEM ( '' )  );
#8469 = VERTEX_POINT ( 'NONE', #5061 ) ;
#8470 = PLANE ( 'NONE',  #7689 ) ;
#8471 = VECTOR ( 'NONE', #6373, 1000.000000000000000 ) ;
#8472 = EDGE_CURVE ( 'NONE', #3110, #5346, #2272, .T. ) ;
#8473 = ORIENTED_EDGE ( 'NONE', *, *, #1772, .T. ) ;
#8474 = VECTOR ( 'NONE', #3330, 1000.000000000000000 ) ;
#8475 = VERTEX_POINT ( 'NONE', #8344 ) ;
#8476 = DIRECTION ( 'NONE',  ( -1.000000000000000000, -3.011672701348624000E-016, -0.0000000000000000000 ) ) ;
#8477 = ORIENTED_EDGE ( 'NONE', *, *, #8363, .T. ) ;
#8478 = ADVANCED_FACE ( 'NONE', ( #3912 ), #4372, .F. ) ;
#8480 = CARTESIAN_POINT ( 'NONE',  ( -3.375257074896937000, -0.8999999999999998000, -9.124999999999998200 ) ) ;
#8479 = DIRECTION ( 'NONE',  ( 1.000000000000000000, -0.0000000000000000000, -0.0000000000000000000 ) ) ;
#8481 = DIRECTION ( 'NONE',  ( 0.0000000000000000000, 0.0000000000000000000, 1.000000000000000000 ) ) ;
#8482 = EDGE_CURVE ( 'NONE', #3512, #7066, #7103, .T. ) ;
#8483 = LINE ( 'NONE', #3876, #5879 ) ;
#8484 = CYLINDRICAL_SURFACE ( 'NONE', #6324, 0.1000000000000000500 ) ;
#8485 = ORIENTED_EDGE ( 'NONE', *, *, #4204, .F. ) ;
#8486 = LINE ( 'NONE', #3665, #1564 ) ;
#8487 = VERTEX_POINT ( 'NONE', #2898 ) ;
#8488 = EDGE_CURVE ( 'NONE', #1630, #7682, #2070, .T. ) ;
#8489 = EDGE_LOOP ( 'NONE', ( #817, #3692, #5960, #4242 ) ) ;
#8490 = ADVANCED_FACE ( 'NONE', ( #7260 ), #1538, .T. ) ;
#8491 = VECTOR ( 'NONE', #8479, 1000.000000000000000 ) ;
#8492 = DIRECTION ( 'NONE',  ( -0.0000000000000000000, -1.000000000000000000, -0.0000000000000000000 ) ) ;
#8493 = LINE ( 'NONE', #4074, #5995 ) ;
#8494 = CARTESIAN_POINT ( 'NONE',  ( -7.317863657066529200, 0.7620750941256562200, -8.169041460365205500 ) ) ;
#8495 = ORIENTED_EDGE ( 'NONE', *, *, #8607, .F. ) ;
#8496 = EDGE_CURVE ( 'NONE', #8562, #6916, #3696, .T. ) ;
#8497 = AXIS2_PLACEMENT_3D ( 'NONE', #35, #1359, #8923 ) ;
#8498 = CARTESIAN_POINT ( 'NONE',  ( 6.089999999999999000, 1.476446968620943400, 4.174999999999999800 ) ) ;
#8499 = CARTESIAN_POINT ( 'NONE',  ( -2.321093214235650000, 2.880000000000000300, 2.178030273418619900 ) ) ;
#8500 = LINE ( 'NONE', #7841, #901 ) ;
#8501 = CARTESIAN_POINT ( 'NONE',  ( 6.589999999999999900, 0.6049999999999998700, -6.775000000000000400 ) ) ;
#8502 = VECTOR ( 'NONE', #3761, 1000.000000000000000 ) ;
#8503 = DIRECTION ( 'NONE',  ( 3.285461128743965800E-016, 1.000000000000000000, -2.062312011738056300E-017 ) ) ;
#8504 = VECTOR ( 'NONE', #5290, 1000.000000000000000 ) ;
#8505 = ORIENTED_EDGE ( 'NONE', *, *, #1772, .F. ) ;
#8506 = ORIENTED_EDGE ( 'NONE', *, *, #39, .T. ) ;
#8507 = EDGE_CURVE ( 'NONE', #2344, #5206, #1847, .T. ) ;
#8508 = AXIS2_PLACEMENT_3D ( 'NONE', #8185, #5487, #6949 ) ;
#8509 = B_SPLINE_CURVE_WITH_KNOTS ( 'NONE', 3,
 ( #4731, #2753, #8318, #4148 ),
 .UNSPECIFIED., .F., .F.,
 ( 4, 4 ),
 ( 0.0000000000000000000, 1.000000000000000000 ),
 .UNSPECIFIED. ) ;
#8510 = EDGE_CURVE ( 'NONE', #761, #4775, #5103, .T. ) ;
#8511 = VECTOR ( 'NONE', #3495, 1000.000000000000100 ) ;
#8512 = CARTESIAN_POINT ( 'NONE',  ( 4.640307561336753000, -2.879999999999999900, 0.2431882144799621700 ) ) ;
#8513 = DIRECTION ( 'NONE',  ( -0.0000000000000000000, 1.000000000000000000, -0.0000000000000000000 ) ) ;
#8514 = LINE ( 'NONE', #4315, #4850 ) ;
#8515 = EDGE_LOOP ( 'NONE', ( #5968, #4812, #8996, #2051 ) ) ;
#8516 = VECTOR ( 'NONE', #3718, 1000.000000000000200 ) ;
#8517 = VERTEX_POINT ( 'NONE', #8501 ) ;
#8518 = DIRECTION ( 'NONE',  ( 1.000000000000000000, -0.0000000000000000000, 0.0000000000000000000 ) ) ;
#8519 = PERSON_AND_ORGANIZATION_ROLE ( 'design_supplier' ) ;
#8520 = DIRECTION ( 'NONE',  ( -1.000000000000000000, 1.181048118175931000E-016, -0.0000000000000000000 ) ) ;
#8521 = EDGE_CURVE ( 'NONE', #3445, #5203, #5643, .T. ) ;
#8522 = DIRECTION ( 'NONE',  ( 3.285461128743965800E-016, 1.000000000000000000, -2.062312011738056300E-017 ) ) ;
#8523 = ADVANCED_FACE ( 'NONE', ( #1969 ), #7901, .T. ) ;
#8524 = ORIENTED_EDGE ( 'NONE', *, *, #3641, .T. ) ;
#8525 = ORIENTED_EDGE ( 'NONE', *, *, #585, .T. ) ;
#8526 = CARTESIAN_POINT ( 'NONE',  ( 6.089999999999999000, 1.476446968620943400, 4.174999999999999800 ) ) ;
#8527 = EDGE_CURVE ( 'NONE', #6397, #4210, #3595, .T. ) ;
#8528 = PLANE ( 'NONE',  #6649 ) ;
#8529 = VERTEX_POINT ( 'NONE', #3027 ) ;
#8530 = CARTESIAN_POINT ( 'NONE',  ( -0.1000000000000000100, 2.779999999999999800, -4.201714464797489300 ) ) ;
#8531 = ADVANCED_FACE ( 'NONE', ( #8674 ), #4396, .F. ) ;
#8532 = ORIENTED_EDGE ( 'NONE', *, *, #5803, .T. ) ;
#8533 = ORIENTED_EDGE ( 'NONE', *, *, #2658, .F. ) ;
#8534 = EDGE_LOOP ( 'NONE', ( #67, #8876, #8324, #6375 ) ) ;
#8535 = CARTESIAN_POINT ( 'NONE',  ( -2.348323354911687300, 2.076906743079794700, 2.697612309684155600 ) ) ;
#8536 = DIRECTION ( 'NONE',  ( 1.431289996680534200E-016, 0.0000000000000000000, 1.000000000000000000 ) ) ;
#8537 = EDGE_CURVE ( 'NONE', #2592, #745, #3156, .T. ) ;
#8538 = VERTEX_POINT ( 'NONE', #2282 ) ;
#8539 = VERTEX_POINT ( 'NONE', #6441 ) ;
#8540 = ORIENTED_EDGE ( 'NONE', *, *, #5038, .F. ) ;
#8541 = LINE ( 'NONE', #6022, #4875 ) ;
#8542 = VERTEX_POINT ( 'NONE', #5142 ) ;
#8543 = CARTESIAN_POINT ( 'NONE',  ( -4.483854187264652700, -2.254728318329634700, 3.228496430406000900 ) ) ;
#8544 = CARTESIAN_POINT ( 'NONE',  ( -2.358909457634179600, 2.433603000734847900, 2.899607182722382200 ) ) ;
#8545 = ORIENTED_EDGE ( 'NONE', *, *, #6453, .F. ) ;
#8546 = DIRECTION ( 'NONE',  ( 0.0000000000000000000, 0.0000000000000000000, -1.000000000000000000 ) ) ;
#8547 = EDGE_LOOP ( 'NONE', ( #7226, #4094, #3591, #5799 ) ) ;
#8548 = CARTESIAN_POINT ( 'NONE',  ( -0.6647873582993000200, -1.150000000000034800, -4.275000000000001200 ) ) ;
#8549 = CARTESIAN_POINT ( 'NONE',  ( -4.463835245934900400, 2.125627413300262600, 3.610480586262612600 ) ) ;
#8550 = ORIENTED_EDGE ( 'NONE', *, *, #221, .F. ) ;
#8551 = EDGE_CURVE ( 'NONE', #5958, #1139, #7043, .T. ) ;
#8552 = AXIS2_PLACEMENT_3D ( 'NONE', #5564, #1419, #2862 ) ;
#8553 = ORIENTED_EDGE ( 'NONE', *, *, #2607, .T. ) ;
#8554 = DIRECTION ( 'NONE',  ( 0.0000000000000000000, -1.000000000000000000, 0.0000000000000000000 ) ) ;
#8555 = VERTEX_POINT ( 'NONE', #8582 ) ;
#8556 = CYLINDRICAL_SURFACE ( 'NONE', #4171, 1.000000000000000000 ) ;
#8557 = VERTEX_POINT ( 'NONE', #1033 ) ;
#8558 = DIRECTION ( 'NONE',  ( 1.000000000000000000, -3.011672701348624000E-016, -0.0000000000000000000 ) ) ;
#8559 = ADVANCED_FACE ( 'NONE', ( #8885 ), #7685, .F. ) ;
#8560 = VECTOR ( 'NONE', #8077, 1000.000000000000000 ) ;
#8561 = B_SPLINE_CURVE_WITH_KNOTS ( 'NONE', 3,
 ( #8043, #7381, #4534, #2598 ),
 .UNSPECIFIED., .F., .F.,
 ( 4, 4 ),
 ( 0.0000000000000000000, 1.000000000000000000 ),
 .UNSPECIFIED. ) ;
#8562 = VERTEX_POINT ( 'NONE', #3140 ) ;
#8563 = ORIENTED_EDGE ( 'NONE', *, *, #3106, .T. ) ;
#8564 = VECTOR ( 'NONE', #2531, 1000.000000000000000 ) ;
#8565 = EDGE_CURVE ( 'NONE', #8115, #8444, #8228, .T. ) ;
#8566 = VECTOR ( 'NONE', #8058, 1000.000000000000000 ) ;
#8567 = VERTEX_POINT ( 'NONE', #3114 ) ;
#8568 = CARTESIAN_POINT ( 'NONE',  ( -7.058913045251230800, 0.9523075998409846800, -9.857354948588744400 ) ) ;
#8569 = ADVANCED_FACE ( 'NONE', ( #5197 ), #2518, .F. ) ;
#8570 = VECTOR ( 'NONE', #1920, 1000.000000000000000 ) ;
#8571 = DIRECTION ( 'NONE',  ( 1.431289996680534200E-016, 0.0000000000000000000, 1.000000000000000000 ) ) ;
#8572 = ORIENTED_EDGE ( 'NONE', *, *, #5261, .T. ) ;
#8573 = VECTOR ( 'NONE', #2311, 1000.000000000000000 ) ;
#8574 = ORIENTED_EDGE ( 'NONE', *, *, #8183, .F. ) ;
#8575 = CARTESIAN_POINT ( 'NONE',  ( -7.214600510584429700, 0.7166446054373842900, -7.765845873256791000 ) ) ;
#8576 = VECTOR ( 'NONE', #8644, 1000.000000000000000 ) ;
#8577 = DIRECTION ( 'NONE',  ( -1.000000000000000000, -3.401418580346681300E-016, 0.0000000000000000000 ) ) ;
#8578 = DIRECTION ( 'NONE',  ( -3.285461128743965800E-016, 1.000000000000000000, -2.062312011738054200E-017 ) ) ;
#8579 = SECURITY_CLASSIFICATION ( '', '', #6309 ) ;
#8580 = VECTOR ( 'NONE', #1575, 1000.000000000000000 ) ;
#8581 = ORIENTED_EDGE ( 'NONE', *, *, #4562, .T. ) ;
#8582 = CARTESIAN_POINT ( 'NONE',  ( 4.124742925103063000, -1.149999999999999700, -4.275000000000001200 ) ) ;
#8583 = VECTOR ( 'NONE', #8031, 1000.000000000000000 ) ;
#8584 = ORIENTED_EDGE ( 'NONE', *, *, #4792, .F. ) ;
#8585 = ORIENTED_EDGE ( 'NONE', *, *, #5949, .F. ) ;
#8586 = VERTEX_POINT ( 'NONE', #7970 ) ;
#8587 = DIRECTION ( 'NONE',  ( -1.000000000000000000, -3.401418580346681300E-016, 0.0000000000000000000 ) ) ;
#8588 = VECTOR ( 'NONE', #7254, 1000.000000000000000 ) ;
#8589 = EDGE_CURVE ( 'NONE', #4785, #6461, #6835, .T. ) ;
#8590 = VECTOR ( 'NONE', #5248, 1000.000000000000200 ) ;
#8591 = DIRECTION ( 'NONE',  ( 1.044387859644465800E-017, 0.03489949670250109400, 0.9993908270190956500 ) ) ;
#8592 = CYLINDRICAL_SURFACE ( 'NONE', #8158, 0.1999999999999994300 ) ;
#8593 = CARTESIAN_POINT ( 'NONE',  ( 6.125512200874073400, -0.5068827080282750600, 0.7981963370836480100 ) ) ;
#8594 = VERTEX_POINT ( 'NONE', #7993 ) ;
#8595 = CARTESIAN_POINT ( 'NONE',  ( -2.178939694247144800, -2.879999999999999900, -0.5344204721237292300 ) ) ;
#8596 = FACE_OUTER_BOUND ( 'NONE', #8688, .T. ) ;
#8597 = LINE ( 'NONE', #3535, #2863 ) ;
#8598 =( BOUNDED_CURVE ( )  B_SPLINE_CURVE ( 3, ( #3245, #8066, #5327, #8769 ),
 .UNSPECIFIED., .F., .F. ) 
 B_SPLINE_CURVE_WITH_KNOTS ( ( 4, 4 ),
 ( 1.570796326794895000, 1.723641311317641900 ),
 .UNSPECIFIED. ) 
 CURVE ( )  GEOMETRIC_REPRESENTATION_ITEM ( )  RATIONAL_B_SPLINE_CURVE ( ( 1.000000000000000000, 0.9980541482144369400, 0.9980541482144369400, 1.000000000000000000 ) ) 
 REPRESENTATION_ITEM ( '' )  );
#8599 = ORIENTED_EDGE ( 'NONE', *, *, #5891, .T. ) ;
#8600 = CARTESIAN_POINT ( 'NONE',  ( -6.539999999999999100, 0.1500911744255224700, -3.371594611156200700 ) ) ;
#8602 = CARTESIAN_POINT ( 'NONE',  ( -5.803248313036694300, 1.274052472180233100, 1.003511519317803700 ) ) ;
#8601 = CARTESIAN_POINT ( 'NONE',  ( -6.645858330770636300, 1.044675658709179700, -10.67712147104292200 ) ) ;
#8603 = VECTOR ( 'NONE', #3205, 1000.000000000000000 ) ;
#8604 = CARTESIAN_POINT ( 'NONE',  ( 4.547263457433676800, -2.670473064430244100, 2.018575479041763400 ) ) ;
#8605 = ADVANCED_FACE ( 'NONE', ( #5635 ), #8643, .F. ) ;
#8606 = LINE ( 'NONE', #6418, #8502 ) ;
#8607 = EDGE_CURVE ( 'NONE', #6593, #5740, #1618, .T. ) ;
#8608 = AXIS2_PLACEMENT_3D ( 'NONE', #5097, #4500, #8536 ) ;
#8609 = CARTESIAN_POINT ( 'NONE',  ( 6.089999999999998100, -0.7164469686209429300, 4.174999999999999800 ) ) ;
#8610 = CARTESIAN_POINT ( 'NONE',  ( -2.340843213202029400, -2.686402863664274100, 2.554882703278625200 ) ) ;
#8611 = LINE ( 'NONE', #7387, #4492 ) ;
#8612 = DIRECTION ( 'NONE',  ( 0.7479257170867564800, -0.07432208249995191100, -0.6596084821870709100 ) ) ;
#8613 = CARTESIAN_POINT ( 'NONE',  ( -2.348323354911687300, -2.406906743079794400, 2.697612309684155600 ) ) ;
#8614 = ORIENTED_EDGE ( 'NONE', *, *, #3029, .F. ) ;
#8615 = DIRECTION ( 'NONE',  ( 0.0000000000000000000, 0.0000000000000000000, -1.000000000000000000 ) ) ;
#8616 = VECTOR ( 'NONE', #4259, 1000.000000000000000 ) ;
#8617 = DIRECTION ( 'NONE',  ( -1.000000000000000000, -2.124908078801903100E-016, 0.0000000000000000000 ) ) ;
#8618 = EDGE_CURVE ( 'NONE', #5293, #20, #5769, .T. ) ;
#8619 = DIRECTION ( 'NONE',  ( 1.000000000000000000, 2.124908078801903600E-016, -0.0000000000000000000 ) ) ;
#8620 = EDGE_CURVE ( 'NONE', #1622, #2592, #2168, .T. ) ;
#8621 = CARTESIAN_POINT ( 'NONE',  ( -0.1000000000000000100, 2.779999999999999800, 6.775000000000000400 ) ) ;
#8622 = ORIENTED_EDGE ( 'NONE', *, *, #6328, .T. ) ;
#8623 = CARTESIAN_POINT ( 'NONE',  ( 4.538653896477963000, -2.549999999999999400, 2.182855688459060900 ) ) ;
#8624 = FACE_OUTER_BOUND ( 'NONE', #5582, .T. ) ;
#8625 = EDGE_LOOP ( 'NONE', ( #496, #6086, #6282, #8421 ) ) ;
#8626 = AXIS2_PLACEMENT_3D ( 'NONE', #143, #2445, #3102 ) ;
#8627 = CARTESIAN_POINT ( 'NONE',  ( -6.590000000000000700, 1.478223484310471600, 4.274984218714779500 ) ) ;
#8628 =( BOUNDED_CURVE ( )  B_SPLINE_CURVE ( 3, ( #7024, #2886, #7056, #3592 ),
 .UNSPECIFIED., .F., .F. ) 
 B_SPLINE_CURVE_WITH_KNOTS ( ( 4, 4 ),
 ( 0.9380438862513333900, 1.570796326794940100 ),
 .UNSPECIFIED. ) 
 CURVE ( )  GEOMETRIC_REPRESENTATION_ITEM ( )  RATIONAL_B_SPLINE_CURVE ( ( 1.000000000000000000, 0.9669127352965457600, 0.9669127352965457600, 1.000000000000000000 ) ) 
 REPRESENTATION_ITEM ( '' )  );
#8629 = EDGE_LOOP ( 'NONE', ( #6421, #3914, #7030, #4352 ) ) ;
#8630 = DIRECTION ( 'NONE',  ( -0.04222409276774567000, 0.5908391699278822100, -0.8056836856166765800 ) ) ;
#8631 = CARTESIAN_POINT ( 'NONE',  ( 5.855184962834835400, 1.258248747434644700, 0.5509520546897577200 ) ) ;
#8632 = ORIENTED_EDGE ( 'NONE', *, *, #5231, .T. ) ;
#8633 = CARTESIAN_POINT ( 'NONE',  ( -5.360059963454983000, 0.0000000000000000000, 17.55885521993058900 ) ) ;
#8634 = AXIS2_PLACEMENT_3D ( 'NONE', #7187, #4370, #5082 ) ;
#8635 = DIRECTION ( 'NONE',  ( 1.000000000000000000, -2.628368902995162400E-015, -2.673649675311314200E-016 ) ) ;
#8636 = CARTESIAN_POINT ( 'NONE',  ( 0.0000000000000000000, -2.879999999999999900, -0.7050000000000005200 ) ) ;
#8637 = ORIENTED_EDGE ( 'NONE', *, *, #2554, .T. ) ;
#8638 = VERTEX_POINT ( 'NONE', #6554 ) ;
#8639 = ORIENTED_EDGE ( 'NONE', *, *, #3852, .T. ) ;
#8640 = EDGE_CURVE ( 'NONE', #5109, #6101, #4999, .T. ) ;
#8641 = LINE ( 'NONE', #7915, #499 ) ;
#8642 = ORIENTED_EDGE ( 'NONE', *, *, #3257, .F. ) ;
#8643 = PLANE ( 'NONE',  #3544 ) ;
#8644 = DIRECTION ( 'NONE',  ( 1.000000000000000000, -3.011672701348624000E-016, -0.0000000000000000000 ) ) ;
#8645 = PLANE ( 'NONE',  #3071 ) ;
#8646 = EDGE_CURVE ( 'NONE', #5786, #6704, #521, .T. ) ;
#8647 = DIRECTION ( 'NONE',  ( 0.0000000000000000000, 0.0000000000000000000, 1.000000000000000000 ) ) ;
#8648 = ORIENTED_EDGE ( 'NONE', *, *, #2152, .F. ) ;
#8649 = ORIENTED_EDGE ( 'NONE', *, *, #5247, .T. ) ;
#8650 = VERTEX_POINT ( 'NONE', #1803 ) ;
#8651 = DIRECTION ( 'NONE',  ( 0.0000000000000000000, 0.0000000000000000000, 1.000000000000000000 ) ) ;
#8652 = ADVANCED_FACE ( 'NONE', ( #4539 ), #4550, .F. ) ;
#8653 = CIRCLE ( 'NONE', #8104, 0.1000000000000002600 ) ;
#8654 = CARTESIAN_POINT ( 'NONE',  ( 6.811409716464076800, 2.516311570751009500, 4.143227682101552600 ) ) ;
#8655 = DIRECTION ( 'NONE',  ( 1.000000000000000000, 2.124908078801903600E-016, -0.0000000000000000000 ) ) ;
#8656 = ORIENTED_EDGE ( 'NONE', *, *, #5832, .F. ) ;
#8657 = EDGE_CURVE ( 'NONE', #1992, #385, #2596, .T. ) ;
#8658 = CARTESIAN_POINT ( 'NONE',  ( 4.589999999999999000, 1.050000000000000300, -5.775000000000000400 ) ) ;
#8659 = VERTEX_POINT ( 'NONE', #5856 ) ;
#8660 = VERTEX_POINT ( 'NONE', #5913 ) ;
#8661 = EDGE_CURVE ( 'NONE', #2176, #745, #6392, .T. ) ;
#8662 = CARTESIAN_POINT ( 'NONE',  ( -0.1000000000000000100, 2.879999999999999900, 4.638502621547047500 ) ) ;
#8663 = ADVANCED_FACE ( 'NONE', ( #852 ), #2397, .F. ) ;
#8664 = ORIENTED_EDGE ( 'NONE', *, *, #3841, .F. ) ;
#8665 = VECTOR ( 'NONE', #8612, 1000.000000000000100 ) ;
#8666 = CARTESIAN_POINT ( 'NONE',  ( 0.0000000000000000000, 2.779999999999999800, -4.926190669741541400 ) ) ;
#8668 = CARTESIAN_POINT ( 'NONE',  ( 2.359473227935764000, -2.076906743079793800, 2.910364560907398700 ) ) ;
#8667 = DIRECTION ( 'NONE',  ( 0.0000000000000000000, -0.1119675341219745900, 0.9937118653325239800 ) ) ;
#8669 = ORIENTED_EDGE ( 'NONE', *, *, #2020, .T. ) ;
#8670 = DIRECTION ( 'NONE',  ( 1.000000000000000000, 0.0000000000000000000, -0.0000000000000000000 ) ) ;
#8671 = ORIENTED_EDGE ( 'NONE', *, *, #6609, .T. ) ;
#8672 = CARTESIAN_POINT ( 'NONE',  ( -2.384655323206781800, 2.406906743079793900, 3.390867562857083700 ) ) ;
#8673 = ORIENTED_EDGE ( 'NONE', *, *, #3094, .T. ) ;
#8674 = FACE_OUTER_BOUND ( 'NONE', #7772, .T. ) ;
#8675 = DIRECTION ( 'NONE',  ( -0.9986295347545739400, 0.0000000000000000000, -0.05233595624294350200 ) ) ;
#8676 = DIRECTION ( 'NONE',  ( 2.124908078801903100E-016, -1.000000000000000000, -0.0000000000000000000 ) ) ;
#8677 = EDGE_LOOP ( 'NONE', ( #5860, #991, #6487, #2575 ) ) ;
#8678 = EDGE_CURVE ( 'NONE', #516, #3049, #6066, .T. ) ;
#8679 = AXIS2_PLACEMENT_3D ( 'NONE', #7101, #6408, #4971 ) ;
#8680 = DIRECTION ( 'NONE',  ( 0.0000000000000000000, 1.000000000000000000, 0.0000000000000000000 ) ) ;
#8681 = EDGE_CURVE ( 'NONE', #7813, #8246, #7474, .T. ) ;
#8682 = ORIENTED_EDGE ( 'NONE', *, *, #1590, .T. ) ;
#8683 = CARTESIAN_POINT ( 'NONE',  ( -4.549284778476877700, 3.107982024478275700, 1.980006375926675100 ) ) ;
#8684 = ORIENTED_EDGE ( 'NONE', *, *, #69, .F. ) ;
#8685 = VECTOR ( 'NONE', #1795, 1000.000000000000000 ) ;
#8686 = CARTESIAN_POINT ( 'NONE',  ( -4.504716842426745400, -2.484345597614078500, 2.830413255589193400 ) ) ;
#8687 = VECTOR ( 'NONE', #505, 1000.000000000000000 ) ;
#8688 = EDGE_LOOP ( 'NONE', ( #2250, #5274, #8439, #1201 ) ) ;
#8689 = CARTESIAN_POINT ( 'NONE',  ( 6.259999999999998900, -2.549999999999999800, -6.775000000000000400 ) ) ;
#8690 = LINE ( 'NONE', #4081, #4139 ) ;
#8691 = ORIENTED_EDGE ( 'NONE', *, *, #5050, .F. ) ;
#8692 =( GEOMETRIC_REPRESENTATION_CONTEXT ( 3 ) GLOBAL_UNCERTAINTY_ASSIGNED_CONTEXT ( ( #3895 ) ) GLOBAL_UNIT_ASSIGNED_CONTEXT ( ( #6429, #4330, #4363 ) ) REPRESENTATION_CONTEXT ( 'NONE', 'WORKASPACE' ) );
#8693 = CARTESIAN_POINT ( 'NONE',  ( 5.328437190809231600, -1.430930462220299600, 6.774999999999999500 ) ) ;
#8694 = EDGE_CURVE ( 'NONE', #5133, #7127, #6179, .T. ) ;
#8695 = FACE_OUTER_BOUND ( 'NONE', #494, .T. ) ;
#8696 = ORIENTED_EDGE ( 'NONE', *, *, #7019, .T. ) ;
#8697 = EDGE_LOOP ( 'NONE', ( #5178, #2478, #3983, #278 ) ) ;
#8698 = AXIS2_PLACEMENT_3D ( 'NONE', #1040, #5175, #6657 ) ;
#8699 = CYLINDRICAL_SURFACE ( 'NONE', #5313, 0.7300000000000002000 ) ;
#8700 = CARTESIAN_POINT ( 'NONE',  ( 0.8147429251030625700, -1.150000000000017500, -4.275000000000001200 ) ) ;
#8701 = DIRECTION ( 'NONE',  ( -1.431289996680534200E-016, 0.0000000000000000000, 1.000000000000000000 ) ) ;
#8702 = LINE ( 'NONE', #7447, #885 ) ;
#8703 = EDGE_CURVE ( 'NONE', #3512, #4193, #4017, .T. ) ;
#8704 = ADVANCED_FACE ( 'NONE', ( #4326 ), #2679, .F. ) ;
#8705 = VECTOR ( 'NONE', #2933, 1000.000000000000100 ) ;
#8706 = ORIENTED_EDGE ( 'NONE', *, *, #607, .F. ) ;
#8707 = CARTESIAN_POINT ( 'NONE',  ( -7.317863657066530100, 2.247924905874342900, -8.169041460365205500 ) ) ;
#8708 = CARTESIAN_POINT ( 'NONE',  ( 4.909999999999998400, -1.879999999999999700, -0.7050000000000007400 ) ) ;
#8709 = VERTEX_POINT ( 'NONE', #1927 ) ;
#8710 = CYLINDRICAL_SURFACE ( 'NONE', #4916, 0.1000000000000000500 ) ;
#8711 = VECTOR ( 'NONE', #7928, 1000.000000000000100 ) ;
#8712 = CARTESIAN_POINT ( 'NONE',  ( -4.444646733830311700, 2.803355836972911200, 3.976619208564394500 ) ) ;
#8713 = CARTESIAN_POINT ( 'NONE',  ( -4.514944271309693700, 2.218232652604867500, 2.635262287109596100 ) ) ;
#8714 = LINE ( 'NONE', #3461, #1356 ) ;
#8715 = ORIENTED_EDGE ( 'NONE', *, *, #6909, .T. ) ;
#8716 = ADVANCED_FACE ( 'NONE', ( #2059 ), #7353, .T. ) ;
#8717 = EDGE_CURVE ( 'NONE', #763, #5395, #193, .T. ) ;
#8718 = VECTOR ( 'NONE', #4611, 1000.000000000000000 ) ;
#8719 = CARTESIAN_POINT ( 'NONE',  ( 6.371725516837170000, 2.404999999999999800, -6.775000000000000400 ) ) ;
#8720 = LINE ( 'NONE', #3215, #1250 ) ;
#8721 = DIRECTION ( 'NONE',  ( -0.0000000000000000000, 1.000000000000000000, -0.0000000000000000000 ) ) ;
#8722 = CARTESIAN_POINT ( 'NONE',  ( -6.133248313036694400, -0.5156552721425738900, 1.049409705001406000 ) ) ;
#8723 = CARTESIAN_POINT ( 'NONE',  ( -6.133248313036694400, 1.275655272142579600, 1.049409705001405700 ) ) ;
#8724 = LINE ( 'NONE', #285, #152 ) ;
#8725 = VERTEX_POINT ( 'NONE', #5415 ) ;
#8726 = CIRCLE ( 'NONE', #2204, 0.1000000000000000500 ) ;
#8727 = DIRECTION ( 'NONE',  ( -0.0000000000000000000, -1.000000000000000000, -0.0000000000000000000 ) ) ;
#8728 = CARTESIAN_POINT ( 'NONE',  ( -6.589999999999999000, -0.6279359677314484400, -1.224994274580306000 ) ) ;
#8729 = CYLINDRICAL_SURFACE ( 'NONE', #7861, 0.3700000000000005500 ) ;
#8730 = ORIENTED_EDGE ( 'NONE', *, *, #4481, .T. ) ;
#8731 = EDGE_CURVE ( 'NONE', #3695, #2917, #5433, .T. ) ;
#8732 = AXIS2_PLACEMENT_3D ( 'NONE', #6902, #7847, #5266 ) ;
#8733 = AXIS2_PLACEMENT_3D ( 'NONE', #6597, #8199, #8811 ) ;
#8734 = LINE ( 'NONE', #4091, #3105 ) ;
#8735 = DIRECTION ( 'NONE',  ( 0.0000000000000000000, 0.0000000000000000000, 1.000000000000000000 ) ) ;
#8736 = VERTEX_POINT ( 'NONE', #1231 ) ;
#8737 = CARTESIAN_POINT ( 'NONE',  ( -3.975257074896937100, -0.9000000000000000200, -9.124999999999998200 ) ) ;
#8738 = DIRECTION ( 'NONE',  ( 0.0000000000000000000, -0.0000000000000000000, -1.000000000000000000 ) ) ;
#8739 = DIRECTION ( 'NONE',  ( 3.285461128743965800E-016, 1.000000000000000000, -2.062312011738056300E-017 ) ) ;
#8740 = VERTEX_POINT ( 'NONE', #4745 ) ;
#8741 = CARTESIAN_POINT ( 'NONE',  ( -1.075257074896937200, -1.149999999999999700, -9.124999999999998200 ) ) ;
#8742 = CARTESIAN_POINT ( 'NONE',  ( 6.596195113400170000, 1.232459601426595200, -10.16702049568947600 ) ) ;
#8743 = EDGE_CURVE ( 'NONE', #8026, #936, #639, .T. ) ;
#8744 = DIRECTION ( 'NONE',  ( -0.0000000000000000000, -0.0000000000000000000, -1.000000000000000000 ) ) ;
#8745 = CARTESIAN_POINT ( 'NONE',  ( -5.360059963454983000, 0.0000000000000000000, -4.275000000000001200 ) ) ;
#8746 =( BOUNDED_CURVE ( )  B_SPLINE_CURVE ( 3, ( #4650, #8083, #4587, #1773 ),
 .UNSPECIFIED., .F., .F. ) 
 B_SPLINE_CURVE_WITH_KNOTS ( ( 4, 4 ),
 ( 1.279161390903577500, 1.570796326794918100 ),
 .UNSPECIFIED. ) 
 CURVE ( )  GEOMETRIC_REPRESENTATION_ITEM ( )  RATIONAL_B_SPLINE_CURVE ( ( 1.000000000000000000, 0.9929249715568843100, 0.9929249715568843100, 1.000000000000000000 ) ) 
 REPRESENTATION_ITEM ( '' )  );
#8747 = DIRECTION ( 'NONE',  ( 0.0000000000000000000, 0.1119675341219745900, 0.9937118653325239800 ) ) ;
#8748 = AXIS2_PLACEMENT_3D ( 'NONE', #5632, #6297, #3586 ) ;
#8749 = CARTESIAN_POINT ( 'NONE',  ( 6.424999999999998900, -0.7182234843104715600, 4.274984218714779500 ) ) ;
#8750 = VERTEX_POINT ( 'NONE', #1263 ) ;
#8751 = ORIENTED_EDGE ( 'NONE', *, *, #1717, .T. ) ;
#8752 = ORIENTED_EDGE ( 'NONE', *, *, #5722, .T. ) ;
#8753 = ADVANCED_FACE ( 'NONE', ( #3146 ), #8832, .T. ) ;
#8754 = DIRECTION ( 'NONE',  ( 3.285461128743965800E-016, 1.000000000000000000, -2.062312011738056300E-017 ) ) ;
#8755 = CARTESIAN_POINT ( 'NONE',  ( -3.375257074896937000, -1.150000000000052300, -4.275000000000001200 ) ) ;
#8756 = DIRECTION ( 'NONE',  ( 0.0000000000000000000, -1.000000000000000000, 0.0000000000000000000 ) ) ;
#8757 = ORIENTED_EDGE ( 'NONE', *, *, #2872, .T. ) ;
#8758 = VERTEX_POINT ( 'NONE', #1996 ) ;
#8759 = ORIENTED_EDGE ( 'NONE', *, *, #5781, .F. ) ;
#8760 = CIRCLE ( 'NONE', #7161, 0.1799999999999999900 ) ;
#8761 = CARTESIAN_POINT ( 'NONE',  ( -3.375257074896937000, -1.149999999999999700, -4.275000000000001200 ) ) ;
#8762 = EDGE_CURVE ( 'NONE', #8136, #6132, #4840, .T. ) ;
#8763 = ORIENTED_EDGE ( 'NONE', *, *, #7964, .F. ) ;
#8764 = CARTESIAN_POINT ( 'NONE',  ( 6.540000000000000000, 0.1500911744255225000, -3.830697027045894200 ) ) ;
#8765 = EDGE_CURVE ( 'NONE', #8981, #6274, #655, .T. ) ;
#8766 = ORIENTED_EDGE ( 'NONE', *, *, #2665, .T. ) ;
#8767 = CALENDAR_DATE ( 2023, 11, 7 ) ;
#8768 = DIRECTION ( 'NONE',  ( 1.000000000000000000, 2.628368902995162400E-015, -2.673649675311314200E-016 ) ) ;
#8769 = CARTESIAN_POINT ( 'NONE',  ( 5.817587741826835100, -0.5205920215341506300, 1.190779710972765800 ) ) ;
#8770 = CARTESIAN_POINT ( 'NONE',  ( 7.214600510584429700, 2.404999999999999800, -7.765845873256791000 ) ) ;
#8771 = EDGE_LOOP ( 'NONE', ( #6149, #4985, #8125, #8982, #1815, #638, #7765, #4635, #609, #5551, #7162, #3563, #5246, #3463, #2629, #5349, #3436, #8093, #2591, #6178 ) ) ;
#8772 = ORIENTED_EDGE ( 'NONE', *, *, #8363, .F. ) ;
#8773 = CARTESIAN_POINT ( 'NONE',  ( -4.517461965990142000, -2.076906743079789000, 2.587221810773985700 ) ) ;
#8775 = CARTESIAN_POINT ( 'NONE',  ( -6.133248313036694400, -0.5140524721802258700, 1.003511519317804600 ) ) ;
#8774 = DIRECTION ( 'NONE',  ( -0.0000000000000000000, 1.000000000000000000, -0.0000000000000000000 ) ) ;
#8776 = CARTESIAN_POINT ( 'NONE',  ( 7.432874993747258700, 2.321242718506276900, -7.518345873256791400 ) ) ;
#8777 = ORIENTED_EDGE ( 'NONE', *, *, #3029, .T. ) ;
#8778 = LINE ( 'NONE', #3488, #2935 ) ;
#8779 = CARTESIAN_POINT ( 'NONE',  ( 1.224742925103062800, -0.8999999999999998000, -9.324999999999995700 ) ) ;
#8780 = ORIENTED_EDGE ( 'NONE', *, *, #3737, .F. ) ;
#8781 = VECTOR ( 'NONE', #316, 1000.000000000000100 ) ;
#8782 = VERTEX_POINT ( 'NONE', #3961 ) ;
#8783 = EDGE_CURVE ( 'NONE', #3296, #5555, #3589, .T. ) ;
#8784 = AXIS2_PLACEMENT_3D ( 'NONE', #4212, #6548, #3767 ) ;
#8785 = PLANE ( 'NONE',  #4638 ) ;
#8786 = CARTESIAN_POINT ( 'NONE',  ( 6.589999999999999900, 2.879999999999999900, -6.775000000000000400 ) ) ;
#8787 = DIRECTION ( 'NONE',  ( -1.000000000000000000, 0.0000000000000000000, 0.0000000000000000000 ) ) ;
#8788 = VERTEX_POINT ( 'NONE', #7558 ) ;
#8789 = LINE ( 'NONE', #2730, #3051 ) ;
#8790 = CARTESIAN_POINT ( 'NONE',  ( 4.681060305752856400, -2.879999999999999900, -0.5344204721237297800 ) ) ;
#8791 = LINE ( 'NONE', #6680, #6199 ) ;
#8792 = ORIENTED_EDGE ( 'NONE', *, *, #7690, .T. ) ;
#8793 = DIRECTION ( 'NONE',  ( 0.6614378277661481200, -0.0000000000000000000, 0.7499999999999996700 ) ) ;
#8794 = FACE_OUTER_BOUND ( 'NONE', #4049, .T. ) ;
#8795 = ORIENTED_EDGE ( 'NONE', *, *, #1729, .F. ) ;
#8796 = FACE_OUTER_BOUND ( 'NONE', #2411, .T. ) ;
#8797 = EDGE_LOOP ( 'NONE', ( #4430, #3365, #1277, #878 ) ) ;
#8798 = EDGE_CURVE ( 'NONE', #1430, #8469, #4120, .T. ) ;
#8799 = AXIS2_PLACEMENT_3D ( 'NONE', #1180, #528, #1252 ) ;
#8800 = DIRECTION ( 'NONE',  ( 0.0000000000000000000, 0.1119675341219745900, -0.9937118653325239800 ) ) ;
#8801 = EDGE_CURVE ( 'NONE', #3110, #4607, #8445, .T. ) ;
#8802 = CARTESIAN_POINT ( 'NONE',  ( -5.803248313036694300, -0.5162429654621011300, 1.066239039752059400 ) ) ;
#8803 = ADVANCED_FACE ( 'NONE', ( #958 ), #7891, .T. ) ;
#8804 = CYLINDRICAL_SURFACE ( 'NONE', #2696, 0.1000000000000000500 ) ;
#8805 = AXIS2_PLACEMENT_3D ( 'NONE', #1604, #2973, #943 ) ;
#8806 = FACE_OUTER_BOUND ( 'NONE', #7006, .T. ) ;
#8807 = ORIENTED_EDGE ( 'NONE', *, *, #580, .F. ) ;
#8808 = DIRECTION ( 'NONE',  ( 0.0000000000000000000, 0.0000000000000000000, 1.000000000000000000 ) ) ;
#8809 = VECTOR ( 'NONE', #2491, 1000.000000000000000 ) ;
#8810 = ORIENTED_EDGE ( 'NONE', *, *, #4992, .F. ) ;
#8811 = DIRECTION ( 'NONE',  ( 1.000000000000000000, 0.0000000000000000000, 0.0000000000000000000 ) ) ;
#8812 = ORIENTED_EDGE ( 'NONE', *, *, #1416, .T. ) ;
#8814 = CARTESIAN_POINT ( 'NONE',  ( 1.950000000000000000, 2.879999999999999900, -0.5250000000000005800 ) ) ;
#8813 = DIRECTION ( 'NONE',  ( -3.285461128743965400E-016, 1.000000000000000000, -2.062312011738056000E-017 ) ) ;
#8815 = ORIENTED_EDGE ( 'NONE', *, *, #4545, .F. ) ;
#8816 = FACE_OUTER_BOUND ( 'NONE', #2772, .T. ) ;
#8817 = CARTESIAN_POINT ( 'NONE',  ( 1.424742925103062800, -1.149999999999999700, -9.324999999999995700 ) ) ;
#8818 = DIRECTION ( 'NONE',  ( -1.000000000000000000, -3.011672701348624000E-016, 0.0000000000000000000 ) ) ;
#8819 = VECTOR ( 'NONE', #502, 1000.000000000000000 ) ;
#8820 = ORIENTED_EDGE ( 'NONE', *, *, #3237, .T. ) ;
#8821 = CARTESIAN_POINT ( 'NONE',  ( 0.8147429251030625700, -1.150000000000017500, -5.775000000000000400 ) ) ;
#8822 = CARTESIAN_POINT ( 'NONE',  ( 0.0000000000000000000, 2.879999999999999900, 5.534999999999999300 ) ) ;
#8824 = DIRECTION ( 'NONE',  ( -1.000000000000000000, 0.0000000000000000000, 0.0000000000000000000 ) ) ;
#8823 = CARTESIAN_POINT ( 'NONE',  ( -5.644719013166538300, -0.6199999999999998800, 0.06859395390248332300 ) ) ;
#8825 = DIRECTION ( 'NONE',  ( -2.376333528735352900E-015, 1.000000000000000000, 0.0000000000000000000 ) ) ;
#8826 = VECTOR ( 'NONE', #6794, 1000.000000000000000 ) ;
#8827 = EDGE_CURVE ( 'NONE', #4186, #1651, #3368, .T. ) ;
#8828 = CARTESIAN_POINT ( 'NONE',  ( 6.760954458586430100, 1.961095831938649800, -10.71464949154449500 ) ) ;
#8829 = LINE ( 'NONE', #1361, #1777 ) ;
#8830 = ORIENTED_EDGE ( 'NONE', *, *, #1009, .F. ) ;
#8831 = DIRECTION ( 'NONE',  ( -2.124908078801903100E-016, 1.000000000000000000, 0.0000000000000000000 ) ) ;
#8832 = PLANE ( 'NONE',  #620 ) ;
#8833 = CARTESIAN_POINT ( 'NONE',  ( -4.590000000000000700, 1.050000000000001400, -5.775000000000000400 ) ) ;
#8834 = ORIENTED_EDGE ( 'NONE', *, *, #7952, .T. ) ;
#8835 = CARTESIAN_POINT ( 'NONE',  ( -6.614369610058644400, 1.385524343809807900, 4.195648269222938400 ) ) ;
#8836 = FACE_OUTER_BOUND ( 'NONE', #6809, .T. ) ;
#8837 = EDGE_CURVE ( 'NONE', #1992, #342, #1734, .T. ) ;
#8838 = CARTESIAN_POINT ( 'NONE',  ( -0.8752570748969376000, -1.149999999999999700, -9.124999999999998200 ) ) ;
#8839 = DIRECTION ( 'NONE',  ( 2.124908078801903100E-016, -1.000000000000000000, 0.0000000000000000000 ) ) ;
#8840 = CARTESIAN_POINT ( 'NONE',  ( 6.589999999999999900, 2.879999999999999900, -6.775000000000000400 ) ) ;
#8841 = ORIENTED_EDGE ( 'NONE', *, *, #1818, .T. ) ;
#8842 = DIRECTION ( 'NONE',  ( -0.0000000000000000000, 1.000000000000000000, -0.0000000000000000000 ) ) ;
#8843 = VECTOR ( 'NONE', #1935, 1000.000000000000000 ) ;
#8844 = CARTESIAN_POINT ( 'NONE',  ( -1.275257074896937400, -0.8999999999999998000, -9.324999999999995700 ) ) ;
#8845 = DIRECTION ( 'NONE',  ( -0.0000000000000000000, 1.000000000000000000, -0.0000000000000000000 ) ) ;
#8846 = CARTESIAN_POINT ( 'NONE',  ( 2.321346103522037700, 2.549999999999999800, 2.182855688459067500 ) ) ;
#8847 = VERTEX_POINT ( 'NONE', #6231 ) ;
#8848 = DIRECTION ( 'NONE',  ( -1.000000000000000000, -2.628368902995162800E-015, -2.673649675311314200E-016 ) ) ;
#8849 = ADVANCED_FACE ( 'NONE', ( #5947 ), #8334, .T. ) ;
#8850 = VECTOR ( 'NONE', #6626, 1000.000000000000000 ) ;
#8851 = DIRECTION ( 'NONE',  ( 1.000000000000000000, -2.628368902995162400E-015, -2.673649675311314200E-016 ) ) ;
#8852 = ORIENTED_EDGE ( 'NONE', *, *, #397, .T. ) ;
#8853 = CARTESIAN_POINT ( 'NONE',  ( 7.089523716046684900, 0.9537038954536442000, -9.869747072151094300 ) ) ;
#8854 = EDGE_CURVE ( 'NONE', #5177, #7192, #6283, .T. ) ;
#8855 = AXIS2_PLACEMENT_3D ( 'NONE', #7768, #3647, #4320 ) ;
#8856 = CARTESIAN_POINT ( 'NONE',  ( 4.335212641700700000, -1.149999999999999700, -4.275000000000001200 ) ) ;
#8857 = ORIENTED_EDGE ( 'NONE', *, *, #815, .T. ) ;
#8858 = DIRECTION ( 'NONE',  ( -0.9883419278128943200, 0.0000000000000000000, 0.1522505623211007900 ) ) ;
#8859 = ORIENTED_EDGE ( 'NONE', *, *, #5355, .F. ) ;
#8860 = CARTESIAN_POINT ( 'NONE',  ( 5.090000000000000700, 2.549999999999999800, 5.534999999999999300 ) ) ;
#8861 = VERTEX_POINT ( 'NONE', #4817 ) ;
#8862 = VERTEX_POINT ( 'NONE', #5533 ) ;
#8863 = ORIENTED_EDGE ( 'NONE', *, *, #8837, .T. ) ;
#8864 = PLANE ( 'NONE',  #3169 ) ;
#8865 = VECTOR ( 'NONE', #3031, 1000.000000000000000 ) ;
#8866 = EDGE_CURVE ( 'NONE', #1168, #2149, #3792, .T. ) ;
#8867 = EDGE_LOOP ( 'NONE', ( #8671, #3797, #180, #5611, #7715, #8252 ) ) ;
#8868 = DIRECTION ( 'NONE',  ( -0.9986295347545739400, 0.0000000000000000000, -0.05233595624294350200 ) ) ;
#8869 = AXIS2_PLACEMENT_3D ( 'NONE', #14, #5620, #685 ) ;
#8870 = CARTESIAN_POINT ( 'NONE',  ( 4.335212641700700000, -1.149999999999999700, -5.775000000000000400 ) ) ;
#8871 = PLANE ( 'NONE',  #6062 ) ;
#8872 = ORIENTED_EDGE ( 'NONE', *, *, #2179, .T. ) ;
#8873 = ORIENTED_EDGE ( 'NONE', *, *, #6651, .F. ) ;
#8874 = LINE ( 'NONE', #8212, #2903 ) ;
#8875 = CARTESIAN_POINT ( 'NONE',  ( -2.424084846277508600, 2.516311570751021100, 4.143227682101551700 ) ) ;
#8876 = ORIENTED_EDGE ( 'NONE', *, *, #5730, .T. ) ;
#8877 = LINE ( 'NONE', #4190, #4770 ) ;
#8878 = CARTESIAN_POINT ( 'NONE',  ( -0.6647873582993000200, 1.049999999999965400, -4.275000000000001200 ) ) ;
#8879 = DIRECTION ( 'NONE',  ( -1.000000000000000000, -2.124908078801903100E-016, 0.0000000000000000000 ) ) ;
#8880 = CARTESIAN_POINT ( 'NONE',  ( 6.722195666501184200, 0.9369483481017306700, -9.721041589402862100 ) ) ;
#8881 = EDGE_LOOP ( 'NONE', ( #2703, #8901, #175, #3927 ) ) ;
#8882 = ORIENTED_EDGE ( 'NONE', *, *, #8044, .T. ) ;
#8883 = DIRECTION ( 'NONE',  ( -0.0000000000000000000, -0.0000000000000000000, -1.000000000000000000 ) ) ;
#8884 = ORIENTED_EDGE ( 'NONE', *, *, #3047, .F. ) ;
#8885 = FACE_OUTER_BOUND ( 'NONE', #7963, .T. ) ;
#8886 = EDGE_CURVE ( 'NONE', #8406, #4634, #1067, .T. ) ;
#8887 = ORIENTED_EDGE ( 'NONE', *, *, #4360, .T. ) ;
#8888 = CARTESIAN_POINT ( 'NONE',  ( 2.361327932896679600, 2.406906743079793500, 2.945754439782032600 ) ) ;
#8889 = CARTESIAN_POINT ( 'NONE',  ( -2.392555322793331800, 2.484345597614083800, 3.541608534801085300 ) ) ;
#8890 = ORIENTED_EDGE ( 'NONE', *, *, #4240, .T. ) ;
#8891 = DIRECTION ( 'NONE',  ( -0.05233595624294380700, -1.956469775142901400E-015, -0.9986295347545739400 ) ) ;
#8892 = ADVANCED_FACE ( 'NONE', ( #7032 ), #2769, .T. ) ;
#8893 = ORIENTED_EDGE ( 'NONE', *, *, #6961, .T. ) ;
#8894 = VECTOR ( 'NONE', #5823, 999.9999999999998900 ) ;
#8895 = CARTESIAN_POINT ( 'NONE',  ( 0.0000000000000000000, 2.779999999999999800, 4.738502621547048000 ) ) ;
#8896 = DIRECTION ( 'NONE',  ( 0.0000000000000000000, 0.0000000000000000000, 1.000000000000000000 ) ) ;
#8897 = ORIENTED_EDGE ( 'NONE', *, *, #912, .T. ) ;
#8898 = DIRECTION ( 'NONE',  ( -0.0000000000000000000, 1.000000000000000000, -0.0000000000000000000 ) ) ;
#8899 = VECTOR ( 'NONE', #3198, 1000.000000000000000 ) ;
#8900 = CARTESIAN_POINT ( 'NONE',  ( -5.360059963454983000, 0.0000000000000000000, -4.275000000000001200 ) ) ;
#8901 = ORIENTED_EDGE ( 'NONE', *, *, #6188, .F. ) ;
#8902 = DIRECTION ( 'NONE',  ( -2.277634914236021900E-015, 0.8064028636642743800, -0.5913665711502956700 ) ) ;
#8903 = LINE ( 'NONE', #4890, #113 ) ;
#8904 = VERTEX_POINT ( 'NONE', #3452 ) ;
#8905 = VECTOR ( 'NONE', #2960, 1000.000000000000000 ) ;
#8906 = CARTESIAN_POINT ( 'NONE',  ( -5.360059963454983000, 0.0000000000000000000, 6.774999999999999500 ) ) ;
#8907 = EDGE_CURVE ( 'NONE', #1878, #3539, #4990, .T. ) ;
#8908 = AXIS2_PLACEMENT_3D ( 'NONE', #6685, #2526, #7372 ) ;
#8909 = VECTOR ( 'NONE', #738, 1000.000000000000000 ) ;
#8910 = CARTESIAN_POINT ( 'NONE',  ( 4.538653896477963000, 2.549999999999999400, 2.182855688459060900 ) ) ;
#8912 = DIRECTION ( 'NONE',  ( 1.000000000000000000, 0.0000000000000000000, 0.0000000000000000000 ) ) ;
#8911 = DIRECTION ( 'NONE',  ( 1.000000000000000000, 2.124908078801903600E-016, -0.0000000000000000000 ) ) ;
#8913 = ORIENTED_EDGE ( 'NONE', *, *, #3187, .F. ) ;
#8914 = DIRECTION ( 'NONE',  ( 1.000000000000000000, -0.0000000000000000000, -0.0000000000000000000 ) ) ;
#8915 = ORIENTED_EDGE ( 'NONE', *, *, #3737, .T. ) ;
#8916 = LINE ( 'NONE', #8392, #4919 ) ;
#8917 = EDGE_LOOP ( 'NONE', ( #5567, #7022, #8648, #8757 ) ) ;
#8918 = CARTESIAN_POINT ( 'NONE',  ( 6.133248313036694400, -0.5198367921258528800, 1.169152770350097900 ) ) ;
#8919 = VECTOR ( 'NONE', #5420, 1000.000000000000000 ) ;
#8920 = ORIENTED_EDGE ( 'NONE', *, *, #8098, .T. ) ;
#8921 = EDGE_LOOP ( 'NONE', ( #5208, #5056, #4067, #6799 ) ) ;
#8922 = CARTESIAN_POINT ( 'NONE',  ( -7.214600510584429700, 2.293355394562614600, -7.765845873256791000 ) ) ;
#8923 = DIRECTION ( 'NONE',  ( 0.0000000000000000000, -1.000000000000000000, 0.0000000000000000000 ) ) ;
#8924 = CIRCLE ( 'NONE', #5656, 0.1800000000000003500 ) ;
#8925 = DIRECTION ( 'NONE',  ( 0.0000000000000000000, -1.000000000000000000, 0.0000000000000000000 ) ) ;
#8926 = DIRECTION ( 'NONE',  ( -1.961413506046832800E-015, -0.8064028636642748300, 0.5913665711502950100 ) ) ;
#8927 = LINE ( 'NONE', #5254, #222 ) ;
#8928 = EDGE_CURVE ( 'NONE', #3417, #4885, #8877, .T. ) ;
#8929 = AXIS2_PLACEMENT_3D ( 'NONE', #4411, #5025, #3793 ) ;
#8930 = EDGE_CURVE ( 'NONE', #6184, #5465, #5531, .T. ) ;
#8931 = ORIENTED_EDGE ( 'NONE', *, *, #1195, .T. ) ;
#8932 = DIRECTION ( 'NONE',  ( 1.000000000000000000, 3.614007241618349300E-016, -0.0000000000000000000 ) ) ;
#8933 = ORIENTED_EDGE ( 'NONE', *, *, #2681, .F. ) ;
#8934 = DIRECTION ( 'NONE',  ( 1.000000000000000000, 0.0000000000000000000, 0.0000000000000000000 ) ) ;
#8935 = FACE_OUTER_BOUND ( 'NONE', #8917, .T. ) ;
#8936 = DIRECTION ( 'NONE',  ( 1.000000000000000000, -2.628368902995162400E-015, -2.673649675311314200E-016 ) ) ;
#8937 = ORIENTED_EDGE ( 'NONE', *, *, #7285, .F. ) ;
#8938 = LINE ( 'NONE', #2812, #7086 ) ;
#8939 = LINE ( 'NONE', #8773, #3203 ) ;
#8940 = PLANE ( 'NONE',  #1686 ) ;
#8941 = ADVANCED_FACE ( 'NONE', ( #8993 ), #3503, .F. ) ;
#8942 = DIRECTION ( 'NONE',  ( 1.000000000000000000, 0.0000000000000000000, 0.0000000000000000000 ) ) ;
#8944 = CARTESIAN_POINT ( 'NONE',  ( 7.323455802956801500, 2.249669374980085600, -8.153559297051739200 ) ) ;
#8943 = CARTESIAN_POINT ( 'NONE',  ( 6.171250739718261400, -0.5015620687413447900, 0.6458331628360933800 ) ) ;
#8945 = EDGE_CURVE ( 'NONE', #8240, #4863, #3687, .T. ) ;
#8946 = DIRECTION ( 'NONE',  ( 3.285461128743965800E-016, 1.000000000000000000, -2.062312011738056300E-017 ) ) ;
#8947 = VECTOR ( 'NONE', #1747, 1000.000000000000000 ) ;
#8948 = ORIENTED_EDGE ( 'NONE', *, *, #353, .F. ) ;
#8949 = FACE_OUTER_BOUND ( 'NONE', #6385, .T. ) ;
#8950 = DIRECTION ( 'NONE',  ( -2.628368902995162000E-015, 1.000000000000000000, 1.821407751266292700E-015 ) ) ;
#8951 = CARTESIAN_POINT ( 'NONE',  ( 2.321093214235648600, 2.879999999999999900, 2.178030273418620800 ) ) ;
#8952 = EDGE_CURVE ( 'NONE', #3539, #8435, #6383, .T. ) ;
#8953 = PLANE ( 'NONE',  #7123 ) ;
#8954 = CARTESIAN_POINT ( 'NONE',  ( -6.459581821358177900, 1.228021301603107400, -0.3146487402378814700 ) ) ;
#8955 = VECTOR ( 'NONE', #3642, 1000.000000000000000 ) ;
#8956 = VERTEX_POINT ( 'NONE', #7618 ) ;
#8957 = DIRECTION ( 'NONE',  ( 0.0000000000000000000, -1.000000000000000000, 0.0000000000000000000 ) ) ;
#8958 = FACE_OUTER_BOUND ( 'NONE', #5603, .T. ) ;
#8959 = EDGE_CURVE ( 'NONE', #4775, #532, #6277, .T. ) ;
#8960 = CARTESIAN_POINT ( 'NONE',  ( 0.2664338688640217600, 2.779999999999999800, 4.638502621547047500 ) ) ;
#8961 = EDGE_LOOP ( 'NONE', ( #7259, #7611, #8948, #3829 ) ) ;
#8962 = EDGE_CURVE ( 'NONE', #8586, #2188, #3255, .T. ) ;
#8963 = AXIS2_PLACEMENT_3D ( 'NONE', #3131, #7205, #5160 ) ;
#8964 = CARTESIAN_POINT ( 'NONE',  ( -6.589999999999998100, -0.6199999999999970000, 4.037451760663493900 ) ) ;
#8965 = CARTESIAN_POINT ( 'NONE',  ( 1.950000000000001300, -2.549999999999999800, -0.7050000000000005200 ) ) ;
#8967 = DIRECTION ( 'NONE',  ( 0.0000000000000000000, 0.0000000000000000000, -1.000000000000000000 ) ) ;
#8966 = DIRECTION ( 'NONE',  ( -1.000000000000000000, 3.011672701348624000E-016, 0.0000000000000000000 ) ) ;
#8968 = DIRECTION ( 'NONE',  ( -1.000000000000000000, -2.124908078801903100E-016, 0.0000000000000000000 ) ) ;
#8969 = VERTEX_POINT ( 'NONE', #4215 ) ;
#8970 = ORIENTED_EDGE ( 'NONE', *, *, #6306, .T. ) ;
#8971 = CARTESIAN_POINT ( 'NONE',  ( 2.200902539776424100, 1.879999999999999700, -0.1153444145280875900 ) ) ;
#8972 = EDGE_LOOP ( 'NONE', ( #6760, #2588, #6896, #2144 ) ) ;
#8973 = EDGE_CURVE ( 'NONE', #3963, #1506, #950, .T. ) ;
#8974 = AXIS2_PLACEMENT_3D ( 'NONE', #1132, #6037, #4652 ) ;
#8975 = CARTESIAN_POINT ( 'NONE',  ( 6.259999999999999800, 1.387935967731448500, -1.224994274580306000 ) ) ;
#8976 = EDGE_CURVE ( 'NONE', #7058, #7834, #1950, .T. ) ;
#8977 = DIRECTION ( 'NONE',  ( 1.000000000000000000, 2.628368902995162400E-015, -2.673649675311314200E-016 ) ) ;
#8978 = CARTESIAN_POINT ( 'NONE',  ( 6.259999999999999800, -0.6199999999999998800, 4.175000000000000700 ) ) ;
#8979 = CARTESIAN_POINT ( 'NONE',  ( -6.539999999999999100, 0.6099088255744773400, -3.830697027045894200 ) ) ;
#8980 = DIRECTION ( 'NONE',  ( 0.0000000000000000000, -1.000000000000000000, 0.0000000000000000000 ) ) ;
#8981 = VERTEX_POINT ( 'NONE', #2953 ) ;
#8982 = ORIENTED_EDGE ( 'NONE', *, *, #4512, .F. ) ;
#8983 = ORIENTED_EDGE ( 'NONE', *, *, #4434, .F. ) ;
#8984 = CYLINDRICAL_SURFACE ( 'NONE', #1129, 0.4000000000000001900 ) ;
#8985 = ADVANCED_FACE ( 'NONE', ( #1415 ), #2918, .T. ) ;
#8986 = CARTESIAN_POINT ( 'NONE',  ( -13.67140971646411500, -2.516311570750991300, 4.143227682101555200 ) ) ;
#8987 = AXIS2_PLACEMENT_3D ( 'NONE', #88, #1504, #7090 ) ;
#8988 = EDGE_CURVE ( 'NONE', #7261, #2592, #7240, .T. ) ;
#8989 = ORIENTED_EDGE ( 'NONE', *, *, #3422, .T. ) ;
#8990 = CARTESIAN_POINT ( 'NONE',  ( 0.0000000000000000000, 1.879999999999999700, -0.7050000000000005200 ) ) ;
#8991 = CARTESIAN_POINT ( 'NONE',  ( 0.3664338688640217400, 2.879999999999999900, -4.101714464797488800 ) ) ;
#8992 = EDGE_LOOP ( 'NONE', ( #7922, #1279, #5809, #3145 ) ) ;
#8993 = FACE_OUTER_BOUND ( 'NONE', #490, .T. ) ;
#8994 = CARTESIAN_POINT ( 'NONE',  ( -6.371725516837170000, 0.6328873239436619800, -7.022500000000000000 ) ) ;
#8995 = EDGE_CURVE ( 'NONE', #1026, #1991, #1727, .T. ) ;
#8996 = ORIENTED_EDGE ( 'NONE', *, *, #6029, .T. ) ;
#8997 =( BOUNDED_CURVE ( )  B_SPLINE_CURVE ( 3, ( #1243, #1938, #8291, #6175 ),
 .UNSPECIFIED., .F., .F. ) 
 B_SPLINE_CURVE_WITH_KNOTS ( ( 4, 4 ),
 ( 1.279161390903561300, 4.420754044493357100 ),
 .UNSPECIFIED. ) 
 CURVE ( )  GEOMETRIC_REPRESENTATION_ITEM ( )  RATIONAL_B_SPLINE_CURVE ( ( 1.000000000000000000, 0.3333333333333324800, 0.3333333333333324800, 1.000000000000000000 ) ) 
 REPRESENTATION_ITEM ( '' )  );
#8998 = VERTEX_POINT ( 'NONE', #5023 ) ;
#8999 = CARTESIAN_POINT ( 'NONE',  ( 0.0000000000000000000, 2.879999999999999900, -6.775000000000000400 ) ) ;
#9000 = ORIENTED_EDGE ( 'NONE', *, *, #3922, .F. ) ;
#9001 = CYLINDRICAL_SURFACE ( 'NONE', #5572, 0.1649999999999997900 ) ;
#9002 = CARTESIAN_POINT ( 'NONE',  ( -2.340843213202029400, -2.686402863664274100, 2.554882703278625200 ) ) ;
#9003 = ORIENTED_EDGE ( 'NONE', *, *, #7857, .T. ) ;
#9004 = FACE_OUTER_BOUND ( 'NONE', #8629, .T. ) ;
ENDSEC;
END-ISO-10303-21;
